ISO-10303-21;
HEADER;
/* Generated by software containing ST-Developer
 * from STEP Tools, Inc. (www.steptools.com) 
 */
/* OPTION: using custom renumber hook */

FILE_DESCRIPTION(
/* description */ ('STEP AP242 Edition 2',
'CAx-IF Rec.Pracs.---Representation and Presentation of Product Manufa
cturing Information (PMI)---4.0---2014-10-13',
'CAx-IF Rec.Pracs.---3D Tessellated Geometry---0.4---2014-09-14','2;1',
'CAx-IF Rec.Pracs.---User Defined Attributes---1.5---2016-08-15'),
/* implementation_level */ '2;1');

FILE_NAME(
/* name */ 'Part Studio 1 - Horn Tip',
/* time_stamp */ '2026-08-10T00:52:46Z',
/* author */ (''),
/* organization */ (''),
/* preprocessor_version */ 'ST-DEVELOPER v20',
/* originating_system */ 'ONSHAPE BY PTC INC, 1.219',
/* authorisation */ '  ');

FILE_SCHEMA (('AP242_MANAGED_MODEL_BASED_3D_ENGINEERING_MIM_LF { 1 0 10303 442 3 1 4 }'));
ENDSEC;

DATA;
#10=SHAPE_REPRESENTATION_RELATIONSHIP('','',#1514,#11);
#11=ADVANCED_BREP_SHAPE_REPRESENTATION('',(#1512),#3908);
#12=TOROIDAL_SURFACE('',#1563,12.70635,0.00635);
#13=TOROIDAL_SURFACE('',#1566,0.0160521825643622,0.00635);
#14=TOROIDAL_SURFACE('',#1568,0.0877413222246373,0.00635);
#15=TOROIDAL_SURFACE('',#1571,12.69365,0.00635);
#16=TOROIDAL_SURFACE('',#1592,12.70635,0.00635);
#17=TOROIDAL_SURFACE('',#1595,0.0160521825643622,0.00635);
#18=TOROIDAL_SURFACE('',#1597,0.0877413222246373,0.00635);
#19=TOROIDAL_SURFACE('',#1600,12.69365,0.00635);
#20=(
BOUNDED_SURFACE()
B_SPLINE_SURFACE(3,2,((#2814,#2815,#2816),(#2817,#2818,#2819),(#2820,#2821,
#2822),(#2823,#2824,#2825),(#2826,#2827,#2828),(#2829,#2830,#2831),(#2832,
#2833,#2834),(#2835,#2836,#2837),(#2838,#2839,#2840),(#2841,#2842,#2843),
(#2844,#2845,#2846),(#2847,#2848,#2849),(#2850,#2851,#2852),(#2853,#2854,
#2855),(#2856,#2857,#2858),(#2859,#2860,#2861)),.UNSPECIFIED.,.F.,.F.,.F.)
B_SPLINE_SURFACE_WITH_KNOTS((4,1,1,1,1,1,1,1,1,1,1,1,1,4),(3,3),(3.65105081584494E-17,
0.000424103991751738,0.000848207983503439,0.00127231197525514,0.00169641596700684,
0.00254462395051024,0.00339283193401365,0.00424103991751705,0.00508924790102045,
0.00678566386802726,0.00848207983503406,0.0101784958020409,0.0118749117690477,
0.0135713277360545),(0.,1.),.UNSPECIFIED.)
GEOMETRIC_REPRESENTATION_ITEM()
RATIONAL_B_SPLINE_SURFACE(((1.,0.428914532982586,1.),(1.,0.42891453491011,
1.),(1.,0.436467000894724,1.),(1.,0.466353875501317,1.),(1.,0.505696927721647,
1.),(1.,0.563166088360552,1.),(1.,0.633877777332343,1.),(1.,0.707892617567069,
1.),(1.,0.77038670375948,1.),(1.,0.840695848143155,1.),(1.,0.90471237352011,
1.),(1.,0.95456772208283,1.),(1.,0.983940883474561,1.),(1.,0.997850497237856,
1.),(1.,1.00000000015886,1.),(1.,1.,1.)))
REPRESENTATION_ITEM('')
SURFACE()
);
#21=(
BOUNDED_SURFACE()
B_SPLINE_SURFACE(3,2,((#2910,#2911,#2912),(#2913,#2914,#2915),(#2916,#2917,
#2918),(#2919,#2920,#2921),(#2922,#2923,#2924),(#2925,#2926,#2927),(#2928,
#2929,#2930),(#2931,#2932,#2933),(#2934,#2935,#2936)),.UNSPECIFIED.,.F.,
 .F.,.F.)
B_SPLINE_SURFACE_WITH_KNOTS((4,1,1,1,1,1,4),(3,3),(0.228714797720272,0.231545166851972,
0.232960351417822,0.234375535983672,0.235790720549522,0.237205905115372,
0.240036274247072),(0.,1.),.UNSPECIFIED.)
GEOMETRIC_REPRESENTATION_ITEM()
RATIONAL_B_SPLINE_SURFACE(((1.,0.946838625945756,1.),(1.,0.952742079174242,
1.),(1.,0.961592083469795,1.),(1.,0.969804854973752,1.),(1.,0.972348741025825,
1.),(1.,0.970299575277014,1.),(1.,0.962520828988882,1.),(1.,0.953718209397145,
1.),(1.,0.947868270322939,1.)))
REPRESENTATION_ITEM('')
SURFACE()
);
#22=(
BOUNDED_SURFACE()
B_SPLINE_SURFACE(3,2,((#2955,#2956,#2957),(#2958,#2959,#2960),(#2961,#2962,
#2963),(#2964,#2965,#2966)),.UNSPECIFIED.,.F.,.F.,.F.)
B_SPLINE_SURFACE_WITH_KNOTS((4,4),(3,3),(-9.8879238130678E-17,0.0117505970579678),
(0.,1.),.PIECEWISE_BEZIER_KNOTS.)
GEOMETRIC_REPRESENTATION_ITEM()
RATIONAL_B_SPLINE_SURFACE(((1.,0.707106781186547,1.),(1.,0.707106781186547,
1.),(1.,0.707106781186547,1.),(1.,0.707106781186547,1.)))
REPRESENTATION_ITEM('')
SURFACE()
);
#23=(
BOUNDED_SURFACE()
B_SPLINE_SURFACE(3,2,((#2973,#2974,#2975),(#2976,#2977,#2978),(#2979,#2980,
#2981),(#2982,#2983,#2984),(#2985,#2986,#2987)),.UNSPECIFIED.,.F.,.F.,.F.)
B_SPLINE_SURFACE_WITH_KNOTS((4,1,4),(3,3),(8.84708972748172E-17,0.0113482416724907,
0.0226964833449813),(0.,1.),.UNSPECIFIED.)
GEOMETRIC_REPRESENTATION_ITEM()
RATIONAL_B_SPLINE_SURFACE(((1.,0.707106781186547,1.),(1.,0.707106781186547,
1.),(1.,0.707106781186548,1.),(1.,0.707106781186547,1.),(1.,0.707106781186547,
1.)))
REPRESENTATION_ITEM('')
SURFACE()
);
#24=(
BOUNDED_SURFACE()
B_SPLINE_SURFACE(3,2,((#2995,#2996,#2997),(#2998,#2999,#3000),(#3001,#3002,
#3003),(#3004,#3005,#3006)),.UNSPECIFIED.,.F.,.F.,.F.)
B_SPLINE_SURFACE_WITH_KNOTS((4,4),(3,3),(0.0224037409531589,0.0334807823916509),
(0.,1.),.PIECEWISE_BEZIER_KNOTS.)
GEOMETRIC_REPRESENTATION_ITEM()
RATIONAL_B_SPLINE_SURFACE(((1.,0.707106781186548,1.),(1.,0.707106781186548,
1.),(1.,0.707106781186547,1.),(1.,0.707106781186547,1.)))
REPRESENTATION_ITEM('')
SURFACE()
);
#25=(
BOUNDED_SURFACE()
B_SPLINE_SURFACE(3,2,((#3017,#3018,#3019),(#3020,#3021,#3022),(#3023,#3024,
#3025),(#3026,#3027,#3028),(#3029,#3030,#3031),(#3032,#3033,#3034),(#3035,
#3036,#3037),(#3038,#3039,#3040),(#3041,#3042,#3043),(#3044,#3045,#3046),
(#3047,#3048,#3049)),.UNSPECIFIED.,.F.,.F.,.F.)
B_SPLINE_SURFACE_WITH_KNOTS((4,1,1,1,1,1,1,1,4),(3,3),(0.279078141923446,
0.280714980933287,0.282351819943128,0.283988658952968,0.285625497962809,
0.287262336972649,0.28889917598249,0.290536014992331,0.292172854002171),
(0.,1.),.UNSPECIFIED.)
GEOMETRIC_REPRESENTATION_ITEM()
RATIONAL_B_SPLINE_SURFACE(((1.,0.938393683326718,1.),(1.,0.941804944856376,
1.),(1.,0.948745611790072,1.),(1.,0.958754127815461,1.),(1.,0.967352072408492,
1.),(1.,0.972279423914618,1.),(1.,0.971171606324931,1.),(1.,0.964668043424888,
1.),(1.,0.955458501514642,1.),(1.,0.948641276278085,1.),(1.,0.945250448196555,
1.)))
REPRESENTATION_ITEM('')
SURFACE()
);
#26=(
BOUNDED_SURFACE()
B_SPLINE_SURFACE(3,2,((#3064,#3065,#3066),(#3067,#3068,#3069),(#3070,#3071,
#3072),(#3073,#3074,#3075),(#3076,#3077,#3078)),.UNSPECIFIED.,.F.,.F.,.F.)
B_SPLINE_SURFACE_WITH_KNOTS((4,1,4),(3,3),(1.75207071073658E-16,0.00560817626465682,
0.0112163525293135),(0.,1.),.UNSPECIFIED.)
GEOMETRIC_REPRESENTATION_ITEM()
RATIONAL_B_SPLINE_SURFACE(((1.,0.707106781186547,1.),(1.,0.707106781186547,
1.),(1.,0.707106781186548,1.),(1.,0.707106781186548,1.),(1.,0.707106781186548,
1.)))
REPRESENTATION_ITEM('')
SURFACE()
);
#27=(
BOUNDED_SURFACE()
B_SPLINE_SURFACE(3,2,((#3085,#3086,#3087),(#3088,#3089,#3090),(#3091,#3092,
#3093),(#3094,#3095,#3096),(#3097,#3098,#3099),(#3100,#3101,#3102),(#3103,
#3104,#3105),(#3106,#3107,#3108),(#3109,#3110,#3111),(#3112,#3113,#3114),
(#3115,#3116,#3117),(#3118,#3119,#3120),(#3121,#3122,#3123),(#3124,#3125,
#3126),(#3127,#3128,#3129),(#3130,#3131,#3132),(#3133,#3134,#3135)),
 .UNSPECIFIED.,.F.,.F.,.F.)
B_SPLINE_SURFACE_WITH_KNOTS((4,1,1,1,1,1,1,1,1,1,1,1,1,1,4),(3,3),(-1.66533453693773E-16,
0.00564873720469471,0.0112974744093896,0.014121843011737,0.0169462116140845,
0.0197705802164319,0.0211827645176056,0.0225949488187793,0.0254193174211268,
0.0282436860234742,0.0310680546258217,0.0338924232281691,0.0367167918305165,
0.039541160432864,0.0451898976375588),(0.,1.),.UNSPECIFIED.)
GEOMETRIC_REPRESENTATION_ITEM()
RATIONAL_B_SPLINE_SURFACE(((1.,0.707106781186547,1.),(1.,0.707106781186547,
1.),(1.,0.707106781186547,1.),(1.,0.707106781186549,1.),(1.,0.707106781186547,
1.),(1.,0.707106781186549,1.),(1.,0.707106781186548,1.),(1.,0.707106781186547,
1.),(1.,0.707106781186548,1.),(1.,0.707106781186546,1.),(1.,0.707106781186548,
1.),(1.,0.707106781186548,1.),(1.,0.707106781186547,1.),(1.,0.707106781186548,
1.),(1.,0.707106781186548,1.),(1.,0.707106781186547,1.),(1.,0.707106781186547,
1.)))
REPRESENTATION_ITEM('')
SURFACE()
);
#28=(
BOUNDED_SURFACE()
B_SPLINE_SURFACE(3,2,((#3165,#3166,#3167),(#3168,#3169,#3170),(#3171,#3172,
#3173),(#3174,#3175,#3176),(#3177,#3178,#3179),(#3180,#3181,#3182),(#3183,
#3184,#3185),(#3186,#3187,#3188),(#3189,#3190,#3191),(#3192,#3193,#3194),
(#3195,#3196,#3197)),.UNSPECIFIED.,.F.,.F.,.F.)
B_SPLINE_SURFACE_WITH_KNOTS((4,1,1,1,1,1,1,1,4),(3,3),(-4.16333634234434E-17,
0.0038715269312976,0.00774305386259524,0.0116145807938929,0.0154861077251905,
0.0193576346564882,0.0232291615877858,0.0271006885190835,0.0309722154503811),
(0.,1.),.UNSPECIFIED.)
GEOMETRIC_REPRESENTATION_ITEM()
RATIONAL_B_SPLINE_SURFACE(((1.,0.707106781186547,1.),(1.,0.707106781186547,
1.),(1.,0.707106781186548,1.),(1.,0.707106781186548,1.),(1.,0.707106781186548,
1.),(1.,0.707106781186548,1.),(1.,0.707106781186547,1.),(1.,0.707106781186549,
1.),(1.,0.707106781186547,1.),(1.,0.707106781186546,1.),(1.,0.707106781186546,
1.)))
REPRESENTATION_ITEM('')
SURFACE()
);
#29=(
BOUNDED_SURFACE()
B_SPLINE_SURFACE(3,2,((#3207,#3208,#3209),(#3210,#3211,#3212),(#3213,#3214,
#3215),(#3216,#3217,#3218),(#3219,#3220,#3221),(#3222,#3223,#3224),(#3225,
#3226,#3227)),.UNSPECIFIED.,.F.,.F.,.F.)
B_SPLINE_SURFACE_WITH_KNOTS((4,1,1,1,4),(3,3),(7.97972798949331E-17,0.00707351064688717,
0.0141470212937743,0.0212205319406614,0.0282940425875484),(0.,1.),
 .UNSPECIFIED.)
GEOMETRIC_REPRESENTATION_ITEM()
RATIONAL_B_SPLINE_SURFACE(((1.,0.707106781186547,1.),(1.,0.707106781186547,
1.),(1.,0.707106781186548,1.),(1.,0.707106781186547,1.),(1.,0.707106781186549,
1.),(1.,0.707106781186547,1.),(1.,0.707106781186547,1.)))
REPRESENTATION_ITEM('')
SURFACE()
);
#30=(
BOUNDED_SURFACE()
B_SPLINE_SURFACE(3,2,((#3235,#3236,#3237),(#3238,#3239,#3240),(#3241,#3242,
#3243),(#3244,#3245,#3246),(#3247,#3248,#3249),(#3250,#3251,#3252),(#3253,
#3254,#3255)),.UNSPECIFIED.,.F.,.F.,.F.)
B_SPLINE_SURFACE_WITH_KNOTS((4,1,1,1,4),(3,3),(-2.94902990916057E-17,0.00756076720701518,
0.0151215344140304,0.0226823016210456,0.0302430688280608),(0.,1.),
 .UNSPECIFIED.)
GEOMETRIC_REPRESENTATION_ITEM()
RATIONAL_B_SPLINE_SURFACE(((1.,0.707106781186548,1.),(1.,0.707106781186548,
1.),(1.,0.707106781186547,1.),(1.,0.707106781186548,1.),(1.,0.707106781186547,
1.),(1.,0.707106781186547,1.),(1.,0.707106781186547,1.)))
REPRESENTATION_ITEM('')
SURFACE()
);
#31=(
BOUNDED_SURFACE()
B_SPLINE_SURFACE(3,2,((#3263,#3264,#3265),(#3266,#3267,#3268),(#3269,#3270,
#3271),(#3272,#3273,#3274)),.UNSPECIFIED.,.F.,.F.,.F.)
B_SPLINE_SURFACE_WITH_KNOTS((4,4),(3,3),(0.0216232305672714,0.0333110977870246),
(0.,1.),.PIECEWISE_BEZIER_KNOTS.)
GEOMETRIC_REPRESENTATION_ITEM()
RATIONAL_B_SPLINE_SURFACE(((1.,0.707106781186548,1.),(1.,0.707106781186548,
1.),(1.,0.707106781186547,1.),(1.,0.707106781186547,1.)))
REPRESENTATION_ITEM('')
SURFACE()
);
#32=(
BOUNDED_SURFACE()
B_SPLINE_SURFACE(3,2,((#3281,#3282,#3283),(#3284,#3285,#3286),(#3287,#3288,
#3289),(#3290,#3291,#3292),(#3293,#3294,#3295)),.UNSPECIFIED.,.F.,.F.,.F.)
B_SPLINE_SURFACE_WITH_KNOTS((4,1,4),(3,3),(-1.37043154602168E-16,0.0127142503999505,
0.0254285007999011),(0.,1.),.UNSPECIFIED.)
GEOMETRIC_REPRESENTATION_ITEM()
RATIONAL_B_SPLINE_SURFACE(((1.,0.707106781186548,1.),(1.,0.707106781186548,
1.),(1.,0.707106781186547,1.),(1.,0.707106781186548,1.),(1.,0.707106781186548,
1.)))
REPRESENTATION_ITEM('')
SURFACE()
);
#33=(
BOUNDED_SURFACE()
B_SPLINE_SURFACE(3,2,((#3303,#3304,#3305),(#3306,#3307,#3308),(#3309,#3310,
#3311),(#3312,#3313,#3314),(#3315,#3316,#3317),(#3318,#3319,#3320)),
 .UNSPECIFIED.,.F.,.F.,.F.)
B_SPLINE_SURFACE_WITH_KNOTS((4,1,1,4),(3,3),(-7.63278329429795E-17,0.00837562611108484,
0.0125634391666273,0.0167512522221698),(0.,1.),.UNSPECIFIED.)
GEOMETRIC_REPRESENTATION_ITEM()
RATIONAL_B_SPLINE_SURFACE(((1.,0.707106781186547,1.),(1.,0.707106781186547,
1.),(1.,0.707106781186548,1.),(1.,0.707106781186547,1.),(1.,0.707106781186548,
1.),(1.,0.707106781186548,1.)))
REPRESENTATION_ITEM('')
SURFACE()
);
#34=(
BOUNDED_SURFACE()
B_SPLINE_SURFACE(3,2,((#3326,#3327,#3328),(#3329,#3330,#3331),(#3332,#3333,
#3334),(#3335,#3336,#3337)),.UNSPECIFIED.,.F.,.F.,.F.)
B_SPLINE_SURFACE_WITH_KNOTS((4,4),(3,3),(0.00540908131863684,0.0262437871368426),
(0.,1.),.PIECEWISE_BEZIER_KNOTS.)
GEOMETRIC_REPRESENTATION_ITEM()
RATIONAL_B_SPLINE_SURFACE(((1.,0.707106781186548,1.),(1.,0.707106781186548,
1.),(1.,0.707106781186548,1.),(1.,0.707106781186548,1.)))
REPRESENTATION_ITEM('')
SURFACE()
);
#35=(
BOUNDED_SURFACE()
B_SPLINE_SURFACE(3,2,((#3378,#3379,#3380),(#3381,#3382,#3383),(#3384,#3385,
#3386),(#3387,#3388,#3389),(#3390,#3391,#3392),(#3393,#3394,#3395),(#3396,
#3397,#3398),(#3399,#3400,#3401),(#3402,#3403,#3404),(#3405,#3406,#3407),
(#3408,#3409,#3410),(#3411,#3412,#3413),(#3414,#3415,#3416),(#3417,#3418,
#3419),(#3420,#3421,#3422),(#3423,#3424,#3425)),.UNSPECIFIED.,.F.,.F.,.F.)
B_SPLINE_SURFACE_WITH_KNOTS((4,1,1,1,1,1,1,1,1,1,1,1,1,4),(3,3),(1.06522863446701E-17,
0.00042410399175171,0.00084820798350341,0.00127231197525511,0.00169641596700681,
0.00254462395051021,0.00339283193401361,0.00424103991751701,0.00508924790102041,
0.00678566386802721,0.008482079835034,0.0101784958020408,0.0118749117690476,
0.0135713277360544),(0.,1.),.UNSPECIFIED.)
GEOMETRIC_REPRESENTATION_ITEM()
RATIONAL_B_SPLINE_SURFACE(((1.,0.428914532982586,1.),(1.,0.42891453491011,
1.),(1.,0.436467000894724,1.),(1.,0.466353875501317,1.),(1.,0.505696927721647,
1.),(1.,0.563166088360552,1.),(1.,0.633877777332351,1.),(1.,0.707892617567068,
1.),(1.,0.770386703759479,1.),(1.,0.840695848143154,1.),(1.,0.90471237352011,
1.),(1.,0.95456772208283,1.),(1.,0.983940883474562,1.),(1.,0.997850497237856,
1.),(1.,1.00000000015886,1.),(1.,1.,1.)))
REPRESENTATION_ITEM('')
SURFACE()
);
#36=(
BOUNDED_SURFACE()
B_SPLINE_SURFACE(3,2,((#3474,#3475,#3476),(#3477,#3478,#3479),(#3480,#3481,
#3482),(#3483,#3484,#3485),(#3486,#3487,#3488),(#3489,#3490,#3491),(#3492,
#3493,#3494),(#3495,#3496,#3497),(#3498,#3499,#3500)),.UNSPECIFIED.,.F.,
 .F.,.F.)
B_SPLINE_SURFACE_WITH_KNOTS((4,1,1,1,1,1,4),(3,3),(0.228714797720272,0.231545166851972,
0.232960351417822,0.234375535983672,0.235790720549522,0.237205905115372,
0.240036274247072),(0.,1.),.UNSPECIFIED.)
GEOMETRIC_REPRESENTATION_ITEM()
RATIONAL_B_SPLINE_SURFACE(((1.,0.946838625945755,1.),(1.,0.952742079174189,
1.),(1.,0.961592083469807,1.),(1.,0.96980485497375,1.),(1.,0.972348741025823,
1.),(1.,0.970299575277025,1.),(1.,0.962520828988824,1.),(1.,0.953718209397406,
1.),(1.,0.947868270322939,1.)))
REPRESENTATION_ITEM('')
SURFACE()
);
#37=(
BOUNDED_SURFACE()
B_SPLINE_SURFACE(3,2,((#3519,#3520,#3521),(#3522,#3523,#3524),(#3525,#3526,
#3527),(#3528,#3529,#3530)),.UNSPECIFIED.,.F.,.F.,.F.)
B_SPLINE_SURFACE_WITH_KNOTS((4,4),(3,3),(-9.8879238130678E-17,0.0117505970579678),
(0.,1.),.PIECEWISE_BEZIER_KNOTS.)
GEOMETRIC_REPRESENTATION_ITEM()
RATIONAL_B_SPLINE_SURFACE(((1.,0.707106781186547,1.),(1.,0.707106781186547,
1.),(1.,0.707106781186547,1.),(1.,0.707106781186547,1.)))
REPRESENTATION_ITEM('')
SURFACE()
);
#38=(
BOUNDED_SURFACE()
B_SPLINE_SURFACE(3,2,((#3537,#3538,#3539),(#3540,#3541,#3542),(#3543,#3544,
#3545),(#3546,#3547,#3548),(#3549,#3550,#3551)),.UNSPECIFIED.,.F.,.F.,.F.)
B_SPLINE_SURFACE_WITH_KNOTS((4,1,4),(3,3),(8.84708972748172E-17,0.0113482416724907,
0.0226964833449813),(0.,1.),.UNSPECIFIED.)
GEOMETRIC_REPRESENTATION_ITEM()
RATIONAL_B_SPLINE_SURFACE(((1.,0.707106781186548,1.),(1.,0.707106781186548,
1.),(1.,0.707106781186548,1.),(1.,0.707106781186547,1.),(1.,0.707106781186547,
1.)))
REPRESENTATION_ITEM('')
SURFACE()
);
#39=(
BOUNDED_SURFACE()
B_SPLINE_SURFACE(3,2,((#3559,#3560,#3561),(#3562,#3563,#3564),(#3565,#3566,
#3567),(#3568,#3569,#3570)),.UNSPECIFIED.,.F.,.F.,.F.)
B_SPLINE_SURFACE_WITH_KNOTS((4,4),(3,3),(0.0224037409531589,0.0334807823916509),
(0.,1.),.PIECEWISE_BEZIER_KNOTS.)
GEOMETRIC_REPRESENTATION_ITEM()
RATIONAL_B_SPLINE_SURFACE(((1.,0.707106781186548,1.),(1.,0.707106781186548,
1.),(1.,0.707106781186548,1.),(1.,0.707106781186548,1.)))
REPRESENTATION_ITEM('')
SURFACE()
);
#40=(
BOUNDED_SURFACE()
B_SPLINE_SURFACE(3,2,((#3581,#3582,#3583),(#3584,#3585,#3586),(#3587,#3588,
#3589),(#3590,#3591,#3592),(#3593,#3594,#3595),(#3596,#3597,#3598),(#3599,
#3600,#3601),(#3602,#3603,#3604),(#3605,#3606,#3607),(#3608,#3609,#3610),
(#3611,#3612,#3613)),.UNSPECIFIED.,.F.,.F.,.F.)
B_SPLINE_SURFACE_WITH_KNOTS((4,1,1,1,1,1,1,1,4),(3,3),(0.279078141923446,
0.280714980933287,0.282351819943128,0.283988658952968,0.285625497962809,
0.287262336972649,0.28889917598249,0.290536014992331,0.292172854002171),
(0.,1.),.UNSPECIFIED.)
GEOMETRIC_REPRESENTATION_ITEM()
RATIONAL_B_SPLINE_SURFACE(((1.,0.938393683326718,1.),(1.,0.941804944856376,
1.),(1.,0.948745611790072,1.),(1.,0.958754127815461,1.),(1.,0.967352072408492,
1.),(1.,0.972279423914617,1.),(1.,0.971171606324935,1.),(1.,0.964668043424873,
1.),(1.,0.955458501514697,1.),(1.,0.948641276277965,1.),(1.,0.945250448196555,
1.)))
REPRESENTATION_ITEM('')
SURFACE()
);
#41=(
BOUNDED_SURFACE()
B_SPLINE_SURFACE(3,2,((#3628,#3629,#3630),(#3631,#3632,#3633),(#3634,#3635,
#3636),(#3637,#3638,#3639),(#3640,#3641,#3642)),.UNSPECIFIED.,.F.,.F.,.F.)
B_SPLINE_SURFACE_WITH_KNOTS((4,1,4),(3,3),(1.75207071073658E-16,0.00560817626465682,
0.0112163525293135),(0.,1.),.UNSPECIFIED.)
GEOMETRIC_REPRESENTATION_ITEM()
RATIONAL_B_SPLINE_SURFACE(((1.,0.707106781186547,1.),(1.,0.707106781186547,
1.),(1.,0.707106781186548,1.),(1.,0.707106781186548,1.),(1.,0.707106781186548,
1.)))
REPRESENTATION_ITEM('')
SURFACE()
);
#42=(
BOUNDED_SURFACE()
B_SPLINE_SURFACE(3,2,((#3649,#3650,#3651),(#3652,#3653,#3654),(#3655,#3656,
#3657),(#3658,#3659,#3660),(#3661,#3662,#3663),(#3664,#3665,#3666),(#3667,
#3668,#3669),(#3670,#3671,#3672),(#3673,#3674,#3675),(#3676,#3677,#3678),
(#3679,#3680,#3681),(#3682,#3683,#3684),(#3685,#3686,#3687),(#3688,#3689,
#3690),(#3691,#3692,#3693),(#3694,#3695,#3696),(#3697,#3698,#3699)),
 .UNSPECIFIED.,.F.,.F.,.F.)
B_SPLINE_SURFACE_WITH_KNOTS((4,1,1,1,1,1,1,1,1,1,1,1,1,1,4),(3,3),(-1.66533453693773E-16,
0.00564873720469471,0.0112974744093896,0.014121843011737,0.0169462116140845,
0.0197705802164319,0.0211827645176056,0.0225949488187793,0.0254193174211268,
0.0282436860234742,0.0310680546258217,0.0338924232281691,0.0367167918305165,
0.039541160432864,0.0451898976375588),(0.,1.),.UNSPECIFIED.)
GEOMETRIC_REPRESENTATION_ITEM()
RATIONAL_B_SPLINE_SURFACE(((1.,0.707106781186548,1.),(1.,0.707106781186548,
1.),(1.,0.707106781186547,1.),(1.,0.707106781186549,1.),(1.,0.707106781186547,
1.),(1.,0.707106781186548,1.),(1.,0.707106781186548,1.),(1.,0.707106781186546,
1.),(1.,0.707106781186548,1.),(1.,0.707106781186546,1.),(1.,0.707106781186548,
1.),(1.,0.707106781186547,1.),(1.,0.707106781186547,1.),(1.,0.707106781186548,
1.),(1.,0.707106781186547,1.),(1.,0.707106781186547,1.),(1.,0.707106781186547,
1.)))
REPRESENTATION_ITEM('')
SURFACE()
);
#43=(
BOUNDED_SURFACE()
B_SPLINE_SURFACE(3,2,((#3729,#3730,#3731),(#3732,#3733,#3734),(#3735,#3736,
#3737),(#3738,#3739,#3740),(#3741,#3742,#3743),(#3744,#3745,#3746),(#3747,
#3748,#3749),(#3750,#3751,#3752),(#3753,#3754,#3755),(#3756,#3757,#3758),
(#3759,#3760,#3761)),.UNSPECIFIED.,.F.,.F.,.F.)
B_SPLINE_SURFACE_WITH_KNOTS((4,1,1,1,1,1,1,1,4),(3,3),(-4.16333634234434E-17,
0.0038715269312976,0.00774305386259524,0.0116145807938929,0.0154861077251905,
0.0193576346564882,0.0232291615877858,0.0271006885190835,0.0309722154503811),
(0.,1.),.UNSPECIFIED.)
GEOMETRIC_REPRESENTATION_ITEM()
RATIONAL_B_SPLINE_SURFACE(((1.,0.707106781186548,1.),(1.,0.707106781186548,
1.),(1.,0.707106781186548,1.),(1.,0.707106781186548,1.),(1.,0.707106781186548,
1.),(1.,0.707106781186549,1.),(1.,0.707106781186547,1.),(1.,0.707106781186549,
1.),(1.,0.707106781186546,1.),(1.,0.707106781186546,1.),(1.,0.707106781186547,
1.)))
REPRESENTATION_ITEM('')
SURFACE()
);
#44=(
BOUNDED_SURFACE()
B_SPLINE_SURFACE(3,2,((#3771,#3772,#3773),(#3774,#3775,#3776),(#3777,#3778,
#3779),(#3780,#3781,#3782),(#3783,#3784,#3785),(#3786,#3787,#3788),(#3789,
#3790,#3791)),.UNSPECIFIED.,.F.,.F.,.F.)
B_SPLINE_SURFACE_WITH_KNOTS((4,1,1,1,4),(3,3),(7.97972798949331E-17,0.00707351064688717,
0.0141470212937743,0.0212205319406614,0.0282940425875484),(0.,1.),
 .UNSPECIFIED.)
GEOMETRIC_REPRESENTATION_ITEM()
RATIONAL_B_SPLINE_SURFACE(((1.,0.707106781186548,1.),(1.,0.707106781186548,
1.),(1.,0.707106781186548,1.),(1.,0.707106781186547,1.),(1.,0.707106781186549,
1.),(1.,0.707106781186548,1.),(1.,0.707106781186548,1.)))
REPRESENTATION_ITEM('')
SURFACE()
);
#45=(
BOUNDED_SURFACE()
B_SPLINE_SURFACE(3,2,((#3799,#3800,#3801),(#3802,#3803,#3804),(#3805,#3806,
#3807),(#3808,#3809,#3810),(#3811,#3812,#3813),(#3814,#3815,#3816),(#3817,
#3818,#3819)),.UNSPECIFIED.,.F.,.F.,.F.)
B_SPLINE_SURFACE_WITH_KNOTS((4,1,1,1,4),(3,3),(-2.94902990916057E-17,0.00756076720701518,
0.0151215344140304,0.0226823016210456,0.0302430688280608),(0.,1.),
 .UNSPECIFIED.)
GEOMETRIC_REPRESENTATION_ITEM()
RATIONAL_B_SPLINE_SURFACE(((1.,0.707106781186548,1.),(1.,0.707106781186548,
1.),(1.,0.707106781186547,1.),(1.,0.707106781186548,1.),(1.,0.707106781186548,
1.),(1.,0.707106781186548,1.),(1.,0.707106781186548,1.)))
REPRESENTATION_ITEM('')
SURFACE()
);
#46=(
BOUNDED_SURFACE()
B_SPLINE_SURFACE(3,2,((#3827,#3828,#3829),(#3830,#3831,#3832),(#3833,#3834,
#3835),(#3836,#3837,#3838)),.UNSPECIFIED.,.F.,.F.,.F.)
B_SPLINE_SURFACE_WITH_KNOTS((4,4),(3,3),(0.0216232305672714,0.0333110977870246),
(0.,1.),.PIECEWISE_BEZIER_KNOTS.)
GEOMETRIC_REPRESENTATION_ITEM()
RATIONAL_B_SPLINE_SURFACE(((1.,0.707106781186548,1.),(1.,0.707106781186548,
1.),(1.,0.707106781186547,1.),(1.,0.707106781186547,1.)))
REPRESENTATION_ITEM('')
SURFACE()
);
#47=(
BOUNDED_SURFACE()
B_SPLINE_SURFACE(3,2,((#3845,#3846,#3847),(#3848,#3849,#3850),(#3851,#3852,
#3853),(#3854,#3855,#3856),(#3857,#3858,#3859)),.UNSPECIFIED.,.F.,.F.,.F.)
B_SPLINE_SURFACE_WITH_KNOTS((4,1,4),(3,3),(-1.37043154602168E-16,0.0127142503999505,
0.0254285007999011),(0.,1.),.UNSPECIFIED.)
GEOMETRIC_REPRESENTATION_ITEM()
RATIONAL_B_SPLINE_SURFACE(((1.,0.707106781186548,1.),(1.,0.707106781186548,
1.),(1.,0.707106781186547,1.),(1.,0.707106781186548,1.),(1.,0.707106781186548,
1.)))
REPRESENTATION_ITEM('')
SURFACE()
);
#48=(
BOUNDED_SURFACE()
B_SPLINE_SURFACE(3,2,((#3867,#3868,#3869),(#3870,#3871,#3872),(#3873,#3874,
#3875),(#3876,#3877,#3878),(#3879,#3880,#3881),(#3882,#3883,#3884)),
 .UNSPECIFIED.,.F.,.F.,.F.)
B_SPLINE_SURFACE_WITH_KNOTS((4,1,1,4),(3,3),(-7.63278329429795E-17,0.00837562611108484,
0.0125634391666273,0.0167512522221698),(0.,1.),.UNSPECIFIED.)
GEOMETRIC_REPRESENTATION_ITEM()
RATIONAL_B_SPLINE_SURFACE(((1.,0.707106781186547,1.),(1.,0.707106781186547,
1.),(1.,0.707106781186548,1.),(1.,0.707106781186547,1.),(1.,0.707106781186548,
1.),(1.,0.707106781186548,1.)))
REPRESENTATION_ITEM('')
SURFACE()
);
#49=(
BOUNDED_SURFACE()
B_SPLINE_SURFACE(3,2,((#3890,#3891,#3892),(#3893,#3894,#3895),(#3896,#3897,
#3898),(#3899,#3900,#3901)),.UNSPECIFIED.,.F.,.F.,.F.)
B_SPLINE_SURFACE_WITH_KNOTS((4,4),(3,3),(0.00540908131863684,0.0262437871368426),
(0.,1.),.PIECEWISE_BEZIER_KNOTS.)
GEOMETRIC_REPRESENTATION_ITEM()
RATIONAL_B_SPLINE_SURFACE(((1.,0.707106781186548,1.),(1.,0.707106781186548,
1.),(1.,0.707106781186548,1.),(1.,0.707106781186548,1.)))
REPRESENTATION_ITEM('')
SURFACE()
);
#50=VERTEX_LOOP('',#967);
#51=VERTEX_LOOP('',#974);
#52=VERTEX_LOOP('',#997);
#53=VERTEX_LOOP('',#1017);
#54=CONICAL_SURFACE('',#1525,0.0159353217149059,0.464666746760288);
#55=CONICAL_SURFACE('',#1526,0.0210271010560658,0.477894231138023);
#56=CONICAL_SURFACE('',#1539,0.,0.467171452866173);
#57=CONICAL_SURFACE('',#1540,0.,0.477875400506318);
#58=CYLINDRICAL_SURFACE('',#1522,0.00254);
#59=CYLINDRICAL_SURFACE('',#1527,12.7);
#60=CYLINDRICAL_SURFACE('',#1530,0.0224021825643622);
#61=CYLINDRICAL_SURFACE('',#1533,0.0813913222246373);
#62=CYLINDRICAL_SURFACE('',#1536,12.7);
#63=CYLINDRICAL_SURFACE('',#1542,6.73754238045717);
#64=CYLINDRICAL_SURFACE('',#1546,12.693650000033);
#65=CYLINDRICAL_SURFACE('',#1548,0.0877413222246148);
#66=CYLINDRICAL_SURFACE('',#1550,0.0160521825643609);
#67=CYLINDRICAL_SURFACE('',#1552,12.70634999997);
#68=CYLINDRICAL_SURFACE('',#1556,3.14175152889688);
#69=CYLINDRICAL_SURFACE('',#1557,0.598310631785017);
#70=CYLINDRICAL_SURFACE('',#1558,0.13860489176833);
#71=CYLINDRICAL_SURFACE('',#1585,3.14175152889688);
#72=CYLINDRICAL_SURFACE('',#1586,0.598310631785017);
#73=CYLINDRICAL_SURFACE('',#1587,0.13860489176833);
#74=B_SPLINE_SURFACE_WITH_KNOTS('',3,1,((#2010,#2011),(#2012,#2013),(#2014,
#2015),(#2016,#2017)),.SURF_OF_LINEAR_EXTRUSION.,.F.,.F.,.F.,(4,4),(2,2),
(0.391473267779235,0.41559518804757),(0.,1.),.PIECEWISE_BEZIER_KNOTS.);
#75=B_SPLINE_SURFACE_WITH_KNOTS('',3,1,((#2071,#2072),(#2073,#2074),(#2075,
#2076),(#2077,#2078),(#2079,#2080)),.SURF_OF_LINEAR_EXTRUSION.,.F.,.F.,
 .F.,(4,1,4),(2,2),(0.574577124207892,0.606391540787477,0.638205957367062),
(0.,1.),.UNSPECIFIED.);
#76=B_SPLINE_SURFACE_WITH_KNOTS('',3,1,((#2174,#2175),(#2176,#2177),(#2178,
#2179),(#2180,#2181),(#2182,#2183),(#2184,#2185),(#2186,#2187),(#2188,#2189),
(#2190,#2191),(#2192,#2193),(#2194,#2195),(#2196,#2197)),
 .SURF_OF_LINEAR_EXTRUSION.,.F.,.F.,.F.,(4,1,1,1,1,1,1,1,1,4),(2,2),(0.756178879770165,
0.781578256540686,0.806977633311207,0.832377010081728,0.857776386852249,
0.87047607523751,0.88317576362277,0.908575140393291,0.933974517163812,0.959373893934333),
(0.,1.),.UNSPECIFIED.);
#77=B_SPLINE_SURFACE_WITH_KNOTS('',3,1,((#2252,#2253),(#2254,#2255),(#2256,
#2257),(#2258,#2259),(#2260,#2261),(#2262,#2263),(#2264,#2265),(#2266,#2267)),
 .SURF_OF_LINEAR_EXTRUSION.,.F.,.F.,.F.,(4,1,1,1,1,4),(2,2),(0.828548443208632,
0.86159402405411,0.894639604899588,0.911162395322327,0.927685185745066,
0.960730766590545),(0.,1.),.UNSPECIFIED.);
#78=B_SPLINE_SURFACE_WITH_KNOTS('',3,1,((#2343,#2344),(#2345,#2346),(#2347,
#2348),(#2349,#2350),(#2351,#2352)),.SURF_OF_LINEAR_EXTRUSION.,.F.,.F.,
 .F.,(4,1,4),(2,2),(0.625027064952431,0.679644561895634,0.734262058838837),
(0.,1.),.UNSPECIFIED.);
#79=B_SPLINE_SURFACE_WITH_KNOTS('',3,1,((#2449,#2450),(#2451,#2452),(#2453,
#2454),(#2455,#2456)),.SURF_OF_LINEAR_EXTRUSION.,.F.,.F.,.F.,(4,4),(2,2),
(0.550683552591025,0.625027064952431),(0.,1.),.PIECEWISE_BEZIER_KNOTS.);
#80=B_SPLINE_SURFACE_WITH_KNOTS('',3,1,((#2470,#2471),(#2472,#2473),(#2474,
#2475),(#2476,#2477),(#2478,#2479)),.SURF_OF_LINEAR_EXTRUSION.,.F.,.F.,
 .F.,(4,1,4),(2,2),(0.427643420770808,0.455248099452817,0.482852778134826),
(0.,1.),.UNSPECIFIED.);
#81=B_SPLINE_SURFACE_WITH_KNOTS('',3,1,((#2497,#2498),(#2499,#2500),(#2501,
#2502),(#2503,#2504)),.SURF_OF_LINEAR_EXTRUSION.,.F.,.F.,.F.,(4,4),(2,2),
(0.51017540183726,0.550683552591025),(0.,1.),.PIECEWISE_BEZIER_KNOTS.);
#82=B_SPLINE_SURFACE_WITH_KNOTS('',3,1,((#2562,#2563),(#2564,#2565),(#2566,
#2567),(#2568,#2569)),.SURF_OF_LINEAR_EXTRUSION.,.F.,.F.,.F.,(4,4),(2,2),
(0.60676049938016,0.625027064952431),(0.,1.),.PIECEWISE_BEZIER_KNOTS.);
#83=B_SPLINE_SURFACE_WITH_KNOTS('',3,1,((#2579,#2580),(#2581,#2582),(#2583,
#2584),(#2585,#2586),(#2587,#2588),(#2589,#2590),(#2591,#2592),(#2593,#2594)),
 .SURF_OF_LINEAR_EXTRUSION.,.F.,.F.,.F.,(4,1,1,1,1,4),(2,2),(0.625027064952431,
0.655093245142752,0.685159425333074,0.700192515428235,0.715225605523395,
0.745291785713717),(0.,1.),.UNSPECIFIED.);
#84=B_SPLINE_SURFACE_WITH_KNOTS('',3,1,((#2615,#2616),(#2617,#2618),(#2619,
#2620),(#2621,#2622),(#2623,#2624),(#2625,#2626),(#2627,#2628),(#2629,#2630),
(#2631,#2632),(#2633,#2634),(#2635,#2636),(#2637,#2638)),
 .SURF_OF_LINEAR_EXTRUSION.,.F.,.F.,.F.,(4,1,1,1,1,1,1,1,1,4),(2,2),(0.811400151497204,
0.820733314931479,0.830066478365755,0.848732805234306,0.867399132102857,
0.886065458971407,0.904731785839958,0.923398112708509,0.94206443957706,
0.960730766445611),(0.,1.),.UNSPECIFIED.);
#85=B_SPLINE_SURFACE_WITH_KNOTS('',3,1,((#2679,#2680),(#2681,#2682),(#2683,
#2684),(#2685,#2686),(#2687,#2688),(#2689,#2690),(#2691,#2692),(#2693,#2694),
(#2695,#2696),(#2697,#2698),(#2699,#2700),(#2701,#2702),(#2703,#2704),(#2705,
#2706)),.SURF_OF_LINEAR_EXTRUSION.,.F.,.F.,.F.,(4,1,1,1,1,1,1,1,1,1,1,4),
(2,2),(0.79680498583583,0.824431570703967,0.852058155572103,0.87968474044024,
0.893498032874309,0.907311325308377,0.921124617742445,0.934937910176514,
0.948751202610582,0.962564495044651,0.990191079912787,1.01781766478092),
(0.,1.),.UNSPECIFIED.);
#86=B_SPLINE_SURFACE_WITH_KNOTS('',3,1,((#2743,#2744),(#2745,#2746),(#2747,
#2748),(#2749,#2750),(#2751,#2752),(#2753,#2754)),
 .SURF_OF_LINEAR_EXTRUSION.,.F.,.F.,.F.,(4,1,1,4),(2,2),(0.563625667874523,
0.584903261535122,0.606180855195721,0.648736042516919),(0.,1.),
 .UNSPECIFIED.);
#87=B_SPLINE_SURFACE_WITH_KNOTS('',3,1,((#2774,#2775),(#2776,#2777),(#2778,
#2779),(#2780,#2781)),.SURF_OF_LINEAR_EXTRUSION.,.F.,.F.,.F.,(4,4),(2,2),
(0.533949594388642,0.550683552591025),(0.,1.),.PIECEWISE_BEZIER_KNOTS.);
#88=B_SPLINE_SURFACE_WITH_KNOTS('',3,1,((#2802,#2803),(#2804,#2805),(#2806,
#2807),(#2808,#2809)),.SURF_OF_LINEAR_EXTRUSION.,.F.,.F.,.F.,(4,4),(2,2),
(0.737729784889436,0.756178879770165),(0.,1.),.PIECEWISE_BEZIER_KNOTS.);
#89=B_SPLINE_SURFACE_WITH_KNOTS('',3,1,((#2886,#2887),(#2888,#2889),(#2890,
#2891),(#2892,#2893)),.SURF_OF_LINEAR_EXTRUSION.,.F.,.F.,.F.,(4,4),(2,2),
(0.806924826530335,0.828548443208632),(0.,1.),.PIECEWISE_BEZIER_KNOTS.);
#90=B_SPLINE_SURFACE_WITH_KNOTS('',3,1,((#2898,#2899),(#2900,#2901),(#2902,
#2903),(#2904,#2905)),.SURF_OF_LINEAR_EXTRUSION.,.F.,.F.,.F.,(4,4),(2,2),
(0.482852778134826,0.496637656453125),(0.,1.),.PIECEWISE_BEZIER_KNOTS.);
#91=B_SPLINE_SURFACE_WITH_KNOTS('',3,1,((#3366,#3367),(#3368,#3369),(#3370,
#3371),(#3372,#3373)),.SURF_OF_LINEAR_EXTRUSION.,.F.,.F.,.F.,(4,4),(2,2),
(0.737729784889436,0.756178879770165),(0.,1.),.PIECEWISE_BEZIER_KNOTS.);
#92=B_SPLINE_SURFACE_WITH_KNOTS('',3,1,((#3450,#3451),(#3452,#3453),(#3454,
#3455),(#3456,#3457)),.SURF_OF_LINEAR_EXTRUSION.,.F.,.F.,.F.,(4,4),(2,2),
(0.806924826530335,0.828548443208632),(0.,1.),.PIECEWISE_BEZIER_KNOTS.);
#93=B_SPLINE_SURFACE_WITH_KNOTS('',3,1,((#3462,#3463),(#3464,#3465),(#3466,
#3467),(#3468,#3469)),.SURF_OF_LINEAR_EXTRUSION.,.F.,.F.,.F.,(4,4),(2,2),
(0.482852778134826,0.496637656453125),(0.,1.),.PIECEWISE_BEZIER_KNOTS.);
#94=CIRCLE('',#1517,12.70634999997);
#95=CIRCLE('',#1518,0.0160521825643609);
#96=CIRCLE('',#1519,0.0877413222246148);
#97=CIRCLE('',#1520,12.693650000033);
#98=CIRCLE('',#1521,6.73754238045717);
#99=CIRCLE('',#1523,0.00254);
#100=CIRCLE('',#1524,0.00254);
#101=CIRCLE('',#1528,12.7);
#102=CIRCLE('',#1529,12.7);
#103=CIRCLE('',#1531,0.0224021825643622);
#104=CIRCLE('',#1532,0.0224021825643622);
#105=CIRCLE('',#1534,0.0813913222246373);
#106=CIRCLE('',#1535,0.0813913222246373);
#107=CIRCLE('',#1537,12.7);
#108=CIRCLE('',#1538,12.7);
#109=CIRCLE('',#1543,6.73754238045717);
#110=CIRCLE('',#1547,12.693650000033);
#111=CIRCLE('',#1549,0.0877413222246148);
#112=CIRCLE('',#1551,0.0160521825643609);
#113=CIRCLE('',#1553,12.70634999997);
#114=CIRCLE('',#1559,0.00635);
#115=CIRCLE('',#1560,0.00635);
#116=CIRCLE('',#1561,0.00635);
#117=CIRCLE('',#1562,0.00635);
#118=CIRCLE('',#1564,12.70635);
#119=CIRCLE('',#1565,0.00635);
#120=CIRCLE('',#1567,0.0160521825643622);
#121=CIRCLE('',#1569,0.0877413222246373);
#122=CIRCLE('',#1570,0.00635);
#123=CIRCLE('',#1572,12.69365);
#124=CIRCLE('',#1573,0.00635);
#125=CIRCLE('',#1574,0.00635);
#126=CIRCLE('',#1575,0.00635);
#127=CIRCLE('',#1576,0.00635);
#128=CIRCLE('',#1577,0.00635);
#129=CIRCLE('',#1578,0.00635);
#130=CIRCLE('',#1588,0.00635);
#131=CIRCLE('',#1589,0.00635);
#132=CIRCLE('',#1590,0.00635);
#133=CIRCLE('',#1591,0.00635);
#134=CIRCLE('',#1593,0.00635);
#135=CIRCLE('',#1594,12.70635);
#136=CIRCLE('',#1596,0.0160521825643622);
#137=CIRCLE('',#1598,0.00635);
#138=CIRCLE('',#1599,0.0877413222246373);
#139=CIRCLE('',#1601,0.00635);
#140=CIRCLE('',#1602,12.69365);
#141=CIRCLE('',#1603,0.00635);
#142=CIRCLE('',#1604,0.00635);
#143=CIRCLE('',#1605,0.00635);
#144=CIRCLE('',#1606,0.00635);
#145=CIRCLE('',#1607,0.00635);
#146=B_SPLINE_CURVE_WITH_KNOTS('',3,(#1867,#1868,#1869,#1870,#1871,#1872,
#1873,#1874,#1875,#1876,#1877,#1878,#1879,#1880,#1881,#1882,#1883),
 .UNSPECIFIED.,.F.,.F.,(4,3,1,1,1,1,1,1,1,3,4),(0.391473267779235,0.403664513258181,
0.413563046367762,0.423461579477342,0.433360112586923,0.438309379141713,
0.443258645696504,0.453157178806084,0.463055711915665,0.482852778134826,
0.496071696876385),.UNSPECIFIED.);
#147=B_SPLINE_CURVE_WITH_KNOTS('',3,(#1887,#1888,#1889,#1890,#1891,#1892,
#1893,#1894,#1895,#1896,#1897,#1898,#1899,#1900,#1901),.UNSPECIFIED.,.F.,
 .F.,(4,3,1,1,1,1,1,3,4),(0.563625667874523,0.574577124207892,0.590484332497685,
0.598437936642581,0.606391540787477,0.614345144932374,0.62229874907727,
0.638205957367062,0.648736042516919),.UNSPECIFIED.);
#148=B_SPLINE_CURVE_WITH_KNOTS('',3,(#1905,#1906,#1907,#1908,#1909,#1910,
#1911,#1912,#1913,#1914,#1915,#1916,#1917,#1918,#1919,#1920,#1921,#1922,
#1923,#1924,#1925,#1926,#1927,#1928,#1929,#1930,#1931,#1932,#1933,#1934),
 .UNSPECIFIED.,.F.,.F.,(4,1,1,1,1,1,1,1,1,1,1,1,1,1,1,1,1,1,1,1,1,1,1,1,
3,4),(0.79680498583583,0.809504674221091,0.822204362606351,0.834904050991612,
0.847603739376873,0.860303427762133,0.866653271954764,0.873003116147394,
0.879352960340024,0.885702804532655,0.88887772662897,0.892052648725285,
0.898402492917915,0.904752337110545,0.911102181303176,0.917452025495806,
0.923801869688436,0.930151713881067,0.936501558073697,0.942851402266327,
0.949201246458958,0.961900934844218,0.974600623229479,0.987300311614739,
1.,1.01781766478092),.UNSPECIFIED.);
#149=B_SPLINE_CURVE_WITH_KNOTS('',3,(#1944,#1945,#1946,#1947,#1948,#1949,
#1950,#1951,#1952,#1953,#1954,#1955,#1956,#1957,#1958,#1959,#1960,#1961,
#1962,#1963,#1964,#1965),.UNSPECIFIED.,.F.,.F.,(4,3,1,1,1,1,1,1,1,1,1,1,
1,1,1,1,1,4),(0.811400151497204,0.828548443208632,0.845071233613254,0.853332628815565,
0.861594024017876,0.865724721619032,0.869855419220188,0.878116814422499,
0.88637820962481,0.894639604827121,0.902901000029432,0.911162395231743,
0.927685185636366,0.935946580838677,0.944207976040988,0.948338673642144,
0.952469371243299,0.960730766445611),.UNSPECIFIED.);
#150=B_SPLINE_CURVE_WITH_KNOTS('',3,(#1969,#1970,#1971,#1972,#1973,#1974,
#1975,#1976,#1977,#1978,#1979,#1980,#1981,#1982),.UNSPECIFIED.,.F.,.F.,
(4,1,1,1,1,1,1,1,3,4),(0.625027064952431,0.651279650810333,0.664405943739284,
0.677532236668235,0.684095383132711,0.690658529597186,0.703784822526137,
0.716911115455088,0.730037408384039,0.745291785713717),.UNSPECIFIED.);
#151=B_SPLINE_CURVE_WITH_KNOTS('',3,(#1984,#1985,#1986,#1987,#1988,#1989,
#1990),.UNSPECIFIED.,.F.,.F.,(4,3,4),(0.60676049938016,0.620917564737055,
0.625027064952431),.PIECEWISE_BEZIER_KNOTS.);
#152=B_SPLINE_CURVE_WITH_KNOTS('',3,(#1996,#1997,#1998,#1999,#2000,#2001,
#2002,#2003),.UNSPECIFIED.,.F.,.F.,(4,3,1,4),(0.494572231849711,0.501759101686248,
0.526221327138637,0.550683552591025),.UNSPECIFIED.);
#153=B_SPLINE_CURVE_WITH_KNOTS('',3,(#2020,#2021,#2022,#2023,#2024,#2025,
#2026,#2027,#2028,#2029,#2030,#2031,#2032,#2033,#2034,#2035,#2036),
 .UNSPECIFIED.,.F.,.F.,(4,3,1,1,1,1,1,1,1,3,4),(0.391473267779235,0.403664513258181,
0.413563046367762,0.423461579477342,0.433360112586923,0.438309379141713,
0.443258645696504,0.453157178806084,0.463055711915665,0.482852778134826,
0.496071696876385),.UNSPECIFIED.);
#154=B_SPLINE_CURVE_WITH_KNOTS('',3,(#2049,#2050,#2051,#2052,#2053,#2054,
#2055,#2056,#2057,#2058,#2059,#2060,#2061,#2062,#2063,#2064,#2065,#2066,
#2067,#2068),.UNSPECIFIED.,.T.,.F.,(1,1,1,1,1,1,1,1,1,1,1,1,1,1,1,1,1,1,
1,1,1,1,1,1),(-0.00895832638528586,-0.00447916319264292,-0.00223958159632147,
0.,0.00447916319264293,0.00895832638528586,0.0134374895779288,0.0179166527705717,
0.0223958159632147,0.0268749791558576,0.0313541423485005,0.0358333055411435,
0.0403124687337864,0.0447916319264293,0.0492707951190723,0.0537499583117152,
0.0582291215043581,0.062708284697001,0.067187447889644,0.0694270294859654,
0.0716666110822869,0.0761457742749298,0.0806249374675728,0.0851041006602157),
 .UNSPECIFIED.);
#155=B_SPLINE_CURVE_WITH_KNOTS('',3,(#2086,#2087,#2088,#2089,#2090),
 .UNSPECIFIED.,.F.,.F.,(4,1,4),(0.,0.0114880880015413,0.0229761760030826),
 .UNSPECIFIED.);
#156=B_SPLINE_CURVE_WITH_KNOTS('',3,(#2096,#2097,#2098,#2099,#2100),
 .UNSPECIFIED.,.F.,.F.,(4,1,4),(0.,0.0114880880015413,0.0229761760030826),
 .UNSPECIFIED.);
#157=B_SPLINE_CURVE_WITH_KNOTS('',3,(#2103,#2104,#2105,#2106,#2107,#2108),
 .UNSPECIFIED.,.F.,.F.,(4,1,1,4),(0.,0.00312902769146813,0.00625805538293627,
0.0125161107658725),.UNSPECIFIED.);
#158=B_SPLINE_CURVE_WITH_KNOTS('',3,(#2111,#2112,#2113,#2114,#2115,#2116),
 .UNSPECIFIED.,.F.,.F.,(4,1,1,4),(0.,0.00312902769146813,0.00625805538293627,
0.0125161107658725),.UNSPECIFIED.);
#159=B_SPLINE_CURVE_WITH_KNOTS('',3,(#2118,#2119,#2120,#2121,#2122,#2123),
 .UNSPECIFIED.,.F.,.F.,(4,1,1,4),(0.,0.00371173961410483,0.00556760942115724,
0.00742347922820966),.UNSPECIFIED.);
#160=B_SPLINE_CURVE_WITH_KNOTS('',3,(#2125,#2126,#2127,#2128,#2129,#2130,
#2131),.UNSPECIFIED.,.F.,.F.,(4,1,1,1,4),(0.,0.00416708383440136,0.00833416766880272,
0.0125012515032041,0.0166683353376054),.UNSPECIFIED.);
#161=B_SPLINE_CURVE_WITH_KNOTS('',3,(#2133,#2134,#2135,#2136,#2137,#2138),
 .UNSPECIFIED.,.F.,.F.,(4,1,1,4),(0.00546980105395604,0.00719439656543358,
0.00891899207691113,0.0123681830998662),.UNSPECIFIED.);
#162=B_SPLINE_CURVE_WITH_KNOTS('',3,(#2140,#2141,#2142,#2143,#2144,#2145),
 .UNSPECIFIED.,.F.,.F.,(4,1,1,4),(0.,0.00311823601189661,0.00623647202379322,
0.0124729440475864),.UNSPECIFIED.);
#163=B_SPLINE_CURVE_WITH_KNOTS('',3,(#2146,#2147,#2148,#2149,#2150,#2151),
 .UNSPECIFIED.,.F.,.F.,(4,1,1,4),(0.,0.00311823601189661,0.00623647202379322,
0.0124729440475864),.UNSPECIFIED.);
#164=B_SPLINE_CURVE_WITH_KNOTS('',3,(#2153,#2154,#2155,#2156,#2157,#2158),
 .UNSPECIFIED.,.F.,.F.,(4,1,1,4),(0.00546980105395606,0.0071943965654336,
0.00891899207691114,0.0123681830998662),.UNSPECIFIED.);
#165=B_SPLINE_CURVE_WITH_KNOTS('',3,(#2160,#2161,#2162,#2163,#2164,#2165,
#2166),.UNSPECIFIED.,.F.,.F.,(4,1,1,1,4),(0.,0.00416708383440136,0.00833416766880272,
0.0125012515032041,0.0166683353376054),.UNSPECIFIED.);
#166=B_SPLINE_CURVE_WITH_KNOTS('',3,(#2168,#2169,#2170,#2171,#2172,#2173),
 .UNSPECIFIED.,.F.,.F.,(4,1,1,4),(0.,0.00371173961410483,0.00556760942115724,
0.00742347922820966),.UNSPECIFIED.);
#167=B_SPLINE_CURVE_WITH_KNOTS('',3,(#2201,#2202,#2203,#2204,#2205,#2206,
#2207,#2208,#2209,#2210,#2211,#2212,#2213),.UNSPECIFIED.,.F.,.F.,(4,1,1,
1,1,1,1,1,1,1,4),(0.,0.00639516883308272,0.0127903376661654,0.0191855064992482,
0.0223830909157895,0.0255806753323309,0.0287782597488722,0.0319758441654136,
0.0383710129984963,0.044766181831579,0.0511613506646617),.UNSPECIFIED.);
#168=B_SPLINE_CURVE_WITH_KNOTS('',3,(#2218,#2219,#2220,#2221,#2222,#2223,
#2224,#2225,#2226,#2227,#2228,#2229,#2230),.UNSPECIFIED.,.F.,.F.,(4,1,1,
1,1,1,1,1,1,1,4),(0.,0.00639516883308272,0.0127903376661654,0.0191855064992482,
0.0223830909157895,0.0255806753323309,0.0287782597488722,0.0319758441654136,
0.0383710129984963,0.044766181831579,0.0511613506646617),.UNSPECIFIED.);
#169=B_SPLINE_CURVE_WITH_KNOTS('',3,(#2273,#2274,#2275,#2276,#2277,#2278,
#2279),.UNSPECIFIED.,.F.,.F.,(4,1,1,1,4),(0.,0.00683121967985465,0.0136624393597093,
0.020493659039564,0.0273248787194186),.UNSPECIFIED.);
#170=B_SPLINE_CURVE_WITH_KNOTS('',3,(#2280,#2281,#2282,#2283,#2284,#2285,
#2286),.UNSPECIFIED.,.F.,.F.,(4,1,1,1,4),(0.,0.00683121967985465,0.0136624393597093,
0.020493659039564,0.0273248787194186),.UNSPECIFIED.);
#171=B_SPLINE_CURVE_WITH_KNOTS('',3,(#2289,#2290,#2291,#2292,#2293,#2294),
 .UNSPECIFIED.,.F.,.F.,(4,1,1,4),(0.,0.00296640803790186,0.00593281607580371,
0.0118656321516074),.UNSPECIFIED.);
#172=B_SPLINE_CURVE_WITH_KNOTS('',3,(#2297,#2298,#2299,#2300,#2301),
 .UNSPECIFIED.,.F.,.F.,(4,1,4),(3.00053659827991E-12,0.00357767344479876,
0.00715534688659699),.UNSPECIFIED.);
#173=B_SPLINE_CURVE_WITH_KNOTS('',3,(#2303,#2304,#2305,#2306,#2307,#2308,
#2309,#2310,#2311),.UNSPECIFIED.,.F.,.F.,(4,1,1,1,1,1,4),(2.96429677516722E-17,
0.00460464545861672,0.00690696818792506,0.00920929091723341,0.0115116136465418,
0.0138139363758501,0.0184185818344668),.UNSPECIFIED.);
#174=B_SPLINE_CURVE_WITH_KNOTS('',3,(#2313,#2314,#2315,#2316,#2317,#2318,
#2319),.UNSPECIFIED.,.F.,.F.,(4,1,1,1,4),(4.38415109741722E-16,0.00326197059666844,
0.00652394119333643,0.00978591179000443,0.0130478823866724),
 .UNSPECIFIED.);
#175=B_SPLINE_CURVE_WITH_KNOTS('',3,(#2320,#2321,#2322,#2323,#2324,#2325,
#2326),.UNSPECIFIED.,.F.,.F.,(4,1,1,1,4),(4.38415109741722E-16,0.00326197059666844,
0.00652394119333643,0.00978591179000443,0.0130478823866724),
 .UNSPECIFIED.);
#176=B_SPLINE_CURVE_WITH_KNOTS('',3,(#2328,#2329,#2330,#2331,#2332,#2333,
#2334,#2335,#2336),.UNSPECIFIED.,.F.,.F.,(4,1,1,1,1,1,4),(3.02956430716042E-17,
0.00460464545861672,0.00690696818792506,0.0092092909172334,0.0115116136465417,
0.0138139363758501,0.0184185818344668),.UNSPECIFIED.);
#177=B_SPLINE_CURVE_WITH_KNOTS('',3,(#2338,#2339,#2340,#2341,#2342),
 .UNSPECIFIED.,.F.,.F.,(4,1,4),(3.00051285580474E-12,0.00357767344479875,
0.00715534688659699),.UNSPECIFIED.);
#178=B_SPLINE_CURVE_WITH_KNOTS('',3,(#2356,#2357,#2358,#2359,#2360,#2361,
#2362),.UNSPECIFIED.,.F.,.F.,(4,1,1,1,4),(0.,0.00765273638953732,0.0153054727790746,
0.022958209168612,0.0306109455581493),.UNSPECIFIED.);
#179=B_SPLINE_CURVE_WITH_KNOTS('',3,(#2367,#2368,#2369,#2370,#2371,#2372,
#2373),.UNSPECIFIED.,.F.,.F.,(4,1,1,1,4),(0.,0.00765273638953732,0.0153054727790746,
0.022958209168612,0.0306109455581493),.UNSPECIFIED.);
#180=B_SPLINE_CURVE_WITH_KNOTS('',3,(#2375,#2376,#2377,#2378,#2379,#2380),
 .UNSPECIFIED.,.F.,.F.,(4,1,1,4),(2.74874420417157E-15,0.00312894538978469,
0.00625789077956664,0.0125157815591305),.UNSPECIFIED.);
#181=B_SPLINE_CURVE_WITH_KNOTS('',3,(#2382,#2383,#2384,#2385,#2386,#2387),
 .UNSPECIFIED.,.F.,.F.,(4,1,1,4),(2.75019276157984E-15,0.0031289453897847,
0.00625789077956664,0.0125157815591305),.UNSPECIFIED.);
#182=B_SPLINE_CURVE_WITH_KNOTS('',3,(#2389,#2390,#2391,#2392,#2393,#2394,
#2395),.UNSPECIFIED.,.F.,.F.,(4,1,1,1,4),(0.0049859294027372,0.00689794526047128,
0.00880996111820537,0.0107219769759395,0.0126339928336735),
 .UNSPECIFIED.);
#183=B_SPLINE_CURVE_WITH_KNOTS('',3,(#2397,#2398,#2399,#2400,#2401,#2402,
#2403),.UNSPECIFIED.,.F.,.F.,(4,1,1,1,4),(2.17212872034782E-15,0.00369079166462106,
0.00738158332923995,0.0110723749938588,0.0147631666584777),
 .UNSPECIFIED.);
#184=B_SPLINE_CURVE_WITH_KNOTS('',3,(#2405,#2406,#2407,#2408,#2409,#2410),
 .UNSPECIFIED.,.F.,.F.,(4,1,1,4),(0.,0.00372889117331018,0.00559333675996527,
0.00745778234662036),.UNSPECIFIED.);
#185=B_SPLINE_CURVE_WITH_KNOTS('',3,(#2412,#2413,#2414,#2415,#2416,#2417),
 .UNSPECIFIED.,.F.,.F.,(4,1,1,4),(0.,0.00312717925903575,0.00625435851807151,
0.012508717036143),.UNSPECIFIED.);
#186=B_SPLINE_CURVE_WITH_KNOTS('',3,(#2419,#2420,#2421,#2422,#2423,#2424),
 .UNSPECIFIED.,.F.,.F.,(4,1,1,4),(0.,0.00312717925903575,0.00625435851807151,
0.012508717036143),.UNSPECIFIED.);
#187=B_SPLINE_CURVE_WITH_KNOTS('',3,(#2426,#2427,#2428,#2429,#2430,#2431),
 .UNSPECIFIED.,.F.,.F.,(4,1,1,4),(0.,0.00372889117331018,0.00559333675996527,
0.00745778234662036),.UNSPECIFIED.);
#188=B_SPLINE_CURVE_WITH_KNOTS('',3,(#2433,#2434,#2435,#2436,#2437,#2438,
#2439),.UNSPECIFIED.,.F.,.F.,(4,1,1,1,4),(2.17168811869421E-15,0.00369079166462106,
0.00738158332923995,0.0110723749938588,0.0147631666584777),
 .UNSPECIFIED.);
#189=B_SPLINE_CURVE_WITH_KNOTS('',3,(#2441,#2442,#2443,#2444,#2445,#2446,
#2447),.UNSPECIFIED.,.F.,.F.,(4,1,1,1,4),(0.00498592940273719,0.00689794526047127,
0.00880996111820535,0.0107219769759394,0.0126339928336735),
 .UNSPECIFIED.);
#190=B_SPLINE_CURVE_WITH_KNOTS('',3,(#2457,#2458,#2459,#2460,#2461),
 .UNSPECIFIED.,.F.,.F.,(4,1,4),(0.,0.0131144064451665,0.0262288128903331),
 .UNSPECIFIED.);
#191=B_SPLINE_CURVE_WITH_KNOTS('',3,(#2463,#2464,#2465,#2466,#2467),
 .UNSPECIFIED.,.F.,.F.,(4,1,4),(0.,0.0131144064451665,0.0262288128903331),
 .UNSPECIFIED.);
#192=B_SPLINE_CURVE_WITH_KNOTS('',3,(#2484,#2485,#2486,#2487,#2488),
 .UNSPECIFIED.,.F.,.F.,(4,1,4),(0.,0.00844936424323117,0.0168987284864623),
 .UNSPECIFIED.);
#193=B_SPLINE_CURVE_WITH_KNOTS('',3,(#2492,#2493,#2494,#2495,#2496),
 .UNSPECIFIED.,.F.,.F.,(4,1,4),(0.,0.00844936424323117,0.0168987284864623),
 .UNSPECIFIED.);
#194=B_SPLINE_CURVE_WITH_KNOTS('',3,(#2508,#2509,#2510,#2511),
 .UNSPECIFIED.,.F.,.F.,(4,4),(0.00580415451684715,0.0261709349581463),
 .UNSPECIFIED.);
#195=B_SPLINE_CURVE_WITH_KNOTS('',3,(#2512,#2513,#2514,#2515),
 .UNSPECIFIED.,.F.,.F.,(4,4),(0.00580415451684715,0.0261709349581463),
 .UNSPECIFIED.);
#196=B_SPLINE_CURVE_WITH_KNOTS('',3,(#2517,#2518,#2519,#2520,#2521,#2522),
 .UNSPECIFIED.,.F.,.F.,(4,1,1,4),(0.,0.00248106086308745,0.00496212172617491,
0.00992424345234981),.UNSPECIFIED.);
#197=B_SPLINE_CURVE_WITH_KNOTS('',3,(#2524,#2525,#2526,#2527,#2528,#2529),
 .UNSPECIFIED.,.F.,.F.,(4,1,1,4),(0.,0.00248106086308746,0.00496212172617491,
0.00992424345234982),.UNSPECIFIED.);
#198=B_SPLINE_CURVE_WITH_KNOTS('',3,(#2533,#2534,#2535,#2536,#2537,#2538),
 .UNSPECIFIED.,.F.,.F.,(4,1,1,4),(0.,0.00248026107411283,0.00496052214822566,
0.00992104429645133),.UNSPECIFIED.);
#199=B_SPLINE_CURVE_WITH_KNOTS('',3,(#2539,#2540,#2541,#2542,#2543,#2544),
 .UNSPECIFIED.,.F.,.F.,(4,1,1,4),(0.,0.00248026107411283,0.00496052214822566,
0.00992104429645131),.UNSPECIFIED.);
#200=B_SPLINE_CURVE_WITH_KNOTS('',3,(#2572,#2573,#2574,#2575,#2576,#2577,
#2578),.UNSPECIFIED.,.F.,.F.,(4,3,4),(0.60676049938016,0.620917564737055,
0.625027064952431),.PIECEWISE_BEZIER_KNOTS.);
#201=B_SPLINE_CURVE_WITH_KNOTS('',3,(#2597,#2598,#2599,#2600,#2601,#2602,
#2603,#2604,#2605,#2606,#2607,#2608,#2609,#2610),.UNSPECIFIED.,.F.,.F.,
(4,1,1,1,1,1,1,1,3,4),(0.625027064952431,0.651279650810333,0.664405943739284,
0.677532236668235,0.684095383132711,0.690658529597186,0.703784822526137,
0.716911115455088,0.730037408384039,0.745291785713717),.UNSPECIFIED.);
#202=B_SPLINE_CURVE_WITH_KNOTS('',3,(#2641,#2642,#2643,#2644,#2645,#2646,
#2647,#2648,#2649,#2650,#2651,#2652,#2653,#2654,#2655,#2656,#2657,#2658,
#2659,#2660,#2661,#2662),.UNSPECIFIED.,.F.,.F.,(4,3,1,1,1,1,1,1,1,1,1,1,
1,1,1,1,1,4),(0.811400151497204,0.828548443208632,0.845071233613254,0.853332628815565,
0.861594024017876,0.865724721619032,0.869855419220188,0.878116814422499,
0.88637820962481,0.894639604827121,0.902901000029432,0.911162395231743,
0.927685185636366,0.935946580838677,0.944207976040988,0.948338673642144,
0.952469371243299,0.960730766445611),.UNSPECIFIED.);
#203=B_SPLINE_CURVE_WITH_KNOTS('',3,(#2709,#2710,#2711,#2712,#2713,#2714,
#2715,#2716,#2717,#2718,#2719,#2720,#2721,#2722,#2723,#2724,#2725,#2726,
#2727,#2728,#2729,#2730,#2731,#2732,#2733,#2734,#2735,#2736,#2737,#2738),
 .UNSPECIFIED.,.F.,.F.,(4,1,1,1,1,1,1,1,1,1,1,1,1,1,1,1,1,1,1,1,1,1,1,1,
3,4),(0.79680498583583,0.809504674221091,0.822204362606351,0.834904050991612,
0.847603739376873,0.860303427762133,0.866653271954764,0.873003116147394,
0.879352960340024,0.885702804532655,0.88887772662897,0.892052648725285,
0.898402492917915,0.904752337110545,0.911102181303176,0.917452025495806,
0.923801869688436,0.930151713881067,0.936501558073697,0.942851402266327,
0.949201246458958,0.961900934844218,0.974600623229479,0.987300311614739,
1.,1.01781766478092),.UNSPECIFIED.);
#204=B_SPLINE_CURVE_WITH_KNOTS('',3,(#2757,#2758,#2759,#2760,#2761,#2762,
#2763,#2764,#2765,#2766,#2767,#2768,#2769,#2770,#2771),.UNSPECIFIED.,.F.,
 .F.,(4,3,1,1,1,1,1,3,4),(0.563625667874523,0.574577124207892,0.590484332497685,
0.598437936642581,0.606391540787477,0.614345144932374,0.62229874907727,
0.638205957367062,0.648736042516919),.UNSPECIFIED.);
#205=B_SPLINE_CURVE_WITH_KNOTS('',3,(#2782,#2783,#2784,#2785,#2786,#2787,
#2788,#2789),.UNSPECIFIED.,.F.,.F.,(4,3,1,4),(0.494572231849711,0.501759101686248,
0.526221327138637,0.550683552591025),.UNSPECIFIED.);
#206=B_SPLINE_CURVE_WITH_KNOTS('',3,(#2793,#2794,#2795,#2796),
 .UNSPECIFIED.,.F.,.F.,(4,4),(0.,0.0045317787452928),.UNSPECIFIED.);
#207=B_SPLINE_CURVE_WITH_KNOTS('',3,(#2798,#2799,#2800,#2801),
 .UNSPECIFIED.,.F.,.F.,(4,4),(0.0294965979717342,0.0339487027996237),
 .UNSPECIFIED.);
#208=B_SPLINE_CURVE_WITH_KNOTS('',3,(#2810,#2811,#2812,#2813),
 .UNSPECIFIED.,.F.,.F.,(4,4),(0.,0.00455237789967037),.UNSPECIFIED.);
#209=B_SPLINE_CURVE_WITH_KNOTS('',3,(#2862,#2863,#2864,#2865,#2866,#2867,
#2868,#2869,#2870),.UNSPECIFIED.,.F.,.F.,(4,1,1,1,1,1,4),(0.,0.00207489937547199,
0.00414979875094398,0.00622469812641596,0.00829959750188795,0.0124493962528319,
0.0165991950037759),.UNSPECIFIED.);
#210=B_SPLINE_CURVE_WITH_KNOTS('',3,(#2872,#2873,#2874,#2875,#2876,#2877,
#2878,#2879,#2880),.UNSPECIFIED.,.F.,.F.,(4,1,1,1,1,1,4),(0.,0.00200534954269089,
0.00401069908538179,0.00601604862807268,0.00802139817076357,0.0120320972561454,
0.0160427963415271),.UNSPECIFIED.);
#211=B_SPLINE_CURVE_WITH_KNOTS('',3,(#2882,#2883,#2884,#2885),
 .UNSPECIFIED.,.F.,.F.,(4,4),(0.,0.00438453730603146),.UNSPECIFIED.);
#212=B_SPLINE_CURVE_WITH_KNOTS('',3,(#2894,#2895,#2896,#2897),
 .UNSPECIFIED.,.F.,.F.,(4,4),(0.0210937027535438,0.0265857029224685),
 .UNSPECIFIED.);
#213=B_SPLINE_CURVE_WITH_KNOTS('',3,(#2906,#2907,#2908,#2909),
 .UNSPECIFIED.,.F.,.F.,(4,4),(0.0284698852036076,0.0329870960456839),
 .UNSPECIFIED.);
#214=B_SPLINE_CURVE_WITH_KNOTS('',3,(#2937,#2938,#2939,#2940,#2941),
 .UNSPECIFIED.,.F.,.F.,(4,1,4),(2.60208521396521E-18,0.00239458237355061,
0.00478916474710121),.UNSPECIFIED.);
#215=B_SPLINE_CURVE_WITH_KNOTS('',3,(#2943,#2944,#2945,#2946,#2947,#2948,
#2949),.UNSPECIFIED.,.F.,.F.,(4,1,1,1,4),(4.16333634234434E-16,0.00281225723077349,
0.00562451446154656,0.00843677169231963,0.0112490289230927),
 .UNSPECIFIED.);
#216=B_SPLINE_CURVE_WITH_KNOTS('',3,(#2951,#2952,#2953,#2954),
 .UNSPECIFIED.,.F.,.F.,(4,4),(5.57144902366467E-17,0.00475155763440784),
 .UNSPECIFIED.);
#217=B_SPLINE_CURVE_WITH_KNOTS('',3,(#2967,#2968,#2969,#2970),
 .UNSPECIFIED.,.F.,.F.,(4,4),(0.0216276629597305,0.0333065996732848),
 .UNSPECIFIED.);
#218=B_SPLINE_CURVE_WITH_KNOTS('',3,(#2988,#2989,#2990,#2991,#2992),
 .UNSPECIFIED.,.F.,.F.,(4,1,4),(0.,0.0113482285815004,0.0226964571630008),
 .UNSPECIFIED.);
#219=B_SPLINE_CURVE_WITH_KNOTS('',3,(#3007,#3008,#3009,#3010),
 .UNSPECIFIED.,.F.,.F.,(4,4),(0.,0.0110159397576629),.UNSPECIFIED.);
#220=B_SPLINE_CURVE_WITH_KNOTS('',3,(#3012,#3013,#3014,#3015,#3016),
 .UNSPECIFIED.,.F.,.F.,(4,1,4),(2.16840434497101E-18,0.00258639170325085,
0.00517278340650169),.UNSPECIFIED.);
#221=B_SPLINE_CURVE_WITH_KNOTS('',3,(#3050,#3051,#3052,#3053),
 .UNSPECIFIED.,.F.,.F.,(4,4),(1.0842021724855E-18,0.00486202019045258),
 .UNSPECIFIED.);
#222=B_SPLINE_CURVE_WITH_KNOTS('',3,(#3055,#3056,#3057,#3058,#3059,#3060,
#3061,#3062,#3063),.UNSPECIFIED.,.F.,.F.,(4,1,1,1,1,1,4),(0.,0.00324925676444551,
0.00487388514666826,0.00649851352889102,0.00812314191111377,0.00974777029333653,
0.012997027057782),.UNSPECIFIED.);
#223=B_SPLINE_CURVE_WITH_KNOTS('',3,(#3079,#3080,#3081,#3082),
 .UNSPECIFIED.,.F.,.F.,(4,4),(0.0223413944208725,0.0334958768202955),
 .UNSPECIFIED.);
#224=B_SPLINE_CURVE_WITH_KNOTS('',3,(#3136,#3137,#3138,#3139,#3140,#3141,
#3142,#3143,#3144,#3145,#3146,#3147,#3148),.UNSPECIFIED.,.F.,.F.,(4,1,1,
1,1,1,1,1,1,1,4),(0.,0.00567258251223526,0.0113451650244705,0.0170177475367058,
0.0198540387928234,0.022690330048941,0.0255266213050587,0.0283629125611763,
0.0340354950734116,0.0397080775856468,0.0453806600978821),.UNSPECIFIED.);
#225=B_SPLINE_CURVE_WITH_KNOTS('',3,(#3198,#3199,#3200,#3201,#3202,#3203,
#3204),.UNSPECIFIED.,.F.,.F.,(4,1,1,1,4),(6.93889390390723E-17,0.00778233985903765,
0.0155646797180752,0.0233470195771128,0.0311293594361504),.UNSPECIFIED.);
#226=B_SPLINE_CURVE_WITH_KNOTS('',3,(#3228,#3229,#3230,#3231,#3232),
 .UNSPECIFIED.,.F.,.F.,(4,1,4),(0.,0.0141216839706007,0.0282433679412013),
 .UNSPECIFIED.);
#227=B_SPLINE_CURVE_WITH_KNOTS('',3,(#3256,#3257,#3258,#3259,#3260),
 .UNSPECIFIED.,.F.,.F.,(4,1,4),(0.,0.015129086013837,0.0302581720276739),
 .UNSPECIFIED.);
#228=B_SPLINE_CURVE_WITH_KNOTS('',3,(#3277,#3278,#3279,#3280),
 .UNSPECIFIED.,.F.,.F.,(4,4),(0.,0.0116165894296484),.UNSPECIFIED.);
#229=B_SPLINE_CURVE_WITH_KNOTS('',3,(#3296,#3297,#3298,#3299,#3300),
 .UNSPECIFIED.,.F.,.F.,(4,1,4),(0.,0.0127053423840266,0.0254106847680532),
 .UNSPECIFIED.);
#230=B_SPLINE_CURVE_WITH_KNOTS('',3,(#3321,#3322,#3323,#3324,#3325),
 .UNSPECIFIED.,.F.,.F.,(4,1,4),(0.0074831381696967,0.0157350574109884,0.0239869766522801),
 .UNSPECIFIED.);
#231=B_SPLINE_CURVE_WITH_KNOTS('',3,(#3338,#3339,#3340,#3341),
 .UNSPECIFIED.,.F.,.F.,(4,4),(0.,0.0207102914228522),.UNSPECIFIED.);
#232=B_SPLINE_CURVE_WITH_KNOTS('',3,(#3357,#3358,#3359,#3360),
 .UNSPECIFIED.,.F.,.F.,(4,4),(0.,0.0045317787452928),.UNSPECIFIED.);
#233=B_SPLINE_CURVE_WITH_KNOTS('',3,(#3362,#3363,#3364,#3365),
 .UNSPECIFIED.,.F.,.F.,(4,4),(0.0294965979717342,0.0339487027996237),
 .UNSPECIFIED.);
#234=B_SPLINE_CURVE_WITH_KNOTS('',3,(#3374,#3375,#3376,#3377),
 .UNSPECIFIED.,.F.,.F.,(4,4),(0.,0.00455237789967037),.UNSPECIFIED.);
#235=B_SPLINE_CURVE_WITH_KNOTS('',3,(#3426,#3427,#3428,#3429,#3430,#3431,
#3432,#3433,#3434),.UNSPECIFIED.,.F.,.F.,(4,1,1,1,1,1,4),(0.,0.00207489937547199,
0.00414979875094398,0.00622469812641597,0.00829959750188796,0.0124493962528319,
0.0165991950037759),.UNSPECIFIED.);
#236=B_SPLINE_CURVE_WITH_KNOTS('',3,(#3436,#3437,#3438,#3439,#3440,#3441,
#3442,#3443,#3444),.UNSPECIFIED.,.F.,.F.,(4,1,1,1,1,1,4),(0.,0.00200534954269089,
0.00401069908538178,0.00601604862807267,0.00802139817076357,0.0120320972561453,
0.0160427963415271),.UNSPECIFIED.);
#237=B_SPLINE_CURVE_WITH_KNOTS('',3,(#3446,#3447,#3448,#3449),
 .UNSPECIFIED.,.F.,.F.,(4,4),(0.,0.00438453730603146),.UNSPECIFIED.);
#238=B_SPLINE_CURVE_WITH_KNOTS('',3,(#3458,#3459,#3460,#3461),
 .UNSPECIFIED.,.F.,.F.,(4,4),(0.0210937027535438,0.0265857029224685),
 .UNSPECIFIED.);
#239=B_SPLINE_CURVE_WITH_KNOTS('',3,(#3470,#3471,#3472,#3473),
 .UNSPECIFIED.,.F.,.F.,(4,4),(0.0284698852036076,0.0329870960456839),
 .UNSPECIFIED.);
#240=B_SPLINE_CURVE_WITH_KNOTS('',3,(#3501,#3502,#3503,#3504,#3505),
 .UNSPECIFIED.,.F.,.F.,(4,1,4),(0.,0.00239458237355061,0.00478916474710122),
 .UNSPECIFIED.);
#241=B_SPLINE_CURVE_WITH_KNOTS('',3,(#3507,#3508,#3509,#3510),
 .UNSPECIFIED.,.F.,.F.,(4,4),(3.73670872517614E-17,0.00475155763440783),
 .UNSPECIFIED.);
#242=B_SPLINE_CURVE_WITH_KNOTS('',3,(#3512,#3513,#3514,#3515,#3516,#3517,
#3518),.UNSPECIFIED.,.F.,.F.,(4,1,1,1,4),(4.16333634234434E-16,0.00281225723077349,
0.00562451446154656,0.00843677169231964,0.0112490289230927),
 .UNSPECIFIED.);
#243=B_SPLINE_CURVE_WITH_KNOTS('',3,(#3531,#3532,#3533,#3534),
 .UNSPECIFIED.,.F.,.F.,(4,4),(0.0216276629597305,0.0333065996732848),
 .UNSPECIFIED.);
#244=B_SPLINE_CURVE_WITH_KNOTS('',3,(#3554,#3555,#3556,#3557,#3558),
 .UNSPECIFIED.,.F.,.F.,(4,1,4),(0.,0.0113482285815004,0.0226964571630008),
 .UNSPECIFIED.);
#245=B_SPLINE_CURVE_WITH_KNOTS('',3,(#3571,#3572,#3573,#3574,#3575),
 .UNSPECIFIED.,.F.,.F.,(4,1,4),(0.,0.00258639170325084,0.00517278340650168),
 .UNSPECIFIED.);
#246=B_SPLINE_CURVE_WITH_KNOTS('',3,(#3577,#3578,#3579,#3580),
 .UNSPECIFIED.,.F.,.F.,(4,4),(0.,0.0110159397576629),.UNSPECIFIED.);
#247=B_SPLINE_CURVE_WITH_KNOTS('',3,(#3614,#3615,#3616,#3617),
 .UNSPECIFIED.,.F.,.F.,(4,4),(0.,0.00486202019045258),.UNSPECIFIED.);
#248=B_SPLINE_CURVE_WITH_KNOTS('',3,(#3619,#3620,#3621,#3622,#3623,#3624,
#3625,#3626,#3627),.UNSPECIFIED.,.F.,.F.,(4,1,1,1,1,1,4),(0.,0.00324925676444551,
0.00487388514666826,0.00649851352889102,0.00812314191111377,0.00974777029333652,
0.012997027057782),.UNSPECIFIED.);
#249=B_SPLINE_CURVE_WITH_KNOTS('',3,(#3645,#3646,#3647,#3648),
 .UNSPECIFIED.,.F.,.F.,(4,4),(0.0223413944208725,0.0334958768202955),
 .UNSPECIFIED.);
#250=B_SPLINE_CURVE_WITH_KNOTS('',3,(#3702,#3703,#3704,#3705,#3706,#3707,
#3708,#3709,#3710,#3711,#3712,#3713,#3714),.UNSPECIFIED.,.F.,.F.,(4,1,1,
1,1,1,1,1,1,1,4),(0.,0.00567258251223526,0.0113451650244705,0.0170177475367058,
0.0198540387928234,0.022690330048941,0.0255266213050587,0.0283629125611763,
0.0340354950734116,0.0397080775856468,0.0453806600978821),.UNSPECIFIED.);
#251=B_SPLINE_CURVE_WITH_KNOTS('',3,(#3764,#3765,#3766,#3767,#3768,#3769,
#3770),.UNSPECIFIED.,.F.,.F.,(4,1,1,1,4),(6.93889390390723E-17,0.00778233985903765,
0.0155646797180752,0.0233470195771128,0.0311293594361504),.UNSPECIFIED.);
#252=B_SPLINE_CURVE_WITH_KNOTS('',3,(#3794,#3795,#3796,#3797,#3798),
 .UNSPECIFIED.,.F.,.F.,(4,1,4),(0.,0.0141216839706007,0.0282433679412013),
 .UNSPECIFIED.);
#253=B_SPLINE_CURVE_WITH_KNOTS('',3,(#3822,#3823,#3824,#3825,#3826),
 .UNSPECIFIED.,.F.,.F.,(4,1,4),(0.,0.015129086013837,0.0302581720276739),
 .UNSPECIFIED.);
#254=B_SPLINE_CURVE_WITH_KNOTS('',3,(#3839,#3840,#3841,#3842),
 .UNSPECIFIED.,.F.,.F.,(4,4),(0.,0.0116165894296484),.UNSPECIFIED.);
#255=B_SPLINE_CURVE_WITH_KNOTS('',3,(#3862,#3863,#3864,#3865,#3866),
 .UNSPECIFIED.,.F.,.F.,(4,1,4),(0.,0.0127053423840266,0.0254106847680532),
 .UNSPECIFIED.);
#256=B_SPLINE_CURVE_WITH_KNOTS('',3,(#3885,#3886,#3887,#3888,#3889),
 .UNSPECIFIED.,.F.,.F.,(4,1,4),(0.0074831381696967,0.0157350574109884,0.0239869766522801),
 .UNSPECIFIED.);
#257=B_SPLINE_CURVE_WITH_KNOTS('',3,(#3902,#3903,#3904,#3905),
 .UNSPECIFIED.,.F.,.F.,(4,4),(0.,0.0207102914228522),.UNSPECIFIED.);
#258=ORIENTED_EDGE('',*,*,#712,.T.);
#259=ORIENTED_EDGE('',*,*,#713,.T.);
#260=ORIENTED_EDGE('',*,*,#714,.F.);
#261=ORIENTED_EDGE('',*,*,#715,.F.);
#262=ORIENTED_EDGE('',*,*,#716,.F.);
#263=ORIENTED_EDGE('',*,*,#717,.F.);
#264=ORIENTED_EDGE('',*,*,#718,.F.);
#265=ORIENTED_EDGE('',*,*,#719,.F.);
#266=ORIENTED_EDGE('',*,*,#720,.F.);
#267=ORIENTED_EDGE('',*,*,#721,.F.);
#268=ORIENTED_EDGE('',*,*,#722,.T.);
#269=ORIENTED_EDGE('',*,*,#723,.F.);
#270=ORIENTED_EDGE('',*,*,#724,.T.);
#271=ORIENTED_EDGE('',*,*,#725,.F.);
#272=ORIENTED_EDGE('',*,*,#726,.F.);
#273=ORIENTED_EDGE('',*,*,#727,.T.);
#274=ORIENTED_EDGE('',*,*,#728,.F.);
#275=ORIENTED_EDGE('',*,*,#729,.F.);
#276=ORIENTED_EDGE('',*,*,#730,.F.);
#277=ORIENTED_EDGE('',*,*,#731,.T.);
#278=ORIENTED_EDGE('',*,*,#732,.T.);
#279=ORIENTED_EDGE('',*,*,#733,.F.);
#280=ORIENTED_EDGE('',*,*,#734,.F.);
#281=ORIENTED_EDGE('',*,*,#735,.T.);
#282=ORIENTED_EDGE('',*,*,#714,.T.);
#283=ORIENTED_EDGE('',*,*,#736,.T.);
#284=ORIENTED_EDGE('',*,*,#737,.T.);
#285=ORIENTED_EDGE('',*,*,#738,.T.);
#286=ORIENTED_EDGE('',*,*,#739,.F.);
#287=ORIENTED_EDGE('',*,*,#740,.F.);
#288=ORIENTED_EDGE('',*,*,#741,.F.);
#289=ORIENTED_EDGE('',*,*,#742,.T.);
#290=ORIENTED_EDGE('',*,*,#743,.T.);
#291=ORIENTED_EDGE('',*,*,#744,.F.);
#292=ORIENTED_EDGE('',*,*,#745,.T.);
#293=ORIENTED_EDGE('',*,*,#746,.F.);
#294=ORIENTED_EDGE('',*,*,#747,.F.);
#295=ORIENTED_EDGE('',*,*,#748,.T.);
#296=ORIENTED_EDGE('',*,*,#749,.T.);
#297=ORIENTED_EDGE('',*,*,#750,.T.);
#298=ORIENTED_EDGE('',*,*,#751,.T.);
#299=ORIENTED_EDGE('',*,*,#752,.T.);
#300=ORIENTED_EDGE('',*,*,#753,.F.);
#301=ORIENTED_EDGE('',*,*,#754,.F.);
#302=ORIENTED_EDGE('',*,*,#755,.F.);
#303=ORIENTED_EDGE('',*,*,#756,.F.);
#304=ORIENTED_EDGE('',*,*,#757,.F.);
#305=ORIENTED_EDGE('',*,*,#758,.T.);
#306=ORIENTED_EDGE('',*,*,#759,.F.);
#307=ORIENTED_EDGE('',*,*,#760,.T.);
#308=ORIENTED_EDGE('',*,*,#761,.F.);
#309=ORIENTED_EDGE('',*,*,#762,.T.);
#310=ORIENTED_EDGE('',*,*,#763,.T.);
#311=ORIENTED_EDGE('',*,*,#757,.T.);
#312=ORIENTED_EDGE('',*,*,#764,.F.);
#313=ORIENTED_EDGE('',*,*,#738,.F.);
#314=ORIENTED_EDGE('',*,*,#765,.T.);
#315=ORIENTED_EDGE('',*,*,#762,.F.);
#316=ORIENTED_EDGE('',*,*,#766,.F.);
#317=ORIENTED_EDGE('',*,*,#767,.F.);
#318=ORIENTED_EDGE('',*,*,#768,.T.);
#319=ORIENTED_EDGE('',*,*,#736,.F.);
#320=ORIENTED_EDGE('',*,*,#769,.F.);
#321=ORIENTED_EDGE('',*,*,#770,.T.);
#322=ORIENTED_EDGE('',*,*,#771,.T.);
#323=ORIENTED_EDGE('',*,*,#767,.T.);
#324=ORIENTED_EDGE('',*,*,#772,.F.);
#325=ORIENTED_EDGE('',*,*,#773,.F.);
#326=ORIENTED_EDGE('',*,*,#774,.T.);
#327=ORIENTED_EDGE('',*,*,#775,.T.);
#328=ORIENTED_EDGE('',*,*,#770,.F.);
#329=ORIENTED_EDGE('',*,*,#776,.F.);
#330=ORIENTED_EDGE('',*,*,#777,.T.);
#331=ORIENTED_EDGE('',*,*,#778,.F.);
#332=ORIENTED_EDGE('',*,*,#779,.T.);
#333=ORIENTED_EDGE('',*,*,#780,.F.);
#334=ORIENTED_EDGE('',*,*,#781,.T.);
#335=ORIENTED_EDGE('',*,*,#782,.F.);
#336=ORIENTED_EDGE('',*,*,#783,.T.);
#337=ORIENTED_EDGE('',*,*,#784,.F.);
#338=ORIENTED_EDGE('',*,*,#785,.T.);
#339=ORIENTED_EDGE('',*,*,#786,.F.);
#340=ORIENTED_EDGE('',*,*,#777,.F.);
#341=ORIENTED_EDGE('',*,*,#787,.T.);
#342=ORIENTED_EDGE('',*,*,#788,.F.);
#343=ORIENTED_EDGE('',*,*,#789,.T.);
#344=ORIENTED_EDGE('',*,*,#790,.F.);
#345=ORIENTED_EDGE('',*,*,#791,.F.);
#346=ORIENTED_EDGE('',*,*,#792,.T.);
#347=ORIENTED_EDGE('',*,*,#793,.F.);
#348=ORIENTED_EDGE('',*,*,#794,.F.);
#349=ORIENTED_EDGE('',*,*,#795,.T.);
#350=ORIENTED_EDGE('',*,*,#796,.T.);
#351=ORIENTED_EDGE('',*,*,#797,.F.);
#352=ORIENTED_EDGE('',*,*,#798,.T.);
#353=ORIENTED_EDGE('',*,*,#740,.T.);
#354=ORIENTED_EDGE('',*,*,#799,.T.);
#355=ORIENTED_EDGE('',*,*,#784,.T.);
#356=ORIENTED_EDGE('',*,*,#800,.F.);
#357=ORIENTED_EDGE('',*,*,#801,.F.);
#358=ORIENTED_EDGE('',*,*,#802,.F.);
#359=ORIENTED_EDGE('',*,*,#803,.T.);
#360=ORIENTED_EDGE('',*,*,#804,.T.);
#361=ORIENTED_EDGE('',*,*,#805,.T.);
#362=ORIENTED_EDGE('',*,*,#806,.F.);
#363=ORIENTED_EDGE('',*,*,#807,.F.);
#364=ORIENTED_EDGE('',*,*,#808,.T.);
#365=ORIENTED_EDGE('',*,*,#801,.T.);
#366=ORIENTED_EDGE('',*,*,#809,.F.);
#367=ORIENTED_EDGE('',*,*,#810,.T.);
#368=ORIENTED_EDGE('',*,*,#807,.T.);
#369=ORIENTED_EDGE('',*,*,#811,.F.);
#370=ORIENTED_EDGE('',*,*,#812,.T.);
#371=ORIENTED_EDGE('',*,*,#813,.F.);
#372=ORIENTED_EDGE('',*,*,#805,.F.);
#373=ORIENTED_EDGE('',*,*,#814,.T.);
#374=ORIENTED_EDGE('',*,*,#815,.F.);
#375=ORIENTED_EDGE('',*,*,#732,.F.);
#376=ORIENTED_EDGE('',*,*,#816,.F.);
#377=ORIENTED_EDGE('',*,*,#817,.T.);
#378=ORIENTED_EDGE('',*,*,#818,.T.);
#379=ORIENTED_EDGE('',*,*,#819,.F.);
#380=ORIENTED_EDGE('',*,*,#820,.F.);
#381=ORIENTED_EDGE('',*,*,#821,.T.);
#382=ORIENTED_EDGE('',*,*,#728,.T.);
#383=ORIENTED_EDGE('',*,*,#822,.F.);
#384=ORIENTED_EDGE('',*,*,#823,.T.);
#385=ORIENTED_EDGE('',*,*,#819,.T.);
#386=ORIENTED_EDGE('',*,*,#727,.F.);
#387=ORIENTED_EDGE('',*,*,#824,.F.);
#388=ORIENTED_EDGE('',*,*,#825,.F.);
#389=ORIENTED_EDGE('',*,*,#822,.T.);
#390=ORIENTED_EDGE('',*,*,#726,.T.);
#391=ORIENTED_EDGE('',*,*,#826,.F.);
#392=ORIENTED_EDGE('',*,*,#827,.F.);
#393=ORIENTED_EDGE('',*,*,#824,.T.);
#394=ORIENTED_EDGE('',*,*,#725,.T.);
#395=ORIENTED_EDGE('',*,*,#828,.F.);
#396=ORIENTED_EDGE('',*,*,#829,.T.);
#397=ORIENTED_EDGE('',*,*,#826,.T.);
#398=ORIENTED_EDGE('',*,*,#724,.F.);
#399=ORIENTED_EDGE('',*,*,#830,.F.);
#400=ORIENTED_EDGE('',*,*,#831,.F.);
#401=ORIENTED_EDGE('',*,*,#828,.T.);
#402=ORIENTED_EDGE('',*,*,#723,.T.);
#403=ORIENTED_EDGE('',*,*,#832,.F.);
#404=ORIENTED_EDGE('',*,*,#833,.T.);
#405=ORIENTED_EDGE('',*,*,#830,.T.);
#406=ORIENTED_EDGE('',*,*,#722,.F.);
#407=ORIENTED_EDGE('',*,*,#834,.F.);
#408=ORIENTED_EDGE('',*,*,#835,.F.);
#409=ORIENTED_EDGE('',*,*,#832,.T.);
#410=ORIENTED_EDGE('',*,*,#721,.T.);
#411=ORIENTED_EDGE('',*,*,#836,.F.);
#412=ORIENTED_EDGE('',*,*,#837,.F.);
#413=ORIENTED_EDGE('',*,*,#834,.T.);
#414=ORIENTED_EDGE('',*,*,#720,.T.);
#415=ORIENTED_EDGE('',*,*,#838,.F.);
#416=ORIENTED_EDGE('',*,*,#839,.F.);
#417=ORIENTED_EDGE('',*,*,#836,.T.);
#418=ORIENTED_EDGE('',*,*,#719,.T.);
#419=ORIENTED_EDGE('',*,*,#840,.F.);
#420=ORIENTED_EDGE('',*,*,#841,.F.);
#421=ORIENTED_EDGE('',*,*,#838,.T.);
#422=ORIENTED_EDGE('',*,*,#718,.T.);
#423=ORIENTED_EDGE('',*,*,#842,.F.);
#424=ORIENTED_EDGE('',*,*,#843,.F.);
#425=ORIENTED_EDGE('',*,*,#840,.T.);
#426=ORIENTED_EDGE('',*,*,#717,.T.);
#427=ORIENTED_EDGE('',*,*,#844,.F.);
#428=ORIENTED_EDGE('',*,*,#845,.F.);
#429=ORIENTED_EDGE('',*,*,#842,.T.);
#430=ORIENTED_EDGE('',*,*,#716,.T.);
#431=ORIENTED_EDGE('',*,*,#735,.F.);
#432=ORIENTED_EDGE('',*,*,#846,.F.);
#433=ORIENTED_EDGE('',*,*,#844,.T.);
#434=ORIENTED_EDGE('',*,*,#715,.T.);
#435=ORIENTED_EDGE('',*,*,#821,.F.);
#436=ORIENTED_EDGE('',*,*,#847,.F.);
#437=ORIENTED_EDGE('',*,*,#848,.T.);
#438=ORIENTED_EDGE('',*,*,#729,.T.);
#439=ORIENTED_EDGE('',*,*,#849,.F.);
#440=ORIENTED_EDGE('',*,*,#745,.F.);
#441=ORIENTED_EDGE('',*,*,#789,.F.);
#442=ORIENTED_EDGE('',*,*,#753,.T.);
#443=ORIENTED_EDGE('',*,*,#741,.T.);
#444=ORIENTED_EDGE('',*,*,#850,.F.);
#445=ORIENTED_EDGE('',*,*,#747,.T.);
#446=ORIENTED_EDGE('',*,*,#851,.F.);
#447=ORIENTED_EDGE('',*,*,#760,.F.);
#448=ORIENTED_EDGE('',*,*,#852,.F.);
#449=ORIENTED_EDGE('',*,*,#853,.T.);
#450=ORIENTED_EDGE('',*,*,#739,.T.);
#451=ORIENTED_EDGE('',*,*,#854,.F.);
#452=ORIENTED_EDGE('',*,*,#787,.F.);
#453=ORIENTED_EDGE('',*,*,#783,.F.);
#454=ORIENTED_EDGE('',*,*,#773,.T.);
#455=ORIENTED_EDGE('',*,*,#855,.F.);
#456=ORIENTED_EDGE('',*,*,#781,.F.);
#457=ORIENTED_EDGE('',*,*,#802,.T.);
#458=ORIENTED_EDGE('',*,*,#856,.F.);
#459=ORIENTED_EDGE('',*,*,#795,.F.);
#460=ORIENTED_EDGE('',*,*,#857,.T.);
#461=ORIENTED_EDGE('',*,*,#858,.T.);
#462=ORIENTED_EDGE('',*,*,#859,.T.);
#463=ORIENTED_EDGE('',*,*,#797,.T.);
#464=ORIENTED_EDGE('',*,*,#860,.T.);
#465=ORIENTED_EDGE('',*,*,#861,.T.);
#466=ORIENTED_EDGE('',*,*,#849,.T.);
#467=ORIENTED_EDGE('',*,*,#798,.F.);
#468=ORIENTED_EDGE('',*,*,#859,.F.);
#469=ORIENTED_EDGE('',*,*,#861,.F.);
#470=ORIENTED_EDGE('',*,*,#862,.T.);
#471=ORIENTED_EDGE('',*,*,#863,.T.);
#472=ORIENTED_EDGE('',*,*,#746,.T.);
#473=ORIENTED_EDGE('',*,*,#754,.T.);
#474=ORIENTED_EDGE('',*,*,#850,.T.);
#475=ORIENTED_EDGE('',*,*,#863,.F.);
#476=ORIENTED_EDGE('',*,*,#864,.T.);
#477=ORIENTED_EDGE('',*,*,#865,.F.);
#478=ORIENTED_EDGE('',*,*,#866,.T.);
#479=ORIENTED_EDGE('',*,*,#755,.T.);
#480=ORIENTED_EDGE('',*,*,#865,.T.);
#481=ORIENTED_EDGE('',*,*,#867,.T.);
#482=ORIENTED_EDGE('',*,*,#756,.T.);
#483=ORIENTED_EDGE('',*,*,#866,.F.);
#484=ORIENTED_EDGE('',*,*,#868,.T.);
#485=ORIENTED_EDGE('',*,*,#869,.T.);
#486=ORIENTED_EDGE('',*,*,#851,.T.);
#487=ORIENTED_EDGE('',*,*,#869,.F.);
#488=ORIENTED_EDGE('',*,*,#870,.T.);
#489=ORIENTED_EDGE('',*,*,#871,.T.);
#490=ORIENTED_EDGE('',*,*,#761,.T.);
#491=ORIENTED_EDGE('',*,*,#871,.F.);
#492=ORIENTED_EDGE('',*,*,#872,.T.);
#493=ORIENTED_EDGE('',*,*,#873,.T.);
#494=ORIENTED_EDGE('',*,*,#764,.T.);
#495=ORIENTED_EDGE('',*,*,#873,.F.);
#496=ORIENTED_EDGE('',*,*,#874,.T.);
#497=ORIENTED_EDGE('',*,*,#852,.T.);
#498=ORIENTED_EDGE('',*,*,#766,.T.);
#499=ORIENTED_EDGE('',*,*,#853,.F.);
#500=ORIENTED_EDGE('',*,*,#875,.T.);
#501=ORIENTED_EDGE('',*,*,#876,.T.);
#502=ORIENTED_EDGE('',*,*,#769,.T.);
#503=ORIENTED_EDGE('',*,*,#876,.F.);
#504=ORIENTED_EDGE('',*,*,#877,.T.);
#505=ORIENTED_EDGE('',*,*,#878,.T.);
#506=ORIENTED_EDGE('',*,*,#772,.T.);
#507=ORIENTED_EDGE('',*,*,#878,.F.);
#508=ORIENTED_EDGE('',*,*,#879,.T.);
#509=ORIENTED_EDGE('',*,*,#880,.T.);
#510=ORIENTED_EDGE('',*,*,#776,.T.);
#511=ORIENTED_EDGE('',*,*,#782,.T.);
#512=ORIENTED_EDGE('',*,*,#855,.T.);
#513=ORIENTED_EDGE('',*,*,#880,.F.);
#514=ORIENTED_EDGE('',*,*,#881,.T.);
#515=ORIENTED_EDGE('',*,*,#882,.T.);
#516=ORIENTED_EDGE('',*,*,#854,.T.);
#517=ORIENTED_EDGE('',*,*,#882,.F.);
#518=ORIENTED_EDGE('',*,*,#883,.T.);
#519=ORIENTED_EDGE('',*,*,#884,.T.);
#520=ORIENTED_EDGE('',*,*,#788,.T.);
#521=ORIENTED_EDGE('',*,*,#856,.T.);
#522=ORIENTED_EDGE('',*,*,#885,.F.);
#523=ORIENTED_EDGE('',*,*,#886,.T.);
#524=ORIENTED_EDGE('',*,*,#857,.F.);
#525=ORIENTED_EDGE('',*,*,#796,.F.);
#526=ORIENTED_EDGE('',*,*,#884,.F.);
#527=ORIENTED_EDGE('',*,*,#887,.T.);
#528=ORIENTED_EDGE('',*,*,#888,.T.);
#529=ORIENTED_EDGE('',*,*,#800,.T.);
#530=ORIENTED_EDGE('',*,*,#806,.T.);
#531=ORIENTED_EDGE('',*,*,#813,.T.);
#532=ORIENTED_EDGE('',*,*,#889,.T.);
#533=ORIENTED_EDGE('',*,*,#885,.T.);
#534=ORIENTED_EDGE('',*,*,#890,.T.);
#535=ORIENTED_EDGE('',*,*,#811,.T.);
#536=ORIENTED_EDGE('',*,*,#809,.T.);
#537=ORIENTED_EDGE('',*,*,#888,.F.);
#538=ORIENTED_EDGE('',*,*,#812,.F.);
#539=ORIENTED_EDGE('',*,*,#890,.F.);
#540=ORIENTED_EDGE('',*,*,#887,.F.);
#541=ORIENTED_EDGE('',*,*,#883,.F.);
#542=ORIENTED_EDGE('',*,*,#881,.F.);
#543=ORIENTED_EDGE('',*,*,#879,.F.);
#544=ORIENTED_EDGE('',*,*,#877,.F.);
#545=ORIENTED_EDGE('',*,*,#875,.F.);
#546=ORIENTED_EDGE('',*,*,#874,.F.);
#547=ORIENTED_EDGE('',*,*,#872,.F.);
#548=ORIENTED_EDGE('',*,*,#870,.F.);
#549=ORIENTED_EDGE('',*,*,#868,.F.);
#550=ORIENTED_EDGE('',*,*,#867,.F.);
#551=ORIENTED_EDGE('',*,*,#864,.F.);
#552=ORIENTED_EDGE('',*,*,#862,.F.);
#553=ORIENTED_EDGE('',*,*,#860,.F.);
#554=ORIENTED_EDGE('',*,*,#858,.F.);
#555=ORIENTED_EDGE('',*,*,#886,.F.);
#556=ORIENTED_EDGE('',*,*,#889,.F.);
#557=ORIENTED_EDGE('',*,*,#731,.F.);
#558=ORIENTED_EDGE('',*,*,#891,.F.);
#559=ORIENTED_EDGE('',*,*,#892,.T.);
#560=ORIENTED_EDGE('',*,*,#816,.T.);
#561=ORIENTED_EDGE('',*,*,#730,.T.);
#562=ORIENTED_EDGE('',*,*,#848,.F.);
#563=ORIENTED_EDGE('',*,*,#893,.F.);
#564=ORIENTED_EDGE('',*,*,#891,.T.);
#565=ORIENTED_EDGE('',*,*,#713,.F.);
#566=ORIENTED_EDGE('',*,*,#894,.F.);
#567=ORIENTED_EDGE('',*,*,#895,.T.);
#568=ORIENTED_EDGE('',*,*,#733,.T.);
#569=ORIENTED_EDGE('',*,*,#712,.F.);
#570=ORIENTED_EDGE('',*,*,#818,.F.);
#571=ORIENTED_EDGE('',*,*,#896,.T.);
#572=ORIENTED_EDGE('',*,*,#894,.T.);
#573=ORIENTED_EDGE('',*,*,#896,.F.);
#574=ORIENTED_EDGE('',*,*,#817,.F.);
#575=ORIENTED_EDGE('',*,*,#892,.F.);
#576=ORIENTED_EDGE('',*,*,#893,.T.);
#577=ORIENTED_EDGE('',*,*,#847,.T.);
#578=ORIENTED_EDGE('',*,*,#820,.T.);
#579=ORIENTED_EDGE('',*,*,#823,.F.);
#580=ORIENTED_EDGE('',*,*,#825,.T.);
#581=ORIENTED_EDGE('',*,*,#827,.T.);
#582=ORIENTED_EDGE('',*,*,#829,.F.);
#583=ORIENTED_EDGE('',*,*,#831,.T.);
#584=ORIENTED_EDGE('',*,*,#833,.F.);
#585=ORIENTED_EDGE('',*,*,#835,.T.);
#586=ORIENTED_EDGE('',*,*,#837,.T.);
#587=ORIENTED_EDGE('',*,*,#839,.T.);
#588=ORIENTED_EDGE('',*,*,#841,.T.);
#589=ORIENTED_EDGE('',*,*,#843,.T.);
#590=ORIENTED_EDGE('',*,*,#845,.T.);
#591=ORIENTED_EDGE('',*,*,#846,.T.);
#592=ORIENTED_EDGE('',*,*,#734,.T.);
#593=ORIENTED_EDGE('',*,*,#895,.F.);
#594=ORIENTED_EDGE('',*,*,#897,.T.);
#595=ORIENTED_EDGE('',*,*,#790,.T.);
#596=ORIENTED_EDGE('',*,*,#744,.T.);
#597=ORIENTED_EDGE('',*,*,#752,.F.);
#598=ORIENTED_EDGE('',*,*,#898,.T.);
#599=ORIENTED_EDGE('',*,*,#742,.F.);
#600=ORIENTED_EDGE('',*,*,#748,.F.);
#601=ORIENTED_EDGE('',*,*,#759,.T.);
#602=ORIENTED_EDGE('',*,*,#899,.T.);
#603=ORIENTED_EDGE('',*,*,#900,.T.);
#604=ORIENTED_EDGE('',*,*,#737,.F.);
#605=ORIENTED_EDGE('',*,*,#901,.F.);
#606=ORIENTED_EDGE('',*,*,#902,.T.);
#607=ORIENTED_EDGE('',*,*,#778,.T.);
#608=ORIENTED_EDGE('',*,*,#786,.T.);
#609=ORIENTED_EDGE('',*,*,#774,.F.);
#610=ORIENTED_EDGE('',*,*,#780,.T.);
#611=ORIENTED_EDGE('',*,*,#903,.T.);
#612=ORIENTED_EDGE('',*,*,#803,.F.);
#613=ORIENTED_EDGE('',*,*,#794,.T.);
#614=ORIENTED_EDGE('',*,*,#904,.T.);
#615=ORIENTED_EDGE('',*,*,#905,.F.);
#616=ORIENTED_EDGE('',*,*,#792,.F.);
#617=ORIENTED_EDGE('',*,*,#906,.F.);
#618=ORIENTED_EDGE('',*,*,#907,.F.);
#619=ORIENTED_EDGE('',*,*,#908,.F.);
#620=ORIENTED_EDGE('',*,*,#906,.T.);
#621=ORIENTED_EDGE('',*,*,#791,.T.);
#622=ORIENTED_EDGE('',*,*,#897,.F.);
#623=ORIENTED_EDGE('',*,*,#909,.F.);
#624=ORIENTED_EDGE('',*,*,#909,.T.);
#625=ORIENTED_EDGE('',*,*,#743,.F.);
#626=ORIENTED_EDGE('',*,*,#910,.F.);
#627=ORIENTED_EDGE('',*,*,#911,.F.);
#628=ORIENTED_EDGE('',*,*,#751,.F.);
#629=ORIENTED_EDGE('',*,*,#912,.T.);
#630=ORIENTED_EDGE('',*,*,#913,.F.);
#631=ORIENTED_EDGE('',*,*,#910,.T.);
#632=ORIENTED_EDGE('',*,*,#898,.F.);
#633=ORIENTED_EDGE('',*,*,#914,.F.);
#634=ORIENTED_EDGE('',*,*,#915,.F.);
#635=ORIENTED_EDGE('',*,*,#912,.F.);
#636=ORIENTED_EDGE('',*,*,#750,.F.);
#637=ORIENTED_EDGE('',*,*,#749,.F.);
#638=ORIENTED_EDGE('',*,*,#899,.F.);
#639=ORIENTED_EDGE('',*,*,#916,.F.);
#640=ORIENTED_EDGE('',*,*,#917,.F.);
#641=ORIENTED_EDGE('',*,*,#914,.T.);
#642=ORIENTED_EDGE('',*,*,#916,.T.);
#643=ORIENTED_EDGE('',*,*,#758,.F.);
#644=ORIENTED_EDGE('',*,*,#918,.F.);
#645=ORIENTED_EDGE('',*,*,#919,.F.);
#646=ORIENTED_EDGE('',*,*,#918,.T.);
#647=ORIENTED_EDGE('',*,*,#763,.F.);
#648=ORIENTED_EDGE('',*,*,#920,.F.);
#649=ORIENTED_EDGE('',*,*,#921,.F.);
#650=ORIENTED_EDGE('',*,*,#920,.T.);
#651=ORIENTED_EDGE('',*,*,#765,.F.);
#652=ORIENTED_EDGE('',*,*,#900,.F.);
#653=ORIENTED_EDGE('',*,*,#922,.F.);
#654=ORIENTED_EDGE('',*,*,#901,.T.);
#655=ORIENTED_EDGE('',*,*,#768,.F.);
#656=ORIENTED_EDGE('',*,*,#923,.F.);
#657=ORIENTED_EDGE('',*,*,#924,.F.);
#658=ORIENTED_EDGE('',*,*,#923,.T.);
#659=ORIENTED_EDGE('',*,*,#771,.F.);
#660=ORIENTED_EDGE('',*,*,#925,.F.);
#661=ORIENTED_EDGE('',*,*,#926,.F.);
#662=ORIENTED_EDGE('',*,*,#925,.T.);
#663=ORIENTED_EDGE('',*,*,#775,.F.);
#664=ORIENTED_EDGE('',*,*,#927,.F.);
#665=ORIENTED_EDGE('',*,*,#928,.F.);
#666=ORIENTED_EDGE('',*,*,#779,.F.);
#667=ORIENTED_EDGE('',*,*,#902,.F.);
#668=ORIENTED_EDGE('',*,*,#929,.F.);
#669=ORIENTED_EDGE('',*,*,#930,.F.);
#670=ORIENTED_EDGE('',*,*,#927,.T.);
#671=ORIENTED_EDGE('',*,*,#903,.F.);
#672=ORIENTED_EDGE('',*,*,#929,.T.);
#673=ORIENTED_EDGE('',*,*,#785,.F.);
#674=ORIENTED_EDGE('',*,*,#931,.F.);
#675=ORIENTED_EDGE('',*,*,#932,.F.);
#676=ORIENTED_EDGE('',*,*,#904,.F.);
#677=ORIENTED_EDGE('',*,*,#793,.T.);
#678=ORIENTED_EDGE('',*,*,#905,.T.);
#679=ORIENTED_EDGE('',*,*,#933,.F.);
#680=ORIENTED_EDGE('',*,*,#934,.T.);
#681=ORIENTED_EDGE('',*,*,#931,.T.);
#682=ORIENTED_EDGE('',*,*,#799,.F.);
#683=ORIENTED_EDGE('',*,*,#935,.F.);
#684=ORIENTED_EDGE('',*,*,#936,.F.);
#685=ORIENTED_EDGE('',*,*,#804,.F.);
#686=ORIENTED_EDGE('',*,*,#934,.F.);
#687=ORIENTED_EDGE('',*,*,#937,.F.);
#688=ORIENTED_EDGE('',*,*,#814,.F.);
#689=ORIENTED_EDGE('',*,*,#938,.F.);
#690=ORIENTED_EDGE('',*,*,#935,.T.);
#691=ORIENTED_EDGE('',*,*,#808,.F.);
#692=ORIENTED_EDGE('',*,*,#810,.F.);
#693=ORIENTED_EDGE('',*,*,#815,.T.);
#694=ORIENTED_EDGE('',*,*,#937,.T.);
#695=ORIENTED_EDGE('',*,*,#933,.T.);
#696=ORIENTED_EDGE('',*,*,#907,.T.);
#697=ORIENTED_EDGE('',*,*,#908,.T.);
#698=ORIENTED_EDGE('',*,*,#911,.T.);
#699=ORIENTED_EDGE('',*,*,#913,.T.);
#700=ORIENTED_EDGE('',*,*,#915,.T.);
#701=ORIENTED_EDGE('',*,*,#917,.T.);
#702=ORIENTED_EDGE('',*,*,#919,.T.);
#703=ORIENTED_EDGE('',*,*,#921,.T.);
#704=ORIENTED_EDGE('',*,*,#922,.T.);
#705=ORIENTED_EDGE('',*,*,#924,.T.);
#706=ORIENTED_EDGE('',*,*,#926,.T.);
#707=ORIENTED_EDGE('',*,*,#928,.T.);
#708=ORIENTED_EDGE('',*,*,#930,.T.);
#709=ORIENTED_EDGE('',*,*,#932,.T.);
#710=ORIENTED_EDGE('',*,*,#936,.T.);
#711=ORIENTED_EDGE('',*,*,#938,.T.);
#712=EDGE_CURVE('',#939,#940,#1083,.T.);
#713=EDGE_CURVE('',#940,#941,#1084,.T.);
#714=EDGE_CURVE('',#942,#941,#146,.T.);
#715=EDGE_CURVE('',#943,#942,#1085,.T.);
#716=EDGE_CURVE('',#944,#943,#147,.T.);
#717=EDGE_CURVE('',#945,#944,#1086,.T.);
#718=EDGE_CURVE('',#946,#945,#148,.T.);
#719=EDGE_CURVE('',#947,#946,#94,.T.);
#720=EDGE_CURVE('',#948,#947,#95,.T.);
#721=EDGE_CURVE('',#949,#948,#96,.T.);
#722=EDGE_CURVE('',#949,#950,#97,.T.);
#723=EDGE_CURVE('',#951,#950,#149,.T.);
#724=EDGE_CURVE('',#951,#952,#1087,.T.);
#725=EDGE_CURVE('',#953,#952,#150,.T.);
#726=EDGE_CURVE('',#954,#953,#151,.T.);
#727=EDGE_CURVE('',#954,#955,#1088,.T.);
#728=EDGE_CURVE('',#956,#955,#98,.F.);
#729=EDGE_CURVE('',#957,#956,#152,.T.);
#730=EDGE_CURVE('',#958,#957,#1089,.T.);
#731=EDGE_CURVE('',#958,#959,#1090,.T.);
#732=EDGE_CURVE('',#959,#939,#1091,.T.);
#733=EDGE_CURVE('',#960,#941,#1092,.T.);
#734=EDGE_CURVE('',#961,#960,#153,.T.);
#735=EDGE_CURVE('',#961,#942,#1093,.T.);
#736=EDGE_CURVE('',#962,#963,#1094,.F.);
#737=EDGE_CURVE('',#963,#964,#99,.T.);
#738=EDGE_CURVE('',#964,#965,#1095,.T.);
#739=EDGE_CURVE('',#962,#965,#100,.T.);
#740=EDGE_CURVE('',#966,#966,#154,.T.);
#741=EDGE_CURVE('',#968,#969,#1096,.T.);
#742=EDGE_CURVE('',#968,#970,#1097,.T.);
#743=EDGE_CURVE('',#970,#971,#155,.T.);
#744=EDGE_CURVE('',#972,#971,#1098,.T.);
#745=EDGE_CURVE('',#972,#973,#1099,.T.);
#746=EDGE_CURVE('',#969,#973,#156,.T.);
#747=EDGE_CURVE('',#975,#976,#157,.T.);
#748=EDGE_CURVE('',#975,#977,#158,.T.);
#749=EDGE_CURVE('',#977,#978,#159,.T.);
#750=EDGE_CURVE('',#978,#979,#160,.T.);
#751=EDGE_CURVE('',#979,#980,#161,.T.);
#752=EDGE_CURVE('',#980,#968,#162,.T.);
#753=EDGE_CURVE('',#981,#968,#163,.T.);
#754=EDGE_CURVE('',#982,#981,#164,.T.);
#755=EDGE_CURVE('',#983,#982,#165,.T.);
#756=EDGE_CURVE('',#976,#983,#166,.T.);
#757=EDGE_CURVE('',#984,#985,#1100,.T.);
#758=EDGE_CURVE('',#984,#986,#167,.T.);
#759=EDGE_CURVE('',#975,#986,#1101,.T.);
#760=EDGE_CURVE('',#975,#987,#1102,.T.);
#761=EDGE_CURVE('',#985,#987,#168,.T.);
#762=EDGE_CURVE('',#988,#989,#1103,.F.);
#763=EDGE_CURVE('',#989,#984,#101,.F.);
#764=EDGE_CURVE('',#988,#985,#102,.F.);
#765=EDGE_CURVE('',#964,#989,#103,.T.);
#766=EDGE_CURVE('',#965,#988,#104,.T.);
#767=EDGE_CURVE('',#990,#991,#1104,.T.);
#768=EDGE_CURVE('',#990,#963,#105,.F.);
#769=EDGE_CURVE('',#991,#962,#106,.F.);
#770=EDGE_CURVE('',#992,#993,#1105,.F.);
#771=EDGE_CURVE('',#993,#990,#107,.T.);
#772=EDGE_CURVE('',#992,#991,#108,.T.);
#773=EDGE_CURVE('',#994,#995,#1106,.T.);
#774=EDGE_CURVE('',#994,#996,#1107,.T.);
#775=EDGE_CURVE('',#996,#993,#169,.T.);
#776=EDGE_CURVE('',#995,#992,#170,.T.);
#777=EDGE_CURVE('',#998,#999,#171,.T.);
#778=EDGE_CURVE('',#1000,#999,#172,.T.);
#779=EDGE_CURVE('',#1000,#1001,#173,.T.);
#780=EDGE_CURVE('',#994,#1001,#174,.T.);
#781=EDGE_CURVE('',#994,#1002,#175,.T.);
#782=EDGE_CURVE('',#1003,#1002,#176,.T.);
#783=EDGE_CURVE('',#1003,#998,#177,.T.);
#784=EDGE_CURVE('',#1004,#1005,#1108,.T.);
#785=EDGE_CURVE('',#1004,#1006,#178,.T.);
#786=EDGE_CURVE('',#999,#1006,#1109,.T.);
#787=EDGE_CURVE('',#998,#1007,#1110,.T.);
#788=EDGE_CURVE('',#1005,#1007,#179,.T.);
#789=EDGE_CURVE('',#1008,#972,#180,.T.);
#790=EDGE_CURVE('',#1009,#972,#181,.T.);
#791=EDGE_CURVE('',#1010,#1009,#182,.T.);
#792=EDGE_CURVE('',#1010,#1011,#183,.T.);
#793=EDGE_CURVE('',#1012,#1011,#184,.T.);
#794=EDGE_CURVE('',#1013,#1012,#185,.T.);
#795=EDGE_CURVE('',#1013,#1014,#186,.T.);
#796=EDGE_CURVE('',#1014,#1015,#187,.T.);
#797=EDGE_CURVE('',#1016,#1015,#188,.T.);
#798=EDGE_CURVE('',#1016,#1008,#189,.T.);
#799=EDGE_CURVE('',#1018,#1004,#190,.T.);
#800=EDGE_CURVE('',#1019,#1005,#191,.T.);
#801=EDGE_CURVE('',#1018,#1019,#1111,.T.);
#802=EDGE_CURVE('',#1013,#1020,#1112,.T.);
#803=EDGE_CURVE('',#1013,#1021,#1113,.T.);
#804=EDGE_CURVE('',#1021,#1022,#192,.T.);
#805=EDGE_CURVE('',#1022,#1023,#1114,.T.);
#806=EDGE_CURVE('',#1020,#1023,#193,.T.);
#807=EDGE_CURVE('',#1024,#1025,#1115,.T.);
#808=EDGE_CURVE('',#1024,#1018,#194,.T.);
#809=EDGE_CURVE('',#1025,#1019,#195,.T.);
#810=EDGE_CURVE('',#1026,#1024,#196,.T.);
#811=EDGE_CURVE('',#1027,#1025,#197,.T.);
#812=EDGE_CURVE('',#1027,#1028,#1116,.T.);
#813=EDGE_CURVE('',#1023,#1028,#198,.T.);
#814=EDGE_CURVE('',#1022,#1029,#199,.T.);
#815=EDGE_CURVE('',#1026,#1029,#1117,.T.);
#816=EDGE_CURVE('',#1030,#959,#1118,.T.);
#817=EDGE_CURVE('',#1030,#1031,#1119,.T.);
#818=EDGE_CURVE('',#1031,#939,#1120,.T.);
#819=EDGE_CURVE('',#1032,#955,#1121,.T.);
#820=EDGE_CURVE('',#1033,#1032,#109,.F.);
#821=EDGE_CURVE('',#1033,#956,#1122,.T.);
#822=EDGE_CURVE('',#1034,#954,#1123,.T.);
#823=EDGE_CURVE('',#1034,#1032,#1124,.T.);
#824=EDGE_CURVE('',#1035,#953,#1125,.T.);
#825=EDGE_CURVE('',#1034,#1035,#200,.T.);
#826=EDGE_CURVE('',#1036,#952,#1126,.T.);
#827=EDGE_CURVE('',#1035,#1036,#201,.T.);
#828=EDGE_CURVE('',#1037,#951,#1127,.T.);
#829=EDGE_CURVE('',#1037,#1036,#1128,.T.);
#830=EDGE_CURVE('',#1038,#950,#1129,.T.);
#831=EDGE_CURVE('',#1037,#1038,#202,.T.);
#832=EDGE_CURVE('',#1039,#949,#1130,.T.);
#833=EDGE_CURVE('',#1039,#1038,#110,.T.);
#834=EDGE_CURVE('',#1040,#948,#1131,.T.);
#835=EDGE_CURVE('',#1039,#1040,#111,.T.);
#836=EDGE_CURVE('',#1041,#947,#1132,.T.);
#837=EDGE_CURVE('',#1040,#1041,#112,.T.);
#838=EDGE_CURVE('',#1042,#946,#1133,.T.);
#839=EDGE_CURVE('',#1041,#1042,#113,.T.);
#840=EDGE_CURVE('',#1043,#945,#1134,.T.);
#841=EDGE_CURVE('',#1042,#1043,#203,.T.);
#842=EDGE_CURVE('',#1044,#944,#1135,.T.);
#843=EDGE_CURVE('',#1043,#1044,#1136,.T.);
#844=EDGE_CURVE('',#1045,#943,#1137,.T.);
#845=EDGE_CURVE('',#1044,#1045,#204,.T.);
#846=EDGE_CURVE('',#1045,#961,#1138,.T.);
#847=EDGE_CURVE('',#1046,#1033,#205,.T.);
#848=EDGE_CURVE('',#1046,#957,#1139,.T.);
#849=EDGE_CURVE('',#973,#1008,#206,.T.);
#850=EDGE_CURVE('',#981,#969,#207,.T.);
#851=EDGE_CURVE('',#987,#976,#208,.T.);
#852=EDGE_CURVE('',#1047,#965,#209,.F.);
#853=EDGE_CURVE('',#1047,#962,#210,.F.);
#854=EDGE_CURVE('',#1007,#1003,#211,.T.);
#855=EDGE_CURVE('',#1002,#995,#212,.T.);
#856=EDGE_CURVE('',#1014,#1020,#213,.T.);
#857=EDGE_CURVE('',#1015,#1048,#214,.T.);
#858=EDGE_CURVE('',#1048,#1049,#215,.T.);
#859=EDGE_CURVE('',#1049,#1016,#216,.F.);
#860=EDGE_CURVE('',#1049,#1050,#217,.T.);
#861=EDGE_CURVE('',#1050,#973,#114,.T.);
#862=EDGE_CURVE('',#1050,#1051,#218,.T.);
#863=EDGE_CURVE('',#1051,#969,#115,.T.);
#864=EDGE_CURVE('',#1051,#1052,#219,.T.);
#865=EDGE_CURVE('',#982,#1052,#220,.T.);
#866=EDGE_CURVE('',#1053,#983,#221,.F.);
#867=EDGE_CURVE('',#1052,#1053,#222,.T.);
#868=EDGE_CURVE('',#1053,#1054,#223,.T.);
#869=EDGE_CURVE('',#1054,#987,#116,.T.);
#870=EDGE_CURVE('',#1054,#1055,#224,.T.);
#871=EDGE_CURVE('',#1055,#985,#117,.T.);
#872=EDGE_CURVE('',#1055,#1056,#118,.T.);
#873=EDGE_CURVE('',#1056,#988,#119,.T.);
#874=EDGE_CURVE('',#1056,#1047,#120,.F.);
#875=EDGE_CURVE('',#1047,#1057,#121,.T.);
#876=EDGE_CURVE('',#1057,#991,#122,.T.);
#877=EDGE_CURVE('',#1057,#1058,#123,.F.);
#878=EDGE_CURVE('',#1058,#992,#124,.T.);
#879=EDGE_CURVE('',#1058,#1059,#225,.T.);
#880=EDGE_CURVE('',#1059,#995,#125,.T.);
#881=EDGE_CURVE('',#1059,#1060,#226,.T.);
#882=EDGE_CURVE('',#1060,#1007,#126,.T.);
#883=EDGE_CURVE('',#1060,#1061,#227,.T.);
#884=EDGE_CURVE('',#1061,#1005,#127,.T.);
#885=EDGE_CURVE('',#1062,#1020,#128,.T.);
#886=EDGE_CURVE('',#1062,#1048,#228,.T.);
#887=EDGE_CURVE('',#1061,#1063,#229,.T.);
#888=EDGE_CURVE('',#1063,#1019,#129,.T.);
#889=EDGE_CURVE('',#1028,#1062,#230,.T.);
#890=EDGE_CURVE('',#1063,#1027,#231,.T.);
#891=EDGE_CURVE('',#1064,#958,#1140,.T.);
#892=EDGE_CURVE('',#1064,#1030,#1141,.T.);
#893=EDGE_CURVE('',#1064,#1046,#1142,.T.);
#894=EDGE_CURVE('',#1065,#940,#1143,.T.);
#895=EDGE_CURVE('',#1065,#960,#1144,.T.);
#896=EDGE_CURVE('',#1031,#1065,#1145,.T.);
#897=EDGE_CURVE('',#971,#1009,#232,.T.);
#898=EDGE_CURVE('',#980,#970,#233,.T.);
#899=EDGE_CURVE('',#986,#977,#234,.T.);
#900=EDGE_CURVE('',#1066,#964,#235,.F.);
#901=EDGE_CURVE('',#1066,#963,#236,.F.);
#902=EDGE_CURVE('',#1006,#1000,#237,.T.);
#903=EDGE_CURVE('',#1001,#996,#238,.T.);
#904=EDGE_CURVE('',#1012,#1021,#239,.T.);
#905=EDGE_CURVE('',#1011,#1067,#240,.T.);
#906=EDGE_CURVE('',#1068,#1010,#241,.F.);
#907=EDGE_CURVE('',#1067,#1068,#242,.T.);
#908=EDGE_CURVE('',#1068,#1069,#243,.T.);
#909=EDGE_CURVE('',#1069,#971,#130,.T.);
#910=EDGE_CURVE('',#1070,#970,#131,.T.);
#911=EDGE_CURVE('',#1069,#1070,#244,.T.);
#912=EDGE_CURVE('',#979,#1071,#245,.T.);
#913=EDGE_CURVE('',#1070,#1071,#246,.T.);
#914=EDGE_CURVE('',#1072,#978,#247,.F.);
#915=EDGE_CURVE('',#1071,#1072,#248,.T.);
#916=EDGE_CURVE('',#1073,#986,#132,.T.);
#917=EDGE_CURVE('',#1072,#1073,#249,.T.);
#918=EDGE_CURVE('',#1074,#984,#133,.T.);
#919=EDGE_CURVE('',#1073,#1074,#250,.T.);
#920=EDGE_CURVE('',#1075,#989,#134,.T.);
#921=EDGE_CURVE('',#1074,#1075,#135,.T.);
#922=EDGE_CURVE('',#1075,#1066,#136,.F.);
#923=EDGE_CURVE('',#1076,#990,#137,.T.);
#924=EDGE_CURVE('',#1066,#1076,#138,.T.);
#925=EDGE_CURVE('',#1077,#993,#139,.T.);
#926=EDGE_CURVE('',#1076,#1077,#140,.F.);
#927=EDGE_CURVE('',#1078,#996,#141,.T.);
#928=EDGE_CURVE('',#1077,#1078,#251,.T.);
#929=EDGE_CURVE('',#1079,#1006,#142,.T.);
#930=EDGE_CURVE('',#1078,#1079,#252,.T.);
#931=EDGE_CURVE('',#1080,#1004,#143,.T.);
#932=EDGE_CURVE('',#1079,#1080,#253,.T.);
#933=EDGE_CURVE('',#1081,#1067,#254,.T.);
#934=EDGE_CURVE('',#1081,#1021,#144,.T.);
#935=EDGE_CURVE('',#1082,#1018,#145,.T.);
#936=EDGE_CURVE('',#1080,#1082,#255,.T.);
#937=EDGE_CURVE('',#1029,#1081,#256,.T.);
#938=EDGE_CURVE('',#1082,#1026,#257,.T.);
#939=VERTEX_POINT('',#1863);
#940=VERTEX_POINT('',#1864);
#941=VERTEX_POINT('',#1866);
#942=VERTEX_POINT('',#1884);
#943=VERTEX_POINT('',#1886);
#944=VERTEX_POINT('',#1902);
#945=VERTEX_POINT('',#1904);
#946=VERTEX_POINT('',#1935);
#947=VERTEX_POINT('',#1937);
#948=VERTEX_POINT('',#1939);
#949=VERTEX_POINT('',#1941);
#950=VERTEX_POINT('',#1943);
#951=VERTEX_POINT('',#1966);
#952=VERTEX_POINT('',#1968);
#953=VERTEX_POINT('',#1983);
#954=VERTEX_POINT('',#1991);
#955=VERTEX_POINT('',#1993);
#956=VERTEX_POINT('',#1995);
#957=VERTEX_POINT('',#2004);
#958=VERTEX_POINT('',#2006);
#959=VERTEX_POINT('',#2008);
#960=VERTEX_POINT('',#2019);
#961=VERTEX_POINT('',#2037);
#962=VERTEX_POINT('',#2041);
#963=VERTEX_POINT('',#2042);
#964=VERTEX_POINT('',#2044);
#965=VERTEX_POINT('',#2046);
#966=VERTEX_POINT('',#2069);
#967=VERTEX_POINT('',#2070);
#968=VERTEX_POINT('',#2082);
#969=VERTEX_POINT('',#2083);
#970=VERTEX_POINT('',#2085);
#971=VERTEX_POINT('',#2091);
#972=VERTEX_POINT('',#2093);
#973=VERTEX_POINT('',#2095);
#974=VERTEX_POINT('',#2102);
#975=VERTEX_POINT('',#2109);
#976=VERTEX_POINT('',#2110);
#977=VERTEX_POINT('',#2117);
#978=VERTEX_POINT('',#2124);
#979=VERTEX_POINT('',#2132);
#980=VERTEX_POINT('',#2139);
#981=VERTEX_POINT('',#2152);
#982=VERTEX_POINT('',#2159);
#983=VERTEX_POINT('',#2167);
#984=VERTEX_POINT('',#2199);
#985=VERTEX_POINT('',#2200);
#986=VERTEX_POINT('',#2214);
#987=VERTEX_POINT('',#2217);
#988=VERTEX_POINT('',#2233);
#989=VERTEX_POINT('',#2234);
#990=VERTEX_POINT('',#2242);
#991=VERTEX_POINT('',#2243);
#992=VERTEX_POINT('',#2248);
#993=VERTEX_POINT('',#2249);
#994=VERTEX_POINT('',#2269);
#995=VERTEX_POINT('',#2270);
#996=VERTEX_POINT('',#2272);
#997=VERTEX_POINT('',#2288);
#998=VERTEX_POINT('',#2295);
#999=VERTEX_POINT('',#2296);
#1000=VERTEX_POINT('',#2302);
#1001=VERTEX_POINT('',#2312);
#1002=VERTEX_POINT('',#2327);
#1003=VERTEX_POINT('',#2337);
#1004=VERTEX_POINT('',#2354);
#1005=VERTEX_POINT('',#2355);
#1006=VERTEX_POINT('',#2363);
#1007=VERTEX_POINT('',#2366);
#1008=VERTEX_POINT('',#2381);
#1009=VERTEX_POINT('',#2388);
#1010=VERTEX_POINT('',#2396);
#1011=VERTEX_POINT('',#2404);
#1012=VERTEX_POINT('',#2411);
#1013=VERTEX_POINT('',#2418);
#1014=VERTEX_POINT('',#2425);
#1015=VERTEX_POINT('',#2432);
#1016=VERTEX_POINT('',#2440);
#1017=VERTEX_POINT('',#2448);
#1018=VERTEX_POINT('',#2462);
#1019=VERTEX_POINT('',#2468);
#1020=VERTEX_POINT('',#2481);
#1021=VERTEX_POINT('',#2483);
#1022=VERTEX_POINT('',#2489);
#1023=VERTEX_POINT('',#2491);
#1024=VERTEX_POINT('',#2506);
#1025=VERTEX_POINT('',#2507);
#1026=VERTEX_POINT('',#2523);
#1027=VERTEX_POINT('',#2530);
#1028=VERTEX_POINT('',#2532);
#1029=VERTEX_POINT('',#2545);
#1030=VERTEX_POINT('',#2548);
#1031=VERTEX_POINT('',#2550);
#1032=VERTEX_POINT('',#2554);
#1033=VERTEX_POINT('',#2556);
#1034=VERTEX_POINT('',#2560);
#1035=VERTEX_POINT('',#2571);
#1036=VERTEX_POINT('',#2596);
#1037=VERTEX_POINT('',#2613);
#1038=VERTEX_POINT('',#2640);
#1039=VERTEX_POINT('',#2665);
#1040=VERTEX_POINT('',#2669);
#1041=VERTEX_POINT('',#2673);
#1042=VERTEX_POINT('',#2677);
#1043=VERTEX_POINT('',#2708);
#1044=VERTEX_POINT('',#2741);
#1045=VERTEX_POINT('',#2756);
#1046=VERTEX_POINT('',#2790);
#1047=VERTEX_POINT('',#2871);
#1048=VERTEX_POINT('',#2942);
#1049=VERTEX_POINT('',#2950);
#1050=VERTEX_POINT('',#2971);
#1051=VERTEX_POINT('',#2993);
#1052=VERTEX_POINT('',#3011);
#1053=VERTEX_POINT('',#3054);
#1054=VERTEX_POINT('',#3083);
#1055=VERTEX_POINT('',#3149);
#1056=VERTEX_POINT('',#3153);
#1057=VERTEX_POINT('',#3159);
#1058=VERTEX_POINT('',#3163);
#1059=VERTEX_POINT('',#3205);
#1060=VERTEX_POINT('',#3233);
#1061=VERTEX_POINT('',#3261);
#1062=VERTEX_POINT('',#3276);
#1063=VERTEX_POINT('',#3301);
#1064=VERTEX_POINT('',#3345);
#1065=VERTEX_POINT('',#3351);
#1066=VERTEX_POINT('',#3435);
#1067=VERTEX_POINT('',#3506);
#1068=VERTEX_POINT('',#3511);
#1069=VERTEX_POINT('',#3535);
#1070=VERTEX_POINT('',#3553);
#1071=VERTEX_POINT('',#3576);
#1072=VERTEX_POINT('',#3618);
#1073=VERTEX_POINT('',#3644);
#1074=VERTEX_POINT('',#3701);
#1075=VERTEX_POINT('',#3717);
#1076=VERTEX_POINT('',#3723);
#1077=VERTEX_POINT('',#3727);
#1078=VERTEX_POINT('',#3763);
#1079=VERTEX_POINT('',#3793);
#1080=VERTEX_POINT('',#3821);
#1081=VERTEX_POINT('',#3843);
#1082=VERTEX_POINT('',#3861);
#1083=LINE('',#1862,#1146);
#1084=LINE('',#1865,#1147);
#1085=LINE('',#1885,#1148);
#1086=LINE('',#1903,#1149);
#1087=LINE('',#1967,#1150);
#1088=LINE('',#1992,#1151);
#1089=LINE('',#2005,#1152);
#1090=LINE('',#2007,#1153);
#1091=LINE('',#2009,#1154);
#1092=LINE('',#2018,#1155);
#1093=LINE('',#2038,#1156);
#1094=LINE('',#2040,#1157);
#1095=LINE('',#2045,#1158);
#1096=LINE('',#2081,#1159);
#1097=LINE('',#2084,#1160);
#1098=LINE('',#2092,#1161);
#1099=LINE('',#2094,#1162);
#1100=LINE('',#2198,#1163);
#1101=LINE('',#2215,#1164);
#1102=LINE('',#2216,#1165);
#1103=LINE('',#2232,#1166);
#1104=LINE('',#2241,#1167);
#1105=LINE('',#2247,#1168);
#1106=LINE('',#2268,#1169);
#1107=LINE('',#2271,#1170);
#1108=LINE('',#2353,#1171);
#1109=LINE('',#2364,#1172);
#1110=LINE('',#2365,#1173);
#1111=LINE('',#2469,#1174);
#1112=LINE('',#2480,#1175);
#1113=LINE('',#2482,#1176);
#1114=LINE('',#2490,#1177);
#1115=LINE('',#2505,#1178);
#1116=LINE('',#2531,#1179);
#1117=LINE('',#2546,#1180);
#1118=LINE('',#2547,#1181);
#1119=LINE('',#2549,#1182);
#1120=LINE('',#2551,#1183);
#1121=LINE('',#2553,#1184);
#1122=LINE('',#2557,#1185);
#1123=LINE('',#2559,#1186);
#1124=LINE('',#2561,#1187);
#1125=LINE('',#2570,#1188);
#1126=LINE('',#2595,#1189);
#1127=LINE('',#2612,#1190);
#1128=LINE('',#2614,#1191);
#1129=LINE('',#2639,#1192);
#1130=LINE('',#2664,#1193);
#1131=LINE('',#2668,#1194);
#1132=LINE('',#2672,#1195);
#1133=LINE('',#2676,#1196);
#1134=LINE('',#2707,#1197);
#1135=LINE('',#2740,#1198);
#1136=LINE('',#2742,#1199);
#1137=LINE('',#2755,#1200);
#1138=LINE('',#2773,#1201);
#1139=LINE('',#2791,#1202);
#1140=LINE('',#3344,#1203);
#1141=LINE('',#3346,#1204);
#1142=LINE('',#3348,#1205);
#1143=LINE('',#3350,#1206);
#1144=LINE('',#3352,#1207);
#1145=LINE('',#3354,#1208);
#1146=VECTOR('',#1613,1.);
#1147=VECTOR('',#1614,1.);
#1148=VECTOR('',#1615,1.);
#1149=VECTOR('',#1616,1.);
#1150=VECTOR('',#1625,1.);
#1151=VECTOR('',#1626,1.);
#1152=VECTOR('',#1629,1.);
#1153=VECTOR('',#1630,1.);
#1154=VECTOR('',#1631,1.);
#1155=VECTOR('',#1632,1.);
#1156=VECTOR('',#1633,1.);
#1157=VECTOR('',#1636,1.);
#1158=VECTOR('',#1639,1.);
#1159=VECTOR('',#1644,1.);
#1160=VECTOR('',#1645,1.);
#1161=VECTOR('',#1646,1.);
#1162=VECTOR('',#1647,1.);
#1163=VECTOR('',#1650,1.);
#1164=VECTOR('',#1651,1.);
#1165=VECTOR('',#1652,1.);
#1166=VECTOR('',#1655,1.);
#1167=VECTOR('',#1668,1.);
#1168=VECTOR('',#1675,1.);
#1169=VECTOR('',#1680,1.);
#1170=VECTOR('',#1681,1.);
#1171=VECTOR('',#1684,1.);
#1172=VECTOR('',#1685,1.);
#1173=VECTOR('',#1686,1.);
#1174=VECTOR('',#1689,1.);
#1175=VECTOR('',#1690,1.);
#1176=VECTOR('',#1691,1.);
#1177=VECTOR('',#1692,1.);
#1178=VECTOR('',#1693,1.);
#1179=VECTOR('',#1696,1.);
#1180=VECTOR('',#1697,1.);
#1181=VECTOR('',#1698,1.);
#1182=VECTOR('',#1699,1.);
#1183=VECTOR('',#1700,1.);
#1184=VECTOR('',#1703,1.);
#1185=VECTOR('',#1706,1.);
#1186=VECTOR('',#1709,1.);
#1187=VECTOR('',#1710,1.);
#1188=VECTOR('',#1711,1.);
#1189=VECTOR('',#1712,1.);
#1190=VECTOR('',#1715,1.);
#1191=VECTOR('',#1716,1.);
#1192=VECTOR('',#1717,1.);
#1193=VECTOR('',#1720,1.);
#1194=VECTOR('',#1725,1.);
#1195=VECTOR('',#1730,1.);
#1196=VECTOR('',#1735,1.);
#1197=VECTOR('',#1738,1.);
#1198=VECTOR('',#1741,1.);
#1199=VECTOR('',#1742,1.);
#1200=VECTOR('',#1743,1.);
#1201=VECTOR('',#1746,1.);
#1202=VECTOR('',#1747,1.);
#1203=VECTOR('',#1798,1.);
#1204=VECTOR('',#1799,1.);
#1205=VECTOR('',#1802,1.);
#1206=VECTOR('',#1805,1.);
#1207=VECTOR('',#1806,1.);
#1208=VECTOR('',#1809,1.);
#1209=EDGE_LOOP('',(#258,#259,#260,#261,#262,#263,#264,#265,#266,#267,#268,
#269,#270,#271,#272,#273,#274,#275,#276,#277,#278));
#1210=EDGE_LOOP('',(#279,#280,#281,#282));
#1211=EDGE_LOOP('',(#283,#284,#285,#286));
#1212=EDGE_LOOP('',(#287));
#1213=EDGE_LOOP('',(#288,#289,#290,#291,#292,#293));
#1214=EDGE_LOOP('',(#294,#295,#296,#297,#298,#299,#300,#301,#302,#303));
#1215=EDGE_LOOP('',(#304,#305,#306,#307,#308));
#1216=EDGE_LOOP('',(#309,#310,#311,#312));
#1217=EDGE_LOOP('',(#313,#314,#315,#316));
#1218=EDGE_LOOP('',(#317,#318,#319,#320));
#1219=EDGE_LOOP('',(#321,#322,#323,#324));
#1220=EDGE_LOOP('',(#325,#326,#327,#328,#329));
#1221=EDGE_LOOP('',(#330,#331,#332,#333,#334,#335,#336));
#1222=EDGE_LOOP('',(#337,#338,#339,#340,#341,#342));
#1223=EDGE_LOOP('',(#343,#344,#345,#346,#347,#348,#349,#350,#351,#352));
#1224=EDGE_LOOP('',(#353));
#1225=EDGE_LOOP('',(#354,#355,#356,#357));
#1226=EDGE_LOOP('',(#358,#359,#360,#361,#362));
#1227=EDGE_LOOP('',(#363,#364,#365,#366));
#1228=EDGE_LOOP('',(#367,#368,#369,#370,#371,#372,#373,#374));
#1229=EDGE_LOOP('',(#375,#376,#377,#378));
#1230=EDGE_LOOP('',(#379,#380,#381,#382));
#1231=EDGE_LOOP('',(#383,#384,#385,#386));
#1232=EDGE_LOOP('',(#387,#388,#389,#390));
#1233=EDGE_LOOP('',(#391,#392,#393,#394));
#1234=EDGE_LOOP('',(#395,#396,#397,#398));
#1235=EDGE_LOOP('',(#399,#400,#401,#402));
#1236=EDGE_LOOP('',(#403,#404,#405,#406));
#1237=EDGE_LOOP('',(#407,#408,#409,#410));
#1238=EDGE_LOOP('',(#411,#412,#413,#414));
#1239=EDGE_LOOP('',(#415,#416,#417,#418));
#1240=EDGE_LOOP('',(#419,#420,#421,#422));
#1241=EDGE_LOOP('',(#423,#424,#425,#426));
#1242=EDGE_LOOP('',(#427,#428,#429,#430));
#1243=EDGE_LOOP('',(#431,#432,#433,#434));
#1244=EDGE_LOOP('',(#435,#436,#437,#438));
#1245=EDGE_LOOP('',(#439,#440,#441));
#1246=EDGE_LOOP('',(#442,#443,#444));
#1247=EDGE_LOOP('',(#445,#446,#447));
#1248=EDGE_LOOP('',(#448,#449,#450));
#1249=EDGE_LOOP('',(#451,#452,#453));
#1250=EDGE_LOOP('',(#454,#455,#456));
#1251=EDGE_LOOP('',(#457,#458,#459));
#1252=EDGE_LOOP('',(#460,#461,#462,#463));
#1253=EDGE_LOOP('',(#464,#465,#466,#467,#468));
#1254=EDGE_LOOP('',(#469,#470,#471,#472));
#1255=EDGE_LOOP('',(#473,#474,#475,#476,#477));
#1256=EDGE_LOOP('',(#478,#479,#480,#481));
#1257=EDGE_LOOP('',(#482,#483,#484,#485,#486));
#1258=EDGE_LOOP('',(#487,#488,#489,#490));
#1259=EDGE_LOOP('',(#491,#492,#493,#494));
#1260=EDGE_LOOP('',(#495,#496,#497,#498));
#1261=EDGE_LOOP('',(#499,#500,#501,#502));
#1262=EDGE_LOOP('',(#503,#504,#505,#506));
#1263=EDGE_LOOP('',(#507,#508,#509,#510));
#1264=EDGE_LOOP('',(#511,#512,#513,#514,#515,#516));
#1265=EDGE_LOOP('',(#517,#518,#519,#520));
#1266=EDGE_LOOP('',(#521,#522,#523,#524,#525));
#1267=EDGE_LOOP('',(#526,#527,#528,#529));
#1268=EDGE_LOOP('',(#530,#531,#532,#533));
#1269=EDGE_LOOP('',(#534,#535,#536,#537));
#1270=EDGE_LOOP('',(#538,#539,#540,#541,#542,#543,#544,#545,#546,#547,#548,
#549,#550,#551,#552,#553,#554,#555,#556));
#1271=EDGE_LOOP('',(#557,#558,#559,#560));
#1272=EDGE_LOOP('',(#561,#562,#563,#564));
#1273=EDGE_LOOP('',(#565,#566,#567,#568));
#1274=EDGE_LOOP('',(#569,#570,#571,#572));
#1275=EDGE_LOOP('',(#573,#574,#575,#576,#577,#578,#579,#580,#581,#582,#583,
#584,#585,#586,#587,#588,#589,#590,#591,#592,#593));
#1276=EDGE_LOOP('',(#594,#595,#596));
#1277=EDGE_LOOP('',(#597,#598,#599));
#1278=EDGE_LOOP('',(#600,#601,#602));
#1279=EDGE_LOOP('',(#603,#604,#605));
#1280=EDGE_LOOP('',(#606,#607,#608));
#1281=EDGE_LOOP('',(#609,#610,#611));
#1282=EDGE_LOOP('',(#612,#613,#614));
#1283=EDGE_LOOP('',(#615,#616,#617,#618));
#1284=EDGE_LOOP('',(#619,#620,#621,#622,#623));
#1285=EDGE_LOOP('',(#624,#625,#626,#627));
#1286=EDGE_LOOP('',(#628,#629,#630,#631,#632));
#1287=EDGE_LOOP('',(#633,#634,#635,#636));
#1288=EDGE_LOOP('',(#637,#638,#639,#640,#641));
#1289=EDGE_LOOP('',(#642,#643,#644,#645));
#1290=EDGE_LOOP('',(#646,#647,#648,#649));
#1291=EDGE_LOOP('',(#650,#651,#652,#653));
#1292=EDGE_LOOP('',(#654,#655,#656,#657));
#1293=EDGE_LOOP('',(#658,#659,#660,#661));
#1294=EDGE_LOOP('',(#662,#663,#664,#665));
#1295=EDGE_LOOP('',(#666,#667,#668,#669,#670,#671));
#1296=EDGE_LOOP('',(#672,#673,#674,#675));
#1297=EDGE_LOOP('',(#676,#677,#678,#679,#680));
#1298=EDGE_LOOP('',(#681,#682,#683,#684));
#1299=EDGE_LOOP('',(#685,#686,#687,#688));
#1300=EDGE_LOOP('',(#689,#690,#691,#692));
#1301=EDGE_LOOP('',(#693,#694,#695,#696,#697,#698,#699,#700,#701,#702,#703,
#704,#705,#706,#707,#708,#709,#710,#711));
#1302=FACE_BOUND('',#1209,.T.);
#1303=FACE_BOUND('',#1210,.T.);
#1304=FACE_BOUND('',#1211,.T.);
#1305=FACE_BOUND('',#1212,.T.);
#1306=FACE_BOUND('',#50,.T.);
#1307=FACE_BOUND('',#1213,.T.);
#1308=FACE_BOUND('',#51,.T.);
#1309=FACE_BOUND('',#1214,.T.);
#1310=FACE_BOUND('',#1215,.T.);
#1311=FACE_BOUND('',#1216,.T.);
#1312=FACE_BOUND('',#1217,.T.);
#1313=FACE_BOUND('',#1218,.T.);
#1314=FACE_BOUND('',#1219,.T.);
#1315=FACE_BOUND('',#1220,.T.);
#1316=FACE_BOUND('',#52,.T.);
#1317=FACE_BOUND('',#1221,.T.);
#1318=FACE_BOUND('',#1222,.T.);
#1319=FACE_BOUND('',#1223,.T.);
#1320=FACE_BOUND('',#53,.T.);
#1321=FACE_BOUND('',#1224,.T.);
#1322=FACE_BOUND('',#1225,.T.);
#1323=FACE_BOUND('',#1226,.T.);
#1324=FACE_BOUND('',#1227,.T.);
#1325=FACE_BOUND('',#1228,.T.);
#1326=FACE_BOUND('',#1229,.T.);
#1327=FACE_BOUND('',#1230,.T.);
#1328=FACE_BOUND('',#1231,.T.);
#1329=FACE_BOUND('',#1232,.T.);
#1330=FACE_BOUND('',#1233,.T.);
#1331=FACE_BOUND('',#1234,.T.);
#1332=FACE_BOUND('',#1235,.T.);
#1333=FACE_BOUND('',#1236,.T.);
#1334=FACE_BOUND('',#1237,.T.);
#1335=FACE_BOUND('',#1238,.T.);
#1336=FACE_BOUND('',#1239,.T.);
#1337=FACE_BOUND('',#1240,.T.);
#1338=FACE_BOUND('',#1241,.T.);
#1339=FACE_BOUND('',#1242,.T.);
#1340=FACE_BOUND('',#1243,.T.);
#1341=FACE_BOUND('',#1244,.T.);
#1342=FACE_BOUND('',#1245,.T.);
#1343=FACE_BOUND('',#1246,.T.);
#1344=FACE_BOUND('',#1247,.T.);
#1345=FACE_BOUND('',#1248,.T.);
#1346=FACE_BOUND('',#1249,.T.);
#1347=FACE_BOUND('',#1250,.T.);
#1348=FACE_BOUND('',#1251,.T.);
#1349=FACE_BOUND('',#1252,.T.);
#1350=FACE_BOUND('',#1253,.T.);
#1351=FACE_BOUND('',#1254,.T.);
#1352=FACE_BOUND('',#1255,.T.);
#1353=FACE_BOUND('',#1256,.T.);
#1354=FACE_BOUND('',#1257,.T.);
#1355=FACE_BOUND('',#1258,.T.);
#1356=FACE_BOUND('',#1259,.T.);
#1357=FACE_BOUND('',#1260,.T.);
#1358=FACE_BOUND('',#1261,.T.);
#1359=FACE_BOUND('',#1262,.T.);
#1360=FACE_BOUND('',#1263,.T.);
#1361=FACE_BOUND('',#1264,.T.);
#1362=FACE_BOUND('',#1265,.T.);
#1363=FACE_BOUND('',#1266,.T.);
#1364=FACE_BOUND('',#1267,.T.);
#1365=FACE_BOUND('',#1268,.T.);
#1366=FACE_BOUND('',#1269,.T.);
#1367=FACE_BOUND('',#1270,.T.);
#1368=FACE_BOUND('',#1271,.T.);
#1369=FACE_BOUND('',#1272,.T.);
#1370=FACE_BOUND('',#1273,.T.);
#1371=FACE_BOUND('',#1274,.T.);
#1372=FACE_BOUND('',#1275,.T.);
#1373=FACE_BOUND('',#1276,.T.);
#1374=FACE_BOUND('',#1277,.T.);
#1375=FACE_BOUND('',#1278,.T.);
#1376=FACE_BOUND('',#1279,.T.);
#1377=FACE_BOUND('',#1280,.T.);
#1378=FACE_BOUND('',#1281,.T.);
#1379=FACE_BOUND('',#1282,.T.);
#1380=FACE_BOUND('',#1283,.T.);
#1381=FACE_BOUND('',#1284,.T.);
#1382=FACE_BOUND('',#1285,.T.);
#1383=FACE_BOUND('',#1286,.T.);
#1384=FACE_BOUND('',#1287,.T.);
#1385=FACE_BOUND('',#1288,.T.);
#1386=FACE_BOUND('',#1289,.T.);
#1387=FACE_BOUND('',#1290,.T.);
#1388=FACE_BOUND('',#1291,.T.);
#1389=FACE_BOUND('',#1292,.T.);
#1390=FACE_BOUND('',#1293,.T.);
#1391=FACE_BOUND('',#1294,.T.);
#1392=FACE_BOUND('',#1295,.T.);
#1393=FACE_BOUND('',#1296,.T.);
#1394=FACE_BOUND('',#1297,.T.);
#1395=FACE_BOUND('',#1298,.T.);
#1396=FACE_BOUND('',#1299,.T.);
#1397=FACE_BOUND('',#1300,.T.);
#1398=FACE_BOUND('',#1301,.T.);
#1399=PLANE('',#1516);
#1400=PLANE('',#1541);
#1401=PLANE('',#1544);
#1402=PLANE('',#1545);
#1403=PLANE('',#1554);
#1404=PLANE('',#1555);
#1405=PLANE('',#1579);
#1406=PLANE('',#1580);
#1407=PLANE('',#1581);
#1408=PLANE('',#1582);
#1409=PLANE('',#1583);
#1410=PLANE('',#1584);
#1411=PLANE('',#1608);
#1412=ADVANCED_FACE('',(#1302),#1399,.T.);
#1413=ADVANCED_FACE('',(#1303),#74,.F.);
#1414=ADVANCED_FACE('',(#1304),#58,.T.);
#1415=ADVANCED_FACE('',(#1305,#1306),#54,.T.);
#1416=ADVANCED_FACE('',(#1307),#75,.F.);
#1417=ADVANCED_FACE('',(#1308,#1309),#55,.T.);
#1418=ADVANCED_FACE('',(#1310),#76,.F.);
#1419=ADVANCED_FACE('',(#1311),#59,.F.);
#1420=ADVANCED_FACE('',(#1312),#60,.T.);
#1421=ADVANCED_FACE('',(#1313),#61,.F.);
#1422=ADVANCED_FACE('',(#1314),#62,.T.);
#1423=ADVANCED_FACE('',(#1315),#77,.T.);
#1424=ADVANCED_FACE('',(#1316,#1317),#56,.T.);
#1425=ADVANCED_FACE('',(#1318),#78,.T.);
#1426=ADVANCED_FACE('',(#1319,#1320),#57,.T.);
#1427=ADVANCED_FACE('',(#1321,#1322),#79,.T.);
#1428=ADVANCED_FACE('',(#1323),#80,.F.);
#1429=ADVANCED_FACE('',(#1324),#81,.T.);
#1430=ADVANCED_FACE('',(#1325,#1326),#1400,.T.);
#1431=ADVANCED_FACE('',(#1327),#63,.T.);
#1432=ADVANCED_FACE('',(#1328),#1401,.T.);
#1433=ADVANCED_FACE('',(#1329),#82,.F.);
#1434=ADVANCED_FACE('',(#1330),#83,.F.);
#1435=ADVANCED_FACE('',(#1331),#1402,.T.);
#1436=ADVANCED_FACE('',(#1332),#84,.F.);
#1437=ADVANCED_FACE('',(#1333),#64,.F.);
#1438=ADVANCED_FACE('',(#1334),#65,.T.);
#1439=ADVANCED_FACE('',(#1335),#66,.F.);
#1440=ADVANCED_FACE('',(#1336),#67,.T.);
#1441=ADVANCED_FACE('',(#1337),#85,.F.);
#1442=ADVANCED_FACE('',(#1338),#1403,.F.);
#1443=ADVANCED_FACE('',(#1339),#86,.F.);
#1444=ADVANCED_FACE('',(#1340),#1404,.F.);
#1445=ADVANCED_FACE('',(#1341),#87,.F.);
#1446=ADVANCED_FACE('',(#1342),#68,.F.);
#1447=ADVANCED_FACE('',(#1343),#69,.T.);
#1448=ADVANCED_FACE('',(#1344),#88,.F.);
#1449=ADVANCED_FACE('',(#1345),#20,.T.);
#1450=ADVANCED_FACE('',(#1346),#70,.F.);
#1451=ADVANCED_FACE('',(#1347),#89,.T.);
#1452=ADVANCED_FACE('',(#1348),#90,.F.);
#1453=ADVANCED_FACE('',(#1349),#21,.T.);
#1454=ADVANCED_FACE('',(#1350),#22,.T.);
#1455=ADVANCED_FACE('',(#1351),#23,.T.);
#1456=ADVANCED_FACE('',(#1352),#24,.T.);
#1457=ADVANCED_FACE('',(#1353),#25,.T.);
#1458=ADVANCED_FACE('',(#1354),#26,.T.);
#1459=ADVANCED_FACE('',(#1355),#27,.T.);
#1460=ADVANCED_FACE('',(#1356),#12,.T.);
#1461=ADVANCED_FACE('',(#1357),#13,.T.);
#1462=ADVANCED_FACE('',(#1358),#14,.T.);
#1463=ADVANCED_FACE('',(#1359),#15,.T.);
#1464=ADVANCED_FACE('',(#1360),#28,.T.);
#1465=ADVANCED_FACE('',(#1361),#29,.T.);
#1466=ADVANCED_FACE('',(#1362),#30,.T.);
#1467=ADVANCED_FACE('',(#1363),#31,.T.);
#1468=ADVANCED_FACE('',(#1364),#32,.T.);
#1469=ADVANCED_FACE('',(#1365),#33,.T.);
#1470=ADVANCED_FACE('',(#1366),#34,.T.);
#1471=ADVANCED_FACE('',(#1367),#1405,.F.);
#1472=ADVANCED_FACE('',(#1368),#1406,.T.);
#1473=ADVANCED_FACE('',(#1369),#1407,.F.);
#1474=ADVANCED_FACE('',(#1370),#1408,.T.);
#1475=ADVANCED_FACE('',(#1371),#1409,.T.);
#1476=ADVANCED_FACE('',(#1372),#1410,.T.);
#1477=ADVANCED_FACE('',(#1373),#71,.F.);
#1478=ADVANCED_FACE('',(#1374),#72,.T.);
#1479=ADVANCED_FACE('',(#1375),#91,.T.);
#1480=ADVANCED_FACE('',(#1376),#35,.T.);
#1481=ADVANCED_FACE('',(#1377),#73,.F.);
#1482=ADVANCED_FACE('',(#1378),#92,.F.);
#1483=ADVANCED_FACE('',(#1379),#93,.T.);
#1484=ADVANCED_FACE('',(#1380),#36,.T.);
#1485=ADVANCED_FACE('',(#1381),#37,.T.);
#1486=ADVANCED_FACE('',(#1382),#38,.T.);
#1487=ADVANCED_FACE('',(#1383),#39,.T.);
#1488=ADVANCED_FACE('',(#1384),#40,.T.);
#1489=ADVANCED_FACE('',(#1385),#41,.T.);
#1490=ADVANCED_FACE('',(#1386),#42,.T.);
#1491=ADVANCED_FACE('',(#1387),#16,.T.);
#1492=ADVANCED_FACE('',(#1388),#17,.T.);
#1493=ADVANCED_FACE('',(#1389),#18,.T.);
#1494=ADVANCED_FACE('',(#1390),#19,.T.);
#1495=ADVANCED_FACE('',(#1391),#43,.T.);
#1496=ADVANCED_FACE('',(#1392),#44,.T.);
#1497=ADVANCED_FACE('',(#1393),#45,.T.);
#1498=ADVANCED_FACE('',(#1394),#46,.T.);
#1499=ADVANCED_FACE('',(#1395),#47,.T.);
#1500=ADVANCED_FACE('',(#1396),#48,.T.);
#1501=ADVANCED_FACE('',(#1397),#49,.T.);
#1502=ADVANCED_FACE('',(#1398),#1411,.F.);
#1503=CLOSED_SHELL('',(#1412,#1413,#1414,#1415,#1416,#1417,#1418,#1419,
#1420,#1421,#1422,#1423,#1424,#1425,#1426,#1427,#1428,#1429,#1430,#1431,
#1432,#1433,#1434,#1435,#1436,#1437,#1438,#1439,#1440,#1441,#1442,#1443,
#1444,#1445,#1446,#1447,#1448,#1449,#1450,#1451,#1452,#1453,#1454,#1455,
#1456,#1457,#1458,#1459,#1460,#1461,#1462,#1463,#1464,#1465,#1466,#1467,
#1468,#1469,#1470,#1471,#1472,#1473,#1474,#1475,#1476,#1477,#1478,#1479,
#1480,#1481,#1482,#1483,#1484,#1485,#1486,#1487,#1488,#1489,#1490,#1491,
#1492,#1493,#1494,#1495,#1496,#1497,#1498,#1499,#1500,#1501,#1502));
#1504=STYLED_ITEM('',(#1505),#1512);
#1505=PRESENTATION_STYLE_ASSIGNMENT((#1506));
#1506=SURFACE_STYLE_USAGE(.BOTH.,#1507);
#1507=SURFACE_SIDE_STYLE('',(#1508));
#1508=SURFACE_STYLE_FILL_AREA(#1509);
#1509=FILL_AREA_STYLE('',(#1510));
#1510=FILL_AREA_STYLE_COLOUR('',#1511);
#1511=COLOUR_RGB('',0.615686274509804,0.811764705882353,0.929411764705882);
#1512=MANIFOLD_SOLID_BREP('Horn Tip',#1503);
#1513=SHAPE_DEFINITION_REPRESENTATION(#3913,#1514);
#1514=SHAPE_REPRESENTATION('Horn Tip',(#1515),#3908);
#1515=AXIS2_PLACEMENT_3D('',#1860,#1609,#1610);
#1516=AXIS2_PLACEMENT_3D('',#1861,#1611,#1612);
#1517=AXIS2_PLACEMENT_3D('',#1936,#1617,#1618);
#1518=AXIS2_PLACEMENT_3D('',#1938,#1619,#1620);
#1519=AXIS2_PLACEMENT_3D('',#1940,#1621,#1622);
#1520=AXIS2_PLACEMENT_3D('',#1942,#1623,#1624);
#1521=AXIS2_PLACEMENT_3D('',#1994,#1627,#1628);
#1522=AXIS2_PLACEMENT_3D('',#2039,#1634,#1635);
#1523=AXIS2_PLACEMENT_3D('',#2043,#1637,#1638);
#1524=AXIS2_PLACEMENT_3D('',#2047,#1640,#1641);
#1525=AXIS2_PLACEMENT_3D('',#2048,#1642,#1643);
#1526=AXIS2_PLACEMENT_3D('',#2101,#1648,#1649);
#1527=AXIS2_PLACEMENT_3D('',#2231,#1653,#1654);
#1528=AXIS2_PLACEMENT_3D('',#2235,#1656,#1657);
#1529=AXIS2_PLACEMENT_3D('',#2236,#1658,#1659);
#1530=AXIS2_PLACEMENT_3D('',#2237,#1660,#1661);
#1531=AXIS2_PLACEMENT_3D('',#2238,#1662,#1663);
#1532=AXIS2_PLACEMENT_3D('',#2239,#1664,#1665);
#1533=AXIS2_PLACEMENT_3D('',#2240,#1666,#1667);
#1534=AXIS2_PLACEMENT_3D('',#2244,#1669,#1670);
#1535=AXIS2_PLACEMENT_3D('',#2245,#1671,#1672);
#1536=AXIS2_PLACEMENT_3D('',#2246,#1673,#1674);
#1537=AXIS2_PLACEMENT_3D('',#2250,#1676,#1677);
#1538=AXIS2_PLACEMENT_3D('',#2251,#1678,#1679);
#1539=AXIS2_PLACEMENT_3D('',#2287,#1682,#1683);
#1540=AXIS2_PLACEMENT_3D('',#2374,#1687,#1688);
#1541=AXIS2_PLACEMENT_3D('',#2516,#1694,#1695);
#1542=AXIS2_PLACEMENT_3D('',#2552,#1701,#1702);
#1543=AXIS2_PLACEMENT_3D('',#2555,#1704,#1705);
#1544=AXIS2_PLACEMENT_3D('',#2558,#1707,#1708);
#1545=AXIS2_PLACEMENT_3D('',#2611,#1713,#1714);
#1546=AXIS2_PLACEMENT_3D('',#2663,#1718,#1719);
#1547=AXIS2_PLACEMENT_3D('',#2666,#1721,#1722);
#1548=AXIS2_PLACEMENT_3D('',#2667,#1723,#1724);
#1549=AXIS2_PLACEMENT_3D('',#2670,#1726,#1727);
#1550=AXIS2_PLACEMENT_3D('',#2671,#1728,#1729);
#1551=AXIS2_PLACEMENT_3D('',#2674,#1731,#1732);
#1552=AXIS2_PLACEMENT_3D('',#2675,#1733,#1734);
#1553=AXIS2_PLACEMENT_3D('',#2678,#1736,#1737);
#1554=AXIS2_PLACEMENT_3D('',#2739,#1739,#1740);
#1555=AXIS2_PLACEMENT_3D('',#2772,#1744,#1745);
#1556=AXIS2_PLACEMENT_3D('',#2792,#1748,#1749);
#1557=AXIS2_PLACEMENT_3D('',#2797,#1750,#1751);
#1558=AXIS2_PLACEMENT_3D('',#2881,#1752,#1753);
#1559=AXIS2_PLACEMENT_3D('',#2972,#1754,#1755);
#1560=AXIS2_PLACEMENT_3D('',#2994,#1756,#1757);
#1561=AXIS2_PLACEMENT_3D('',#3084,#1758,#1759);
#1562=AXIS2_PLACEMENT_3D('',#3150,#1760,#1761);
#1563=AXIS2_PLACEMENT_3D('',#3151,#1762,#1763);
#1564=AXIS2_PLACEMENT_3D('',#3152,#1764,#1765);
#1565=AXIS2_PLACEMENT_3D('',#3154,#1766,#1767);
#1566=AXIS2_PLACEMENT_3D('',#3155,#1768,#1769);
#1567=AXIS2_PLACEMENT_3D('',#3156,#1770,#1771);
#1568=AXIS2_PLACEMENT_3D('',#3157,#1772,#1773);
#1569=AXIS2_PLACEMENT_3D('',#3158,#1774,#1775);
#1570=AXIS2_PLACEMENT_3D('',#3160,#1776,#1777);
#1571=AXIS2_PLACEMENT_3D('',#3161,#1778,#1779);
#1572=AXIS2_PLACEMENT_3D('',#3162,#1780,#1781);
#1573=AXIS2_PLACEMENT_3D('',#3164,#1782,#1783);
#1574=AXIS2_PLACEMENT_3D('',#3206,#1784,#1785);
#1575=AXIS2_PLACEMENT_3D('',#3234,#1786,#1787);
#1576=AXIS2_PLACEMENT_3D('',#3262,#1788,#1789);
#1577=AXIS2_PLACEMENT_3D('',#3275,#1790,#1791);
#1578=AXIS2_PLACEMENT_3D('',#3302,#1792,#1793);
#1579=AXIS2_PLACEMENT_3D('',#3342,#1794,#1795);
#1580=AXIS2_PLACEMENT_3D('',#3343,#1796,#1797);
#1581=AXIS2_PLACEMENT_3D('',#3347,#1800,#1801);
#1582=AXIS2_PLACEMENT_3D('',#3349,#1803,#1804);
#1583=AXIS2_PLACEMENT_3D('',#3353,#1807,#1808);
#1584=AXIS2_PLACEMENT_3D('',#3355,#1810,#1811);
#1585=AXIS2_PLACEMENT_3D('',#3356,#1812,#1813);
#1586=AXIS2_PLACEMENT_3D('',#3361,#1814,#1815);
#1587=AXIS2_PLACEMENT_3D('',#3445,#1816,#1817);
#1588=AXIS2_PLACEMENT_3D('',#3536,#1818,#1819);
#1589=AXIS2_PLACEMENT_3D('',#3552,#1820,#1821);
#1590=AXIS2_PLACEMENT_3D('',#3643,#1822,#1823);
#1591=AXIS2_PLACEMENT_3D('',#3700,#1824,#1825);
#1592=AXIS2_PLACEMENT_3D('',#3715,#1826,#1827);
#1593=AXIS2_PLACEMENT_3D('',#3716,#1828,#1829);
#1594=AXIS2_PLACEMENT_3D('',#3718,#1830,#1831);
#1595=AXIS2_PLACEMENT_3D('',#3719,#1832,#1833);
#1596=AXIS2_PLACEMENT_3D('',#3720,#1834,#1835);
#1597=AXIS2_PLACEMENT_3D('',#3721,#1836,#1837);
#1598=AXIS2_PLACEMENT_3D('',#3722,#1838,#1839);
#1599=AXIS2_PLACEMENT_3D('',#3724,#1840,#1841);
#1600=AXIS2_PLACEMENT_3D('',#3725,#1842,#1843);
#1601=AXIS2_PLACEMENT_3D('',#3726,#1844,#1845);
#1602=AXIS2_PLACEMENT_3D('',#3728,#1846,#1847);
#1603=AXIS2_PLACEMENT_3D('',#3762,#1848,#1849);
#1604=AXIS2_PLACEMENT_3D('',#3792,#1850,#1851);
#1605=AXIS2_PLACEMENT_3D('',#3820,#1852,#1853);
#1606=AXIS2_PLACEMENT_3D('',#3844,#1854,#1855);
#1607=AXIS2_PLACEMENT_3D('',#3860,#1856,#1857);
#1608=AXIS2_PLACEMENT_3D('',#3906,#1858,#1859);
#1609=DIRECTION('',(0.,0.,1.));
#1610=DIRECTION('',(1.,0.,0.));
#1611=DIRECTION('',(0.,0.,1.));
#1612=DIRECTION('',(1.,0.,0.));
#1613=DIRECTION('',(0.,1.,0.));
#1614=DIRECTION('',(1.,0.,0.));
#1615=DIRECTION('',(0.0339009699671857,-0.999425196918351,0.));
#1616=DIRECTION('',(0.0523613441899473,-0.998628203905048,0.));
#1617=DIRECTION('',(0.,0.,1.));
#1618=DIRECTION('',(-1.,0.,0.));
#1619=DIRECTION('',(0.,0.,-1.));
#1620=DIRECTION('',(-1.,0.,0.));
#1621=DIRECTION('',(0.,0.,1.));
#1622=DIRECTION('',(-1.,0.,0.));
#1623=DIRECTION('',(0.,0.,1.));
#1624=DIRECTION('',(-1.,0.,0.));
#1625=DIRECTION('',(-0.0287577110435468,-0.999586411500044,0.));
#1626=DIRECTION('',(0.0431874139150748,-0.999066988384327,0.));
#1627=DIRECTION('',(0.,0.,-1.));
#1628=DIRECTION('',(-1.,0.,0.));
#1629=DIRECTION('',(-1.,0.,0.));
#1630=DIRECTION('',(0.,-1.,0.));
#1631=DIRECTION('',(1.,0.,0.));
#1632=DIRECTION('',(0.,0.,-1.));
#1633=DIRECTION('',(0.,0.,-1.));
#1634=DIRECTION('',(0.,0.,1.));
#1635=DIRECTION('',(-1.,3.66129399043691E-16,0.));
#1636=DIRECTION('',(0.,0.,-1.));
#1637=DIRECTION('',(-1.36397641240394E-15,1.11650767092536E-15,-1.));
#1638=DIRECTION('',(-1.,3.66129399043691E-16,1.36397641240394E-15));
#1639=DIRECTION('',(0.,0.,-1.));
#1640=DIRECTION('',(1.36397641240394E-15,-1.11650767092536E-15,-1.));
#1641=DIRECTION('',(-1.,3.66129399043691E-16,-1.36397641240394E-15));
#1642=DIRECTION('',(0.999544605815831,-0.0301758344453708,0.));
#1643=DIRECTION('',(-0.0301758344453708,-0.999544605815831,0.));
#1644=DIRECTION('',(0.,0.,-1.));
#1645=DIRECTION('',(0.,0.,1.));
#1646=DIRECTION('',(0.,0.,1.));
#1647=DIRECTION('',(0.,0.,-1.));
#1648=DIRECTION('',(-0.993068669031435,-0.117535605618617,0.));
#1649=DIRECTION('',(-0.117535605618617,0.993068669031435,0.));
#1650=DIRECTION('',(0.,0.,-1.));
#1651=DIRECTION('',(0.,0.,1.));
#1652=DIRECTION('',(0.,0.,-1.));
#1653=DIRECTION('',(0.,0.,-1.));
#1654=DIRECTION('',(1.,-3.66129399043691E-16,0.));
#1655=DIRECTION('',(0.,0.,-1.));
#1656=DIRECTION('',(0.,0.,-1.));
#1657=DIRECTION('',(-1.,3.66129399043691E-16,0.));
#1658=DIRECTION('',(0.,0.,-1.));
#1659=DIRECTION('',(-1.,3.66129399043691E-16,0.));
#1660=DIRECTION('',(0.,0.,-1.));
#1661=DIRECTION('',(1.,-3.66129399043691E-16,0.));
#1662=DIRECTION('',(0.,0.,-1.));
#1663=DIRECTION('',(-1.,3.66129399043691E-16,0.));
#1664=DIRECTION('',(0.,0.,-1.));
#1665=DIRECTION('',(-1.,3.66129399043691E-16,0.));
#1666=DIRECTION('',(0.,0.,-1.));
#1667=DIRECTION('',(1.,-3.66129399043691E-16,0.));
#1668=DIRECTION('',(0.,0.,-1.));
#1669=DIRECTION('',(0.,0.,-1.));
#1670=DIRECTION('',(-1.,3.66129399043691E-16,0.));
#1671=DIRECTION('',(0.,0.,-1.));
#1672=DIRECTION('',(-1.,3.66129399043691E-16,0.));
#1673=DIRECTION('',(0.,0.,-1.));
#1674=DIRECTION('',(1.,-3.66129399043691E-16,0.));
#1675=DIRECTION('',(0.,0.,-1.));
#1676=DIRECTION('',(0.,0.,-1.));
#1677=DIRECTION('',(-1.,3.66129399043691E-16,0.));
#1678=DIRECTION('',(0.,0.,-1.));
#1679=DIRECTION('',(-1.,3.66129399043691E-16,0.));
#1680=DIRECTION('',(0.,0.,-1.));
#1681=DIRECTION('',(0.,0.,1.));
#1682=DIRECTION('',(1.,-3.66129399043691E-16,0.));
#1683=DIRECTION('',(0.,0.,1.));
#1684=DIRECTION('',(0.,0.,-1.));
#1685=DIRECTION('',(0.,0.,1.));
#1686=DIRECTION('',(0.,0.,-1.));
#1687=DIRECTION('',(-0.999076305687813,-0.0429713324577201,0.));
#1688=DIRECTION('',(-0.0429713324577201,0.999076305687813,0.));
#1689=DIRECTION('',(0.,0.,-1.));
#1690=DIRECTION('',(0.,0.,-1.));
#1691=DIRECTION('',(0.,0.,1.));
#1692=DIRECTION('',(0.,0.,-1.));
#1693=DIRECTION('',(0.,0.,-1.));
#1694=DIRECTION('',(0.,-1.,0.));
#1695=DIRECTION('',(1.,0.,0.));
#1696=DIRECTION('',(1.,0.,0.));
#1697=DIRECTION('',(1.,0.,0.));
#1698=DIRECTION('',(0.,0.,-1.));
#1699=DIRECTION('',(1.,0.,0.));
#1700=DIRECTION('',(0.,0.,-1.));
#1701=DIRECTION('',(0.,0.,-1.));
#1702=DIRECTION('',(0.998473906440732,0.0552255208846899,0.));
#1703=DIRECTION('',(0.,0.,-1.));
#1704=DIRECTION('',(0.,0.,-1.));
#1705=DIRECTION('',(-1.,0.,0.));
#1706=DIRECTION('',(0.,0.,-1.));
#1707=DIRECTION('',(0.999066988384326,0.0431874139150748,0.));
#1708=DIRECTION('',(-0.0431874139150748,0.999066988384327,0.));
#1709=DIRECTION('',(0.,0.,-1.));
#1710=DIRECTION('',(0.0431874139150748,-0.999066988384327,0.));
#1711=DIRECTION('',(0.,0.,-1.));
#1712=DIRECTION('',(0.,0.,-1.));
#1713=DIRECTION('',(0.999586411500044,-0.0287577110435468,0.));
#1714=DIRECTION('',(0.0287577110435468,0.999586411500044,0.));
#1715=DIRECTION('',(0.,0.,-1.));
#1716=DIRECTION('',(-0.0287577110435468,-0.999586411500044,0.));
#1717=DIRECTION('',(0.,0.,-1.));
#1718=DIRECTION('',(0.,0.,-1.));
#1719=DIRECTION('',(-1.,0.,0.));
#1720=DIRECTION('',(0.,0.,-1.));
#1721=DIRECTION('',(0.,0.,1.));
#1722=DIRECTION('',(-1.,0.,0.));
#1723=DIRECTION('',(0.,0.,-1.));
#1724=DIRECTION('',(-1.,0.,0.));
#1725=DIRECTION('',(0.,0.,-1.));
#1726=DIRECTION('',(0.,0.,1.));
#1727=DIRECTION('',(-1.,0.,0.));
#1728=DIRECTION('',(0.,0.,-1.));
#1729=DIRECTION('',(-1.,0.,0.));
#1730=DIRECTION('',(0.,0.,-1.));
#1731=DIRECTION('',(0.,0.,-1.));
#1732=DIRECTION('',(-1.,0.,0.));
#1733=DIRECTION('',(0.,0.,-1.));
#1734=DIRECTION('',(-1.,0.,0.));
#1735=DIRECTION('',(0.,0.,-1.));
#1736=DIRECTION('',(0.,0.,1.));
#1737=DIRECTION('',(-1.,0.,0.));
#1738=DIRECTION('',(0.,0.,-1.));
#1739=DIRECTION('',(0.998628203905048,0.0523613441899473,0.));
#1740=DIRECTION('',(-0.0523613441899473,0.998628203905048,0.));
#1741=DIRECTION('',(0.,0.,-1.));
#1742=DIRECTION('',(0.0523613441899473,-0.998628203905048,0.));
#1743=DIRECTION('',(0.,0.,-1.));
#1744=DIRECTION('',(0.999425196918351,0.0339009699671857,0.));
#1745=DIRECTION('',(-0.0339009699671857,0.999425196918351,0.));
#1746=DIRECTION('',(0.0339009699671857,-0.999425196918351,0.));
#1747=DIRECTION('',(0.,0.,-1.));
#1748=DIRECTION('',(0.,0.,-1.));
#1749=DIRECTION('',(-1.,0.,0.));
#1750=DIRECTION('',(0.,0.,1.));
#1751=DIRECTION('',(1.,0.,0.));
#1752=DIRECTION('',(0.,0.,1.));
#1753=DIRECTION('',(1.,0.,0.));
#1754=DIRECTION('',(0.011206713083773,-0.999937202819186,0.));
#1755=DIRECTION('',(0.999937202819186,0.011206713083773,0.));
#1756=DIRECTION('',(0.0552255962724099,-0.998473902271039,0.));
#1757=DIRECTION('',(0.998473902271039,0.0552255962724099,0.));
#1758=DIRECTION('',(0.128683191965031,-0.99168575471552,0.));
#1759=DIRECTION('',(0.99168575471552,0.128683191965031,0.));
#1760=DIRECTION('',(0.884193124172439,-0.467121525051224,0.));
#1761=DIRECTION('',(0.467121525051224,0.884193124172439,0.));
#1762=DIRECTION('',(0.,0.,1.));
#1763=DIRECTION('',(-1.,3.66129399043691E-16,0.));
#1764=DIRECTION('',(0.,0.,-1.));
#1765=DIRECTION('',(-1.,3.66129399043691E-16,0.));
#1766=DIRECTION('',(0.883652562424995,-0.468143299556599,0.));
#1767=DIRECTION('',(0.4681432995566,0.883652562424995,0.));
#1768=DIRECTION('',(0.,0.,1.));
#1769=DIRECTION('',(-1.,3.66129399043691E-16,0.));
#1770=DIRECTION('',(0.,0.,-1.));
#1771=DIRECTION('',(-1.,3.66129399043691E-16,0.));
#1772=DIRECTION('',(0.,0.,1.));
#1773=DIRECTION('',(-1.,3.66129399043691E-16,0.));
#1774=DIRECTION('',(0.,0.,-1.));
#1775=DIRECTION('',(-1.,3.66129399043691E-16,0.));
#1776=DIRECTION('',(-0.655476005421816,0.75521599977507,0.));
#1777=DIRECTION('',(-0.75521599977507,-0.655476005421816,0.));
#1778=DIRECTION('',(0.,0.,1.));
#1779=DIRECTION('',(-1.,3.66129399043691E-16,0.));
#1780=DIRECTION('',(0.,0.,-1.));
#1781=DIRECTION('',(-1.,3.66129399043691E-16,0.));
#1782=DIRECTION('',(-0.656520783542593,0.754307934981875,0.));
#1783=DIRECTION('',(-0.754307934981875,-0.656520783542593,0.));
#1784=DIRECTION('',(-0.138482405652833,0.990364894028763,0.));
#1785=DIRECTION('',(-0.990364894028764,-0.138482405652833,0.));
#1786=DIRECTION('',(0.129551508381893,0.991572693591335,0.));
#1787=DIRECTION('',(-0.991572693591335,0.129551508381893,0.));
#1788=DIRECTION('',(0.0718190537547501,0.997417677564305,0.));
#1789=DIRECTION('',(-0.997417677564305,0.0718190537547501,0.));
#1790=DIRECTION('',(0.0621891440170512,-0.998064381874449,0.));
#1791=DIRECTION('',(0.998064381874449,0.0621891440170512,0.));
#1792=DIRECTION('',(-0.0540651249839737,0.998537411547743,0.));
#1793=DIRECTION('',(-0.998537411547743,-0.0540651249839737,0.));
#1794=DIRECTION('',(0.,0.,1.));
#1795=DIRECTION('',(1.,0.,0.));
#1796=DIRECTION('',(1.,0.,0.));
#1797=DIRECTION('',(0.,0.,-1.));
#1798=DIRECTION('',(0.,0.,-1.));
#1799=DIRECTION('',(0.,-1.,0.));
#1800=DIRECTION('',(0.,-1.,0.));
#1801=DIRECTION('',(0.,0.,-1.));
#1802=DIRECTION('',(-1.,0.,0.));
#1803=DIRECTION('',(0.,1.,0.));
#1804=DIRECTION('',(0.,0.,1.));
#1805=DIRECTION('',(0.,0.,-1.));
#1806=DIRECTION('',(1.,0.,0.));
#1807=DIRECTION('',(-1.,0.,0.));
#1808=DIRECTION('',(0.,0.,1.));
#1809=DIRECTION('',(0.,1.,0.));
#1810=DIRECTION('',(0.,0.,-1.));
#1811=DIRECTION('',(1.,0.,0.));
#1812=DIRECTION('',(0.,0.,-1.));
#1813=DIRECTION('',(-1.,0.,0.));
#1814=DIRECTION('',(0.,0.,1.));
#1815=DIRECTION('',(1.,0.,0.));
#1816=DIRECTION('',(0.,0.,1.));
#1817=DIRECTION('',(1.,0.,0.));
#1818=DIRECTION('',(-0.011206713083773,0.999937202819186,0.));
#1819=DIRECTION('',(0.999937202819186,0.011206713083773,0.));
#1820=DIRECTION('',(-0.0552255962724099,0.998473902271039,0.));
#1821=DIRECTION('',(0.998473902271039,0.0552255962724099,0.));
#1822=DIRECTION('',(-0.128683191965031,0.99168575471552,0.));
#1823=DIRECTION('',(0.99168575471552,0.128683191965031,0.));
#1824=DIRECTION('',(-0.884193124172439,0.467121525051224,0.));
#1825=DIRECTION('',(0.467121525051224,0.884193124172439,0.));
#1826=DIRECTION('',(0.,0.,-1.));
#1827=DIRECTION('',(-1.,3.66129399043691E-16,0.));
#1828=DIRECTION('',(-0.883652562424995,0.468143299556599,0.));
#1829=DIRECTION('',(0.4681432995566,0.883652562424995,0.));
#1830=DIRECTION('',(0.,0.,-1.));
#1831=DIRECTION('',(-1.,3.66129399043691E-16,0.));
#1832=DIRECTION('',(0.,0.,-1.));
#1833=DIRECTION('',(-1.,3.66129399043691E-16,0.));
#1834=DIRECTION('',(0.,0.,-1.));
#1835=DIRECTION('',(-1.,3.66129399043691E-16,0.));
#1836=DIRECTION('',(0.,0.,-1.));
#1837=DIRECTION('',(-1.,3.66129399043691E-16,0.));
#1838=DIRECTION('',(0.655476005421816,-0.75521599977507,0.));
#1839=DIRECTION('',(-0.75521599977507,-0.655476005421816,0.));
#1840=DIRECTION('',(0.,0.,-1.));
#1841=DIRECTION('',(-1.,3.66129399043691E-16,0.));
#1842=DIRECTION('',(0.,0.,-1.));
#1843=DIRECTION('',(-1.,3.66129399043691E-16,0.));
#1844=DIRECTION('',(0.656520783542593,-0.754307934981875,0.));
#1845=DIRECTION('',(-0.754307934981875,-0.656520783542593,0.));
#1846=DIRECTION('',(0.,0.,-1.));
#1847=DIRECTION('',(-1.,3.66129399043691E-16,0.));
#1848=DIRECTION('',(0.138482405652833,-0.990364894028763,0.));
#1849=DIRECTION('',(-0.990364894028764,-0.138482405652833,0.));
#1850=DIRECTION('',(-0.129551508381893,-0.991572693591335,0.));
#1851=DIRECTION('',(-0.991572693591335,0.129551508381893,0.));
#1852=DIRECTION('',(-0.0718190537547501,-0.997417677564305,0.));
#1853=DIRECTION('',(-0.997417677564305,0.0718190537547501,0.));
#1854=DIRECTION('',(-0.0621891440170512,0.998064381874449,0.));
#1855=DIRECTION('',(0.998064381874449,0.0621891440170512,0.));
#1856=DIRECTION('',(0.0540651249839737,-0.998537411547743,0.));
#1857=DIRECTION('',(-0.998537411547743,-0.0540651249839737,0.));
#1858=DIRECTION('',(0.,0.,-1.));
#1859=DIRECTION('',(1.,0.,0.));
#1860=CARTESIAN_POINT('',(0.,0.,0.));
#1861=CARTESIAN_POINT('',(0.00129687816628815,0.0445204488980223,0.00635));
#1862=CARTESIAN_POINT('',(-0.0933658139579143,0.0779227686369419,0.00635));
#1863=CARTESIAN_POINT('',(-0.0933658139579143,0.06858,0.00635));
#1864=CARTESIAN_POINT('',(-0.0933658139579143,0.08128,0.00635));
#1865=CARTESIAN_POINT('',(-0.0907611862655801,0.08128,0.00635));
#1866=CARTESIAN_POINT('',(-0.0912061792087264,0.0812800000097498,0.00635));
#1867=CARTESIAN_POINT('',(-0.0916823291902719,0.0890048281805688,0.00635));
#1868=CARTESIAN_POINT('',(-0.0916005180631749,0.0876918534920268,0.00635));
#1869=CARTESIAN_POINT('',(-0.091518706936078,0.0863788788034847,0.00635));
#1870=CARTESIAN_POINT('',(-0.091436895808981,0.0850659041149427,0.00635));
#1871=CARTESIAN_POINT('',(-0.0913704702619194,0.0839998503266716,0.00635));
#1872=CARTESIAN_POINT('',(-0.0912405564597694,0.0818997168983658,0.00635));
#1873=CARTESIAN_POINT('',(-0.0910650195713968,0.0788425529421442,0.00635));
#1874=CARTESIAN_POINT('',(-0.0909434295914722,0.0763689159414849,0.00635));
#1875=CARTESIAN_POINT('',(-0.0908658507648324,0.0744345344945079,0.00635));
#1876=CARTESIAN_POINT('',(-0.0908032432907152,0.0725231348980315,0.00635));
#1877=CARTESIAN_POINT('',(-0.0907451764137934,0.0701218406946954,0.00635));
#1878=CARTESIAN_POINT('',(-0.0906598513444279,0.0662272933839228,0.00635));
#1879=CARTESIAN_POINT('',(-0.0905626011745501,0.0631990511428982,0.00635));
#1880=CARTESIAN_POINT('',(-0.0904431218389872,0.0611016039409053,0.00635));
#1881=CARTESIAN_POINT('',(-0.0903633429661676,0.0597010941976475,0.00635));
#1882=CARTESIAN_POINT('',(-0.0902835640933479,0.0583005844543897,0.00635));
#1883=CARTESIAN_POINT('',(-0.0902037852205283,0.0569000747111319,0.00635));
#1884=CARTESIAN_POINT('',(-0.0916823291902719,0.0890048281805688,0.00635));
#1885=CARTESIAN_POINT('',(-0.0921121522086265,0.101676322688686,0.00635));
#1886=CARTESIAN_POINT('',(-0.092541975226981,0.114347817196803,0.00635));
#1887=CARTESIAN_POINT('',(-0.0934231980932644,0.144624576837012,0.00635));
#1888=CARTESIAN_POINT('',(-0.093357015967896,0.143428009856521,0.00635));
#1889=CARTESIAN_POINT('',(-0.0932908338425275,0.14223144287603,0.00635));
#1890=CARTESIAN_POINT('',(-0.0932246517171591,0.141034875895538,0.00635));
#1891=CARTESIAN_POINT('',(-0.0931285208628462,0.13929683854124,0.00635));
#1892=CARTESIAN_POINT('',(-0.092995232252055,0.136639456515004,0.00635));
#1893=CARTESIAN_POINT('',(-0.0928564214512059,0.132985606518064,0.00635));
#1894=CARTESIAN_POINT('',(-0.0927748245617868,0.130170968593418,0.00635));
#1895=CARTESIAN_POINT('',(-0.092711046897609,0.127286763314169,0.00635));
#1896=CARTESIAN_POINT('',(-0.0926446020249711,0.123368089896426,0.00635));
#1897=CARTESIAN_POINT('',(-0.092609407268394,0.120364550771306,0.00635));
#1898=CARTESIAN_POINT('',(-0.0925868238409073,0.11834950772145,0.00635));
#1899=CARTESIAN_POINT('',(-0.0925718743029318,0.117015610879901,0.00635));
#1900=CARTESIAN_POINT('',(-0.0925569247649564,0.115681714038352,0.00635));
#1901=CARTESIAN_POINT('',(-0.092541975226981,0.114347817196803,0.00635));
#1902=CARTESIAN_POINT('',(-0.0934231980932644,0.144624576837012,0.00635));
#1903=CARTESIAN_POINT('',(-0.0941062602928348,0.157651843192855,0.00635));
#1904=CARTESIAN_POINT('',(-0.0947893224924052,0.170679109548698,0.00635));
#1905=CARTESIAN_POINT('',(-0.120230228331818,0.209476589460488,0.00635));
#1906=CARTESIAN_POINT('',(-0.119238937663981,0.208952888024829,0.00635));
#1907=CARTESIAN_POINT('',(-0.117278883923922,0.207888760523083,0.00635));
#1908=CARTESIAN_POINT('',(-0.114405769683409,0.206217444577656,0.00635));
#1909=CARTESIAN_POINT('',(-0.111624133114561,0.204461831220331,0.00635));
#1910=CARTESIAN_POINT('',(-0.109020998055064,0.202634282723559,0.00635));
#1911=CARTESIAN_POINT('',(-0.10705203881848,0.201054917913759,0.00635));
#1912=CARTESIAN_POINT('',(-0.105629035570929,0.19976587075275,0.00635));
#1913=CARTESIAN_POINT('',(-0.104644525478561,0.198788997163237,0.00635));
#1914=CARTESIAN_POINT('',(-0.103748742997402,0.19780498767344,0.00635));
#1915=CARTESIAN_POINT('',(-0.103080041393959,0.196981633872757,0.00635));
#1916=CARTESIAN_POINT('',(-0.102593246646187,0.196322127996783,0.00635));
#1917=CARTESIAN_POINT('',(-0.102121889132228,0.195640453404099,0.00635));
#1918=CARTESIAN_POINT('',(-0.10156471614508,0.194753436600092,0.00635));
#1919=CARTESIAN_POINT('',(-0.100942000725,0.193633560085798,0.00635));
#1920=CARTESIAN_POINT('',(-0.100362143410953,0.192462696585659,0.00635));
#1921=CARTESIAN_POINT('',(-0.0998216114381009,0.191245839427204,0.00635));
#1922=CARTESIAN_POINT('',(-0.0993166801082377,0.189989028834185,0.00635));
#1923=CARTESIAN_POINT('',(-0.0988431273502392,0.188698813273283,0.00635));
#1924=CARTESIAN_POINT('',(-0.0983959712237289,0.187381852667798,0.00635));
#1925=CARTESIAN_POINT('',(-0.0979701424160621,0.186045144292513,0.00635));
#1926=CARTESIAN_POINT('',(-0.0974201364583045,0.184243352570332,0.00635));
#1927=CARTESIAN_POINT('',(-0.0968058180471648,0.182098753801405,0.00635));
#1928=CARTESIAN_POINT('',(-0.0961809456615699,0.17959811704128,0.00635));
#1929=CARTESIAN_POINT('',(-0.0956669103200548,0.177093654852005,0.00635));
#1930=CARTESIAN_POINT('',(-0.0953966607767905,0.175359508874525,0.00635));
#1931=CARTESIAN_POINT('',(-0.0952800667606741,0.174460987295272,0.00635));
#1932=CARTESIAN_POINT('',(-0.0951164853379178,0.173200361379747,0.00635));
#1933=CARTESIAN_POINT('',(-0.0949529039151615,0.171939735464223,0.00635));
#1934=CARTESIAN_POINT('',(-0.0947893224924052,0.170679109548698,0.00635));
#1935=CARTESIAN_POINT('',(-0.120230228331819,0.209476589460486,0.00635));
#1936=CARTESIAN_POINT('',(5.81517936148876,11.4443438927625,0.00635));
#1937=CARTESIAN_POINT('',(-0.133213252818159,0.216345156220105,0.00635));
#1938=CARTESIAN_POINT('',(-0.140727974528923,0.202160603964594,0.00635));
#1939=CARTESIAN_POINT('',(-0.133791661010841,0.216636795447799,0.00635));
#1940=CARTESIAN_POINT('',(-0.197849578143507,0.156677451902792,0.00635));
#1941=CARTESIAN_POINT('',(-0.13158592775806,0.214189783305004,0.00635));
#1942=CARTESIAN_POINT('',(9.45486164781165,8.53457277954927,0.00635));
#1943=CARTESIAN_POINT('',(-0.120059271095958,0.20092773551226,0.00635));
#1944=CARTESIAN_POINT('',(-0.107362033917245,0.168219128717149,0.00635));
#1945=CARTESIAN_POINT('',(-0.107571861260324,0.169719721037257,0.00635));
#1946=CARTESIAN_POINT('',(-0.107781688603403,0.171220313357366,0.00635));
#1947=CARTESIAN_POINT('',(-0.107991515946482,0.172720905677474,0.00635));
#1948=CARTESIAN_POINT('',(-0.108193689624723,0.174166762373008,0.00635));
#1949=CARTESIAN_POINT('',(-0.108551124588095,0.176236038687586,0.00635));
#1950=CARTESIAN_POINT('',(-0.109104000209506,0.178801999955872,0.00635));
#1951=CARTESIAN_POINT('',(-0.109474321941242,0.180325686834845,0.00635));
#1952=CARTESIAN_POINT('',(-0.109781268568042,0.181498826428682,0.00635));
#1953=CARTESIAN_POINT('',(-0.11010179014683,0.182663429902864,0.00635));
#1954=CARTESIAN_POINT('',(-0.110531067131311,0.184101164916887,0.00635));
#1955=CARTESIAN_POINT('',(-0.111106031573942,0.185811572026222,0.00635));
#1956=CARTESIAN_POINT('',(-0.111752726318338,0.187515005958603,0.00635));
#1957=CARTESIAN_POINT('',(-0.112480814239991,0.189217739516112,0.00635));
#1958=CARTESIAN_POINT('',(-0.11357122756059,0.19149729434223,0.00635));
#1959=CARTESIAN_POINT('',(-0.114840527181173,0.193780668227711,0.00635));
#1960=CARTESIAN_POINT('',(-0.116286914020095,0.196038994200473,0.00635));
#1961=CARTESIAN_POINT('',(-0.117265190097925,0.197433752475536,0.00635));
#1962=CARTESIAN_POINT('',(-0.118091721121314,0.198534498904385,0.00635));
#1963=CARTESIAN_POINT('',(-0.118950432032106,0.199626755245166,0.00635));
#1964=CARTESIAN_POINT('',(-0.11961273278797,0.200414686424658,0.00635));
#1965=CARTESIAN_POINT('',(-0.120059271095958,0.20092773551226,0.00635));
#1966=CARTESIAN_POINT('',(-0.107362033917245,0.168219128717149,0.00635));
#1967=CARTESIAN_POINT('',(-0.107656246849465,0.157992610734196,0.00635));
#1968=CARTESIAN_POINT('',(-0.107950459781686,0.147766092751243,0.00635));
#1969=CARTESIAN_POINT('',(-0.113298596099391,0.114668120710334,0.00635));
#1970=CARTESIAN_POINT('',(-0.113132452338709,0.116975512903039,0.00635));
#1971=CARTESIAN_POINT('',(-0.112691869045569,0.120370195980619,0.00635));
#1972=CARTESIAN_POINT('',(-0.111873063054118,0.124943885044726,0.00635));
#1973=CARTESIAN_POINT('',(-0.111300045355918,0.127853342263007,0.00635));
#1974=CARTESIAN_POINT('',(-0.110827972876787,0.130229120552514,0.00635));
#1975=CARTESIAN_POINT('',(-0.110355979475154,0.132642341875453,0.00635));
#1976=CARTESIAN_POINT('',(-0.109783461321294,0.135693426836446,0.00635));
#1977=CARTESIAN_POINT('',(-0.109140507333524,0.139430022801964,0.00635));
#1978=CARTESIAN_POINT('',(-0.108754429006111,0.141977916958993,0.00635));
#1979=CARTESIAN_POINT('',(-0.10857522644877,0.143268085628141,0.00635));
#1980=CARTESIAN_POINT('',(-0.108366970893075,0.144767421335841,0.00635));
#1981=CARTESIAN_POINT('',(-0.108158715337381,0.146266757043542,0.00635));
#1982=CARTESIAN_POINT('',(-0.107950459781686,0.147766092751243,0.00635));
#1983=CARTESIAN_POINT('',(-0.113298596099391,0.114668120710334,0.00635));
#1984=CARTESIAN_POINT('',(-0.113576752600317,0.109766908637108,0.00635));
#1985=CARTESIAN_POINT('',(-0.113507122447056,0.111035946358872,0.00635));
#1986=CARTESIAN_POINT('',(-0.113437492293796,0.112304984080637,0.00635));
#1987=CARTESIAN_POINT('',(-0.113367862140535,0.113574021802402,0.00635));
#1988=CARTESIAN_POINT('',(-0.113347649962191,0.113942396932377,0.00635));
#1989=CARTESIAN_POINT('',(-0.113324603740086,0.114306928530478,0.00635));
#1990=CARTESIAN_POINT('',(-0.113298596099391,0.114668120710334,0.00635));
#1991=CARTESIAN_POINT('',(-0.113576752600317,0.109766908637108,0.00635));
#1992=CARTESIAN_POINT('',(-0.11325063733765,0.102222789556967,0.00635));
#1993=CARTESIAN_POINT('',(-0.112924595734571,0.0946786646861959,0.00635000005000412));
#1994=CARTESIAN_POINT('',(-6.84003562601779,-0.280095280583334,0.00635));
#1995=CARTESIAN_POINT('',(-0.112625684224886,0.0892677896589921,0.00635));
#1996=CARTESIAN_POINT('',(-0.111315554955944,0.0604767260108646,0.00635));
#1997=CARTESIAN_POINT('',(-0.111370294133258,0.061762292233642,0.00635));
#1998=CARTESIAN_POINT('',(-0.111425033310572,0.0630478584564194,0.00635));
#1999=CARTESIAN_POINT('',(-0.111479772487885,0.0643334246791968,0.00635));
#2000=CARTESIAN_POINT('',(-0.111666090332369,0.0687091559072312,0.00635));
#2001=CARTESIAN_POINT('',(-0.112038396968346,0.077515145585478,0.00635));
#2002=CARTESIAN_POINT('',(-0.112427420108124,0.0856060180823481,0.00635));
#2003=CARTESIAN_POINT('',(-0.112625684224886,0.0892677896589921,0.00635));
#2004=CARTESIAN_POINT('',(-0.112224207228695,0.081279999990247,0.00635));
#2005=CARTESIAN_POINT('',(-0.112144632966153,0.08128,0.00635));
#2006=CARTESIAN_POINT('',(-0.109005813957914,0.08128,0.00635));
#2007=CARTESIAN_POINT('',(-0.109005813957914,0.0778579560363293,0.00635));
#2008=CARTESIAN_POINT('',(-0.109005813957914,0.06858,0.00635));
#2009=CARTESIAN_POINT('',(0.00129687816628815,0.06858,0.00635));
#2010=CARTESIAN_POINT('',(-0.0916823291902719,0.0890048281805688,0.02921));
#2011=CARTESIAN_POINT('',(-0.0916823291902719,0.0890048281805688,0.00635));
#2012=CARTESIAN_POINT('',(-0.0915204555336136,0.086406941786923,0.02921));
#2013=CARTESIAN_POINT('',(-0.0915204555336136,0.086406941786923,0.00635));
#2014=CARTESIAN_POINT('',(-0.0913532209837944,0.0837856976813884,0.02921));
#2015=CARTESIAN_POINT('',(-0.0913532209837944,0.0837856976813884,0.00635));
#2016=CARTESIAN_POINT('',(-0.0912061792087254,0.0812800000097332,0.02921));
#2017=CARTESIAN_POINT('',(-0.0912061792087254,0.0812800000097332,0.00635));
#2018=CARTESIAN_POINT('',(-0.0912061792087264,0.0812800000097498,0.01778));
#2019=CARTESIAN_POINT('',(-0.0912061792087264,0.0812800000097498,0.02921));
#2020=CARTESIAN_POINT('',(-0.0916823291902719,0.0890048281805688,0.02921));
#2021=CARTESIAN_POINT('',(-0.0916005180631749,0.0876918534920268,0.02921));
#2022=CARTESIAN_POINT('',(-0.091518706936078,0.0863788788034847,0.02921));
#2023=CARTESIAN_POINT('',(-0.091436895808981,0.0850659041149427,0.02921));
#2024=CARTESIAN_POINT('',(-0.0913704702619194,0.0839998503266716,0.02921));
#2025=CARTESIAN_POINT('',(-0.0912405564597694,0.0818997168983658,0.02921));
#2026=CARTESIAN_POINT('',(-0.0910650195713968,0.0788425529421442,0.02921));
#2027=CARTESIAN_POINT('',(-0.0909434295914722,0.0763689159414849,0.02921));
#2028=CARTESIAN_POINT('',(-0.0908658507648324,0.0744345344945079,0.02921));
#2029=CARTESIAN_POINT('',(-0.0908032432907152,0.0725231348980315,0.02921));
#2030=CARTESIAN_POINT('',(-0.0907451764137934,0.0701218406946954,0.02921));
#2031=CARTESIAN_POINT('',(-0.0906598513444279,0.0662272933839228,0.02921));
#2032=CARTESIAN_POINT('',(-0.0905626011745501,0.0631990511428982,0.02921));
#2033=CARTESIAN_POINT('',(-0.0904431218389872,0.0611016039409053,0.02921));
#2034=CARTESIAN_POINT('',(-0.0903633429661676,0.0597010941976475,0.02921));
#2035=CARTESIAN_POINT('',(-0.0902835640933479,0.0583005844543897,0.02921));
#2036=CARTESIAN_POINT('',(-0.0902037852205283,0.0569000747111319,0.02921));
#2037=CARTESIAN_POINT('',(-0.0916823291902719,0.0890048281805688,0.02921));
#2038=CARTESIAN_POINT('',(-0.0916823291902719,0.0890048281805688,0.02921));
#2039=CARTESIAN_POINT('',(-0.144686064105367,0.221624411997064,0.03556));
#2040=CARTESIAN_POINT('',(-0.146294942913394,0.219658932671027,0.03556));
#2041=CARTESIAN_POINT('',(-0.146294942913394,0.219658932671027,0.00635));
#2042=CARTESIAN_POINT('',(-0.146294942913394,0.219658932671027,0.02921));
#2043=CARTESIAN_POINT('',(-0.144686064105367,0.221624411997064,0.02921));
#2044=CARTESIAN_POINT('',(-0.145192229401733,0.224113467378681,0.02921));
#2045=CARTESIAN_POINT('',(-0.145192229401733,0.224113467378681,0.03556));
#2046=CARTESIAN_POINT('',(-0.145192229401733,0.224113467378681,0.00635));
#2047=CARTESIAN_POINT('',(-0.144686064105367,0.221624411997064,0.00635));
#2048=CARTESIAN_POINT('',(-0.110647383233103,0.102421838882621,0.01778));
#2049=CARTESIAN_POINT('',(-0.119076566507005,0.0909319034693245,0.0200553038041795));
#2050=CARTESIAN_POINT('',(-0.119059635998341,0.0906259816582967,0.0170160388617162));
#2051=CARTESIAN_POINT('',(-0.119101356889346,0.0913817649449882,0.0132791312236571));
#2052=CARTESIAN_POINT('',(-0.11924632444652,0.0939642104888335,0.00946009301208744));
#2053=CARTESIAN_POINT('',(-0.119461144262208,0.0978071074393385,0.00694510564959274));
#2054=CARTESIAN_POINT('',(-0.119686421588459,0.10231512290456,0.00607935770974483));
#2055=CARTESIAN_POINT('',(-0.119833508879919,0.106820338064504,0.00696835136066491));
#2056=CARTESIAN_POINT('',(-0.11983963556058,0.110673182514385,0.00947430059305656));
#2057=CARTESIAN_POINT('',(-0.119746665980433,0.113295800975254,0.0132571086343417));
#2058=CARTESIAN_POINT('',(-0.119689237367796,0.114233452899116,0.0177765780605513));
#2059=CARTESIAN_POINT('',(-0.11974633598766,0.113301860258409,0.0222863281402828));
#2060=CARTESIAN_POINT('',(-0.119839409377771,0.110684971074328,0.0260747106099981));
#2061=CARTESIAN_POINT('',(-0.119833799333619,0.10683638389501,0.0285848179112039));
#2062=CARTESIAN_POINT('',(-0.119687219912499,0.102333507846696,0.0294805486367288));
#2063=CARTESIAN_POINT('',(-0.119462077437391,0.0978242447151614,0.0286217315111494));
#2064=CARTESIAN_POINT('',(-0.11924696987627,0.0939754818461767,0.0261123372271072));
#2065=CARTESIAN_POINT('',(-0.11912576944594,0.0918171117100564,0.0229263135188767));
#2066=CARTESIAN_POINT('',(-0.119076566507005,0.0909319034693245,0.0200553038041795));
#2067=CARTESIAN_POINT('',(-0.119059635998341,0.0906259816582967,0.0170160388617162));
#2068=CARTESIAN_POINT('',(-0.119101356889346,0.0913817649449882,0.0132791312236571));
#2069=CARTESIAN_POINT('',(-0.119068060893963,0.0907783411477521,0.01778));
#2070=CARTESIAN_POINT('',(-0.142422513566601,0.103381116804632,0.01778));
#2071=CARTESIAN_POINT('',(-0.0862372226030054,0.118420670349532,0.02921));
#2072=CARTESIAN_POINT('',(-0.0862372226030054,0.118420670349532,0.00635));
#2073=CARTESIAN_POINT('',(-0.0862824369244912,0.122454991725997,0.02921));
#2074=CARTESIAN_POINT('',(-0.0862824369244912,0.122454991725997,0.00635));
#2075=CARTESIAN_POINT('',(-0.0863736891710772,0.130482671759343,0.02921));
#2076=CARTESIAN_POINT('',(-0.0863736891710772,0.130482671759343,0.00635));
#2077=CARTESIAN_POINT('',(-0.0866896299814321,0.137865174421699,0.02921));
#2078=CARTESIAN_POINT('',(-0.0866896299814321,0.137865174421699,0.00635));
#2079=CARTESIAN_POINT('',(-0.0868843424377379,0.141385558431867,0.02921));
#2080=CARTESIAN_POINT('',(-0.0868843424377379,0.141385558431867,0.00635));
#2081=CARTESIAN_POINT('',(-0.0868843424377379,0.141385558431865,0.03556));
#2082=CARTESIAN_POINT('',(-0.0868843424377379,0.141385558431867,0.01778));
#2083=CARTESIAN_POINT('',(-0.0868843424377379,0.141385558431865,0.00635));
#2084=CARTESIAN_POINT('',(-0.0868843424377379,0.141385558431865,0.));
#2085=CARTESIAN_POINT('',(-0.0868843424377379,0.141385558431865,0.02921));
#2086=CARTESIAN_POINT('',(-0.0868843424377379,0.141385558431867,0.02921));
#2087=CARTESIAN_POINT('',(-0.0866728578642215,0.137561936024091,0.02921));
#2088=CARTESIAN_POINT('',(-0.0863624931976026,0.129908697426592,0.02921));
#2089=CARTESIAN_POINT('',(-0.0862801374598409,0.122249818252455,0.02921));
#2090=CARTESIAN_POINT('',(-0.0862372226030054,0.118420670349532,0.02921));
#2091=CARTESIAN_POINT('',(-0.0862372226030054,0.118420670349532,0.02921));
#2092=CARTESIAN_POINT('',(-0.0862372226030054,0.118420670349532,0.));
#2093=CARTESIAN_POINT('',(-0.0862372226030055,0.118420670349531,0.01778));
#2094=CARTESIAN_POINT('',(-0.0862372226030054,0.118420670349532,0.03556));
#2095=CARTESIAN_POINT('',(-0.0862372226030054,0.118420670349532,0.00635));
#2096=CARTESIAN_POINT('',(-0.0868843424377379,0.141385558431867,0.00635));
#2097=CARTESIAN_POINT('',(-0.0866728578642215,0.137561936024091,0.00635));
#2098=CARTESIAN_POINT('',(-0.0863624931976026,0.129908697426592,0.00635000000000003));
#2099=CARTESIAN_POINT('',(-0.0862801374598409,0.122249818252455,0.00635));
#2100=CARTESIAN_POINT('',(-0.0862372226030054,0.118420670349532,0.00635));
#2101=CARTESIAN_POINT('',(-0.0958045456981222,0.157895641638268,0.01778));
#2102=CARTESIAN_POINT('',(-0.0554881662586239,0.162667325834481,0.01778));
#2103=CARTESIAN_POINT('',(-0.0889828622182306,0.17527812556425,0.01778));
#2104=CARTESIAN_POINT('',(-0.0889828622182306,0.17527812556425,0.0167207932959623));
#2105=CARTESIAN_POINT('',(-0.0889565117882377,0.17507864497681,0.0146440734465564));
#2106=CARTESIAN_POINT('',(-0.0888108811264079,0.173889474775479,0.0105826234892709));
#2107=CARTESIAN_POINT('',(-0.0886416004413249,0.17218592729984,0.00789917667036223));
#2108=CARTESIAN_POINT('',(-0.0885344945415216,0.170746564236092,0.00635));
#2109=CARTESIAN_POINT('',(-0.0889828622182306,0.17527812556425,0.01778));
#2110=CARTESIAN_POINT('',(-0.0885344945415216,0.170746564236091,0.00635));
#2111=CARTESIAN_POINT('',(-0.0889828622182306,0.17527812556425,0.01778));
#2112=CARTESIAN_POINT('',(-0.0889828622182306,0.17527812556425,0.0188392067040377));
#2113=CARTESIAN_POINT('',(-0.0889565117882377,0.175078644976809,0.0209159265534436));
#2114=CARTESIAN_POINT('',(-0.0888108811264079,0.173889474775479,0.0249773765107291));
#2115=CARTESIAN_POINT('',(-0.0886416004413249,0.17218592729984,0.0276608233296378));
#2116=CARTESIAN_POINT('',(-0.0885344945415216,0.170746564236092,0.02921));
#2117=CARTESIAN_POINT('',(-0.0885344945415216,0.170746564236091,0.02921));
#2118=CARTESIAN_POINT('',(-0.0885344945415216,0.170746564236091,0.02921));
#2119=CARTESIAN_POINT('',(-0.0884709928925808,0.169893185214578,0.0301284860334417));
#2120=CARTESIAN_POINT('',(-0.088668787152397,0.168567806175822,0.031425148967509));
#2121=CARTESIAN_POINT('',(-0.0894988304188953,0.166810202286305,0.0330213584087671));
#2122=CARTESIAN_POINT('',(-0.0901525838845079,0.166033333792871,0.0337719691141281));
#2123=CARTESIAN_POINT('',(-0.0905848307047696,0.1657509828655,0.0341344905224725));
#2124=CARTESIAN_POINT('',(-0.0905848307047696,0.165750982865499,0.0341344905224725));
#2125=CARTESIAN_POINT('',(-0.0905848307047696,0.165750982865499,0.0341344905224725));
#2126=CARTESIAN_POINT('',(-0.0898154951907103,0.164608572028324,0.0343165433244899));
#2127=CARTESIAN_POINT('',(-0.0885373013374845,0.162160846083727,0.0346338448468458));
#2128=CARTESIAN_POINT('',(-0.0876686229528178,0.158048886685469,0.0347698784063387));
#2129=CARTESIAN_POINT('',(-0.0880087850170969,0.153866672764624,0.0344800062974687));
#2130=CARTESIAN_POINT('',(-0.088923372462498,0.151269803680741,0.0341128849013492));
#2131=CARTESIAN_POINT('',(-0.0895053529309886,0.15002415526255,0.0339178662817691));
#2132=CARTESIAN_POINT('',(-0.0895053529309886,0.15002415526255,0.0339178662817691));
#2133=CARTESIAN_POINT('',(-0.0895053529309886,0.15002415526255,0.033917866281769));
#2134=CARTESIAN_POINT('',(-0.0891003913196419,0.149820772542973,0.0335637798506436));
#2135=CARTESIAN_POINT('',(-0.0884355801052937,0.149215436400349,0.032827286853899));
#2136=CARTESIAN_POINT('',(-0.0875152419483553,0.147772032040428,0.0312911219054045));
#2137=CARTESIAN_POINT('',(-0.0871950375525205,0.146608344399754,0.0300590508305158));
#2138=CARTESIAN_POINT('',(-0.0871468769516474,0.145832027247952,0.02921));
#2139=CARTESIAN_POINT('',(-0.0871468769516474,0.145832027247952,0.02921));
#2140=CARTESIAN_POINT('',(-0.0871476710065206,0.145831632368281,0.0292103150777163));
#2141=CARTESIAN_POINT('',(-0.0871028492242082,0.145119958558102,0.0284313549483331));
#2142=CARTESIAN_POINT('',(-0.0870262861935616,0.143864858521352,0.0267740099388117));
#2143=CARTESIAN_POINT('',(-0.0869164603261003,0.141976751023846,0.0230079190988586));
#2144=CARTESIAN_POINT('',(-0.0868842668964126,0.141385609637238,0.0198924307727799));
#2145=CARTESIAN_POINT('',(-0.0868842668964126,0.141385609637238,0.01778));
#2146=CARTESIAN_POINT('',(-0.0871476710065205,0.145831632368281,0.00634968492228366));
#2147=CARTESIAN_POINT('',(-0.0871028492242082,0.145119958558102,0.00712864505166689));
#2148=CARTESIAN_POINT('',(-0.0870262861935615,0.143864858521352,0.00878599006118822));
#2149=CARTESIAN_POINT('',(-0.0869164603261002,0.141976751023846,0.0125520809011414));
#2150=CARTESIAN_POINT('',(-0.0868842668964126,0.141385609637238,0.0156675692272201));
#2151=CARTESIAN_POINT('',(-0.0868842668964126,0.141385609637238,0.01778));
#2152=CARTESIAN_POINT('',(-0.0871468769516474,0.145832027247952,0.00635));
#2153=CARTESIAN_POINT('',(-0.0895053529309886,0.15002415526255,0.00164213371823105));
#2154=CARTESIAN_POINT('',(-0.0891003913196419,0.149820772542973,0.00199622014935639));
#2155=CARTESIAN_POINT('',(-0.0884355801052937,0.149215436400349,0.00273271314610098));
#2156=CARTESIAN_POINT('',(-0.0875152419483553,0.147772032040428,0.00426887809459552));
#2157=CARTESIAN_POINT('',(-0.0871950375525205,0.146608344399754,0.00550094916948423));
#2158=CARTESIAN_POINT('',(-0.0871468769516474,0.145832027247952,0.00635));
#2159=CARTESIAN_POINT('',(-0.0895053529309886,0.15002415526255,0.00164213371823098));
#2160=CARTESIAN_POINT('',(-0.0905848307047696,0.165750982865499,0.00142550947752756));
#2161=CARTESIAN_POINT('',(-0.0898154951907103,0.164608572028324,0.0012434566755101));
#2162=CARTESIAN_POINT('',(-0.0885373013374846,0.162160846083727,0.00092615515315424));
#2163=CARTESIAN_POINT('',(-0.0876686229528178,0.158048886685469,0.000790121593661327));
#2164=CARTESIAN_POINT('',(-0.0880087850170969,0.153866672764624,0.00107999370253126));
#2165=CARTESIAN_POINT('',(-0.088923372462498,0.151269803680741,0.00144711509865079));
#2166=CARTESIAN_POINT('',(-0.0895053529309886,0.15002415526255,0.00164213371823097));
#2167=CARTESIAN_POINT('',(-0.0905848307047696,0.165750982865499,0.00142550947752756));
#2168=CARTESIAN_POINT('',(-0.0885344945415216,0.170746564236091,0.00635));
#2169=CARTESIAN_POINT('',(-0.0884709928925808,0.169893185214578,0.00543151396655832));
#2170=CARTESIAN_POINT('',(-0.088668787152397,0.168567806175822,0.00413485103249105));
#2171=CARTESIAN_POINT('',(-0.0894988304188954,0.166810202286305,0.00253864159123288));
#2172=CARTESIAN_POINT('',(-0.090152583884508,0.166033333792871,0.00178803088587187));
#2173=CARTESIAN_POINT('',(-0.0905848307047696,0.1657509828655,0.00142550947752755));
#2174=CARTESIAN_POINT('',(-0.0889828622182306,0.17527812556425,0.02921));
#2175=CARTESIAN_POINT('',(-0.0889828622182306,0.17527812556425,0.00635));
#2176=CARTESIAN_POINT('',(-0.0892430925770792,0.177283568045696,0.02921));
#2177=CARTESIAN_POINT('',(-0.0892430925770792,0.177283568045696,0.00635));
#2178=CARTESIAN_POINT('',(-0.0899318230340785,0.181044445886409,0.02921));
#2179=CARTESIAN_POINT('',(-0.0899318230340785,0.181044445886409,0.00635000000000001));
#2180=CARTESIAN_POINT('',(-0.0914201426200998,0.186457459044711,0.02921));
#2181=CARTESIAN_POINT('',(-0.0914201426200998,0.186457459044711,0.00635000000000001));
#2182=CARTESIAN_POINT('',(-0.0932637893625539,0.192260383627849,0.02921));
#2183=CARTESIAN_POINT('',(-0.0932637893625539,0.192260383627849,0.00635));
#2184=CARTESIAN_POINT('',(-0.0954526366907331,0.19709767013333,0.02921));
#2185=CARTESIAN_POINT('',(-0.0954526366907331,0.19709767013333,0.00634999999999999));
#2186=CARTESIAN_POINT('',(-0.0978510442082606,0.200699551736913,0.02921));
#2187=CARTESIAN_POINT('',(-0.0978510442082606,0.200699551736913,0.00635));
#2188=CARTESIAN_POINT('',(-0.100749931165635,0.204049020520986,0.02921));
#2189=CARTESIAN_POINT('',(-0.100749931165635,0.204049020520986,0.00634999999999999));
#2190=CARTESIAN_POINT('',(-0.105135210442879,0.207802488736095,0.02921));
#2191=CARTESIAN_POINT('',(-0.105135210442879,0.207802488736095,0.00635000000000002));
#2192=CARTESIAN_POINT('',(-0.111099858841449,0.211715126627062,0.02921));
#2193=CARTESIAN_POINT('',(-0.111099858841449,0.211715126627062,0.00635));
#2194=CARTESIAN_POINT('',(-0.115196850536704,0.213999131854075,0.02921));
#2195=CARTESIAN_POINT('',(-0.115196850536704,0.213999131854075,0.00635));
#2196=CARTESIAN_POINT('',(-0.117264006647742,0.215091215798983,0.02921));
#2197=CARTESIAN_POINT('',(-0.117264006647742,0.215091215798983,0.00635));
#2198=CARTESIAN_POINT('',(-0.117264006647742,0.215091215798983,0.03556));
#2199=CARTESIAN_POINT('',(-0.117264006647742,0.215091215798983,0.02921));
#2200=CARTESIAN_POINT('',(-0.117264006647742,0.215091215798983,0.00635));
#2201=CARTESIAN_POINT('',(-0.117264006647742,0.215091215798983,0.02921));
#2202=CARTESIAN_POINT('',(-0.115367350142132,0.214089207238661,0.02921));
#2203=CARTESIAN_POINT('',(-0.111625082250541,0.212009531396305,0.02921));
#2204=CARTESIAN_POINT('',(-0.106238455888312,0.208560870167002,0.02921));
#2205=CARTESIAN_POINT('',(-0.102051166684659,0.20523226098015,0.02921));
#2206=CARTESIAN_POINT('',(-0.0990241081139567,0.202121246151774,0.02921));
#2207=CARTESIAN_POINT('',(-0.0970648275324522,0.199602350588057,0.02921));
#2208=CARTESIAN_POINT('',(-0.0954232200001011,0.196868596694397,0.02921));
#2209=CARTESIAN_POINT('',(-0.0935729370474459,0.19297941135933,0.02921));
#2210=CARTESIAN_POINT('',(-0.0918360155813165,0.187870864205529,0.02921));
#2211=CARTESIAN_POINT('',(-0.0900562493087653,0.181660998480902,0.02921));
#2212=CARTESIAN_POINT('',(-0.089260533220812,0.177417972839972,0.02921));
#2213=CARTESIAN_POINT('',(-0.0889828622182306,0.17527812556425,0.02921));
#2214=CARTESIAN_POINT('',(-0.0889828622182306,0.17527812556425,0.02921));
#2215=CARTESIAN_POINT('',(-0.0889828622182306,0.17527812556425,0.));
#2216=CARTESIAN_POINT('',(-0.0889828622182306,0.17527812556425,0.03556));
#2217=CARTESIAN_POINT('',(-0.0889828622182306,0.17527812556425,0.00635));
#2218=CARTESIAN_POINT('',(-0.117264006647742,0.215091215798983,0.00635));
#2219=CARTESIAN_POINT('',(-0.115367350142132,0.214089207238661,0.00635));
#2220=CARTESIAN_POINT('',(-0.111625082250541,0.212009531396305,0.00634999999999998));
#2221=CARTESIAN_POINT('',(-0.106238455888312,0.208560870167002,0.00635000000000002));
#2222=CARTESIAN_POINT('',(-0.102051166684659,0.20523226098015,0.00635000000000003));
#2223=CARTESIAN_POINT('',(-0.0990241081139567,0.202121246151774,0.00634999999999999));
#2224=CARTESIAN_POINT('',(-0.0970648275324522,0.199602350588057,0.00634999999999999));
#2225=CARTESIAN_POINT('',(-0.0954232200001011,0.196868596694397,0.00635));
#2226=CARTESIAN_POINT('',(-0.0935729370474459,0.19297941135933,0.00635000000000002));
#2227=CARTESIAN_POINT('',(-0.0918360155813165,0.187870864205529,0.00635));
#2228=CARTESIAN_POINT('',(-0.0900562493087653,0.181660998480902,0.00635000000000001));
#2229=CARTESIAN_POINT('',(-0.089260533220812,0.177417972839972,0.00635));
#2230=CARTESIAN_POINT('',(-0.0889828622182306,0.17527812556425,0.00635));
#2231=CARTESIAN_POINT('',(5.81517936150282,11.444343892789,0.01778));
#2232=CARTESIAN_POINT('',(-0.130240542865975,0.221956349991503,0.03556));
#2233=CARTESIAN_POINT('',(-0.130240542865975,0.221956349991503,0.00635));
#2234=CARTESIAN_POINT('',(-0.130240542865975,0.221956349991503,0.02921));
#2235=CARTESIAN_POINT('',(5.81517936150282,11.444343892789,0.02921));
#2236=CARTESIAN_POINT('',(5.81517936150282,11.444343892789,0.00635));
#2237=CARTESIAN_POINT('',(-0.140727974528924,0.202160603964593,0.03556));
#2238=CARTESIAN_POINT('',(-0.140727974528924,0.202160603964593,0.02921));
#2239=CARTESIAN_POINT('',(-0.140727974528924,0.202160603964593,0.00635));
#2240=CARTESIAN_POINT('',(-0.197849578143532,0.15667745190277,0.03556));
#2241=CARTESIAN_POINT('',(-0.136381549356637,0.210027510670575,0.03556));
#2242=CARTESIAN_POINT('',(-0.136381549356637,0.210027510670575,0.02921));
#2243=CARTESIAN_POINT('',(-0.136381549356637,0.210027510670575,0.00635));
#2244=CARTESIAN_POINT('',(-0.197849578143532,0.15667745190277,0.02921));
#2245=CARTESIAN_POINT('',(-0.197849578143532,0.15667745190277,0.00635));
#2246=CARTESIAN_POINT('',(9.45486164778675,8.53457277952766,0.01778));
#2247=CARTESIAN_POINT('',(-0.124849126483063,0.196758828536731,-6.93889390390723E-18));
#2248=CARTESIAN_POINT('',(-0.124849126483063,0.196758828536731,0.00635));
#2249=CARTESIAN_POINT('',(-0.124849126483063,0.196758828536731,0.02921));
#2250=CARTESIAN_POINT('',(9.45486164778675,8.53457277952766,0.02921));
#2251=CARTESIAN_POINT('',(9.45486164778675,8.53457277952766,0.00635));
#2252=CARTESIAN_POINT('',(-0.114280333023564,0.171841542401578,0.02921));
#2253=CARTESIAN_POINT('',(-0.114280333023564,0.171841542401578,0.00635));
#2254=CARTESIAN_POINT('',(-0.114648624161812,0.174475397672816,0.02921));
#2255=CARTESIAN_POINT('',(-0.114648624161812,0.174475397672816,0.00635));
#2256=CARTESIAN_POINT('',(-0.115651504620024,0.179256821888729,0.02921));
#2257=CARTESIAN_POINT('',(-0.115651504620024,0.179256821888729,0.00634999999999999));
#2258=CARTESIAN_POINT('',(-0.117170090906726,0.184169375952531,0.02921));
#2259=CARTESIAN_POINT('',(-0.117170090906726,0.184169375952531,0.00635000000000001));
#2260=CARTESIAN_POINT('',(-0.118927768474816,0.188058374362992,0.02921));
#2261=CARTESIAN_POINT('',(-0.118927768474816,0.188058374362992,0.00635));
#2262=CARTESIAN_POINT('',(-0.121131169980304,0.192029809237118,0.02921));
#2263=CARTESIAN_POINT('',(-0.121131169980304,0.192029809237118,0.00635));
#2264=CARTESIAN_POINT('',(-0.123257404887272,0.194930023937402,0.02921));
#2265=CARTESIAN_POINT('',(-0.123257404887272,0.194930023937402,0.00635));
#2266=CARTESIAN_POINT('',(-0.124849126504033,0.196758828560824,0.02921));
#2267=CARTESIAN_POINT('',(-0.124849126504033,0.196758828560824,0.00635));
#2268=CARTESIAN_POINT('',(-0.114280333023564,0.171841542401578,0.03556));
#2269=CARTESIAN_POINT('',(-0.114280333023563,0.171841542401576,0.01778));
#2270=CARTESIAN_POINT('',(-0.114280333023564,0.171841542401578,0.00635));
#2271=CARTESIAN_POINT('',(-0.114280333023564,0.171841542401578,0.));
#2272=CARTESIAN_POINT('',(-0.114280333023564,0.171841542401578,0.02921));
#2273=CARTESIAN_POINT('',(-0.114280333023564,0.171841542401578,0.02921));
#2274=CARTESIAN_POINT('',(-0.114598513407773,0.174117027731311,0.02921));
#2275=CARTESIAN_POINT('',(-0.115480460192703,0.178598687972584,0.02921));
#2276=CARTESIAN_POINT('',(-0.117431896997945,0.18514900182059,0.02921));
#2277=CARTESIAN_POINT('',(-0.120603829494919,0.191345110991646,0.02921));
#2278=CARTESIAN_POINT('',(-0.123332751680302,0.195016593447147,0.02921));
#2279=CARTESIAN_POINT('',(-0.124849126483063,0.196758828536731,0.02921));
#2280=CARTESIAN_POINT('',(-0.114280333023564,0.171841542401578,0.00635));
#2281=CARTESIAN_POINT('',(-0.114598513407773,0.174117027731311,0.00635));
#2282=CARTESIAN_POINT('',(-0.115480460192703,0.178598687972584,0.00635000000000003));
#2283=CARTESIAN_POINT('',(-0.117431896997945,0.18514900182059,0.00634999999999999));
#2284=CARTESIAN_POINT('',(-0.120603829494919,0.191345110991646,0.00635000000000002));
#2285=CARTESIAN_POINT('',(-0.123332751680302,0.195016593447147,0.00635));
#2286=CARTESIAN_POINT('',(-0.124849126483063,0.196758828536731,0.00635));
#2287=CARTESIAN_POINT('',(-0.142030108582857,0.157844206024763,0.01778));
#2288=CARTESIAN_POINT('',(-0.142030108582857,0.157844206024763,0.01778));
#2289=CARTESIAN_POINT('',(-0.114703098980669,0.14534153426738,0.0119761841671784));
#2290=CARTESIAN_POINT('',(-0.11475506248143,0.144943811469232,0.0128952162470087));
#2291=CARTESIAN_POINT('',(-0.114835793629417,0.144349070230083,0.0147774025535533));
#2292=CARTESIAN_POINT('',(-0.114893838267121,0.14393640609463,0.0187876464328275));
#2293=CARTESIAN_POINT('',(-0.114807024699048,0.144546098492121,0.0217457743669788));
#2294=CARTESIAN_POINT('',(-0.114703098980669,0.14534153426738,0.0235838158328217));
#2295=CARTESIAN_POINT('',(-0.114703098980669,0.14534153426738,0.0119761841671784));
#2296=CARTESIAN_POINT('',(-0.114703098980669,0.14534153426738,0.0235838158328217));
#2297=CARTESIAN_POINT('',(-0.11420301862194,0.14969758947028,0.0292102813388431));
#2298=CARTESIAN_POINT('',(-0.114297352609382,0.14874300094231,0.0284714927734164));
#2299=CARTESIAN_POINT('',(-0.114482967795311,0.147063125116966,0.026786941676982));
#2300=CARTESIAN_POINT('',(-0.114640346376434,0.145821647313366,0.0246932583782144));
#2301=CARTESIAN_POINT('',(-0.114703177108087,0.145341572157792,0.0235838038616946));
#2302=CARTESIAN_POINT('',(-0.1142038137693,0.149697885781786,0.02921));
#2303=CARTESIAN_POINT('',(-0.1142038137693,0.149697885781786,0.02921));
#2304=CARTESIAN_POINT('',(-0.114083653755069,0.150925376556851,0.0301592785690882));
#2305=CARTESIAN_POINT('',(-0.113605007751502,0.152839432694984,0.0313597673839527));
#2306=CARTESIAN_POINT('',(-0.112921628361599,0.155704091752281,0.0323664223937742));
#2307=CARTESIAN_POINT('',(-0.112628545175724,0.158016661796807,0.0326703017929015));
#2308=CARTESIAN_POINT('',(-0.112763750514388,0.16032096854964,0.0323935150883122));
#2309=CARTESIAN_POINT('',(-0.113282794608074,0.163214720512665,0.0313978423080809));
#2310=CARTESIAN_POINT('',(-0.113677803024641,0.165160210395644,0.0301656514841112));
#2311=CARTESIAN_POINT('',(-0.113747554980751,0.16638095212329,0.02921));
#2312=CARTESIAN_POINT('',(-0.113747554980751,0.16638095212329,0.02921));
#2313=CARTESIAN_POINT('',(-0.114280333023564,0.171841542401578,0.01778));
#2314=CARTESIAN_POINT('',(-0.114280333023564,0.171841542401578,0.0188824520755528));
#2315=CARTESIAN_POINT('',(-0.114246420761311,0.171604277306155,0.0210444382928356));
#2316=CARTESIAN_POINT('',(-0.11410596069792,0.170532870645209,0.0241835102852137));
#2317=CARTESIAN_POINT('',(-0.113917853389466,0.168810254835649,0.0269666113033867));
#2318=CARTESIAN_POINT('',(-0.11379713745545,0.167248704071757,0.028530684778268));
#2319=CARTESIAN_POINT('',(-0.113747554980751,0.16638095212329,0.02921));
#2320=CARTESIAN_POINT('',(-0.114280333023564,0.171841542401578,0.01778));
#2321=CARTESIAN_POINT('',(-0.114280333023564,0.171841542401578,0.0166775479244472));
#2322=CARTESIAN_POINT('',(-0.114246420761311,0.171604277306155,0.0145155617071644));
#2323=CARTESIAN_POINT('',(-0.11410596069792,0.170532870645209,0.0113764897147863));
#2324=CARTESIAN_POINT('',(-0.113917853389467,0.168810254835649,0.00859338869661327));
#2325=CARTESIAN_POINT('',(-0.11379713745545,0.167248704071757,0.00702931522173201));
#2326=CARTESIAN_POINT('',(-0.113747554980751,0.16638095212329,0.00635));
#2327=CARTESIAN_POINT('',(-0.113747554980751,0.16638095212329,0.00635));
#2328=CARTESIAN_POINT('',(-0.1142038137693,0.149697885781786,0.00635));
#2329=CARTESIAN_POINT('',(-0.114083653755069,0.150925376556851,0.00540072143091177));
#2330=CARTESIAN_POINT('',(-0.113605007751502,0.152839432694984,0.00420023261604732));
#2331=CARTESIAN_POINT('',(-0.112921628361599,0.155704091752281,0.00319357760622583));
#2332=CARTESIAN_POINT('',(-0.112628545175724,0.158016661796807,0.00288969820709847));
#2333=CARTESIAN_POINT('',(-0.112763750514388,0.16032096854964,0.00316648491168778));
#2334=CARTESIAN_POINT('',(-0.113282794608074,0.163214720512665,0.0041621576919191));
#2335=CARTESIAN_POINT('',(-0.113677803024641,0.165160210395644,0.00539434851588878));
#2336=CARTESIAN_POINT('',(-0.113747554980751,0.16638095212329,0.00635));
#2337=CARTESIAN_POINT('',(-0.1142038137693,0.149697885781786,0.00635));
#2338=CARTESIAN_POINT('',(-0.11420301862194,0.14969758947028,0.00634971866115692));
#2339=CARTESIAN_POINT('',(-0.114297352609382,0.14874300094231,0.00708850722658364));
#2340=CARTESIAN_POINT('',(-0.114482967795311,0.147063125116966,0.00877305832301819));
#2341=CARTESIAN_POINT('',(-0.114640346376434,0.145821647313367,0.0108667416217851));
#2342=CARTESIAN_POINT('',(-0.114703177108087,0.145341572157792,0.011976196138305));
#2343=CARTESIAN_POINT('',(-0.119632198351924,0.115124171701677,0.02921));
#2344=CARTESIAN_POINT('',(-0.119632198351924,0.115124171701677,0.00635));
#2345=CARTESIAN_POINT('',(-0.119250905393984,0.120419539945862,0.02921));
#2346=CARTESIAN_POINT('',(-0.119250905393984,0.120419539945862,0.00635));
#2347=CARTESIAN_POINT('',(-0.117277186863282,0.130226899343573,0.02921));
#2348=CARTESIAN_POINT('',(-0.117277186863282,0.130226899343573,0.00635));
#2349=CARTESIAN_POINT('',(-0.115380765575677,0.140154750266476,0.02921));
#2350=CARTESIAN_POINT('',(-0.115380765575677,0.140154750266476,0.00635));
#2351=CARTESIAN_POINT('',(-0.114703098980669,0.14534153426738,0.02921));
#2352=CARTESIAN_POINT('',(-0.114703098980669,0.14534153426738,0.00635));
#2353=CARTESIAN_POINT('',(-0.119632198351924,0.115124171701677,0.03556));
#2354=CARTESIAN_POINT('',(-0.119632198351924,0.115124171701677,0.02921));
#2355=CARTESIAN_POINT('',(-0.119632198351924,0.115124171701677,0.00635));
#2356=CARTESIAN_POINT('',(-0.119632198351924,0.115124171701677,0.02921));
#2357=CARTESIAN_POINT('',(-0.119448701381558,0.11767256397996,0.02921));
#2358=CARTESIAN_POINT('',(-0.118790580698878,0.122733271207349,0.02921));
#2359=CARTESIAN_POINT('',(-0.117292723931337,0.130249366251634,0.02921));
#2360=CARTESIAN_POINT('',(-0.115826592124158,0.137765992236955,0.02921));
#2361=CARTESIAN_POINT('',(-0.115033965958389,0.142809115583757,0.02921));
#2362=CARTESIAN_POINT('',(-0.114703098980669,0.14534153426738,0.02921));
#2363=CARTESIAN_POINT('',(-0.114703098980669,0.14534153426738,0.02921));
#2364=CARTESIAN_POINT('',(-0.114703098980669,0.14534153426738,0.));
#2365=CARTESIAN_POINT('',(-0.114703098980669,0.14534153426738,0.03556));
#2366=CARTESIAN_POINT('',(-0.114703098980669,0.14534153426738,0.00635));
#2367=CARTESIAN_POINT('',(-0.119632198351924,0.115124171701677,0.00635));
#2368=CARTESIAN_POINT('',(-0.119448701381558,0.11767256397996,0.00635));
#2369=CARTESIAN_POINT('',(-0.118790580698878,0.122733271207349,0.00635));
#2370=CARTESIAN_POINT('',(-0.117292723931337,0.130249366251634,0.00635000000000001));
#2371=CARTESIAN_POINT('',(-0.115826592124158,0.137765992236955,0.00635000000000002));
#2372=CARTESIAN_POINT('',(-0.115033965958389,0.142809115583757,0.00635));
#2373=CARTESIAN_POINT('',(-0.114703098980669,0.14534153426738,0.00635));
#2374=CARTESIAN_POINT('',(-0.053863039449624,0.103381116804631,0.01778));
#2375=CARTESIAN_POINT('',(-0.0861857198905904,0.113889201102161,0.00634998108708862));
#2376=CARTESIAN_POINT('',(-0.0861943861298251,0.11461470743949,0.00712103087827801));
#2377=CARTESIAN_POINT('',(-0.0862091826935296,0.115894338698872,0.00876867665394711));
#2378=CARTESIAN_POINT('',(-0.0862304021764966,0.117820730416507,0.0125389645563339));
#2379=CARTESIAN_POINT('',(-0.0862365769519153,0.11842037040979,0.0156625191621103));
#2380=CARTESIAN_POINT('',(-0.0862365769519153,0.11842037040979,0.01778));
#2381=CARTESIAN_POINT('',(-0.0861856632987626,0.113889181677995,0.00635));
#2382=CARTESIAN_POINT('',(-0.0861857198905904,0.113889201102161,0.0292100189129114));
#2383=CARTESIAN_POINT('',(-0.0861943861298251,0.11461470743949,0.028438969121722));
#2384=CARTESIAN_POINT('',(-0.0862091826935296,0.115894338698872,0.0267913233460529));
#2385=CARTESIAN_POINT('',(-0.0862304021764966,0.117820730416507,0.0230210354436661));
#2386=CARTESIAN_POINT('',(-0.0862365769519153,0.11842037040979,0.0198974808378897));
#2387=CARTESIAN_POINT('',(-0.0862365769519153,0.11842037040979,0.01778));
#2388=CARTESIAN_POINT('',(-0.0861856632987626,0.113889181677995,0.02921));
#2389=CARTESIAN_POINT('',(-0.088499682723698,0.108842164577042,0.0341702247032384));
#2390=CARTESIAN_POINT('',(-0.0880494445143511,0.109107193435755,0.033806812561192));
#2391=CARTESIAN_POINT('',(-0.0873561284310831,0.109893339264796,0.0330485582902826));
#2392=CARTESIAN_POINT('',(-0.086677048073797,0.111214450798314,0.0318561315223462));
#2393=CARTESIAN_POINT('',(-0.0862716650472213,0.112559059528556,0.0305867250027324));
#2394=CARTESIAN_POINT('',(-0.0861803803055104,0.113452334093383,0.029674224997019));
#2395=CARTESIAN_POINT('',(-0.0861856632987626,0.113889181677995,0.02921));
#2396=CARTESIAN_POINT('',(-0.088499682723698,0.108842164577042,0.0341702247032384));
#2397=CARTESIAN_POINT('',(-0.0884996827236968,0.10884216457704,0.0341702247032387));
#2398=CARTESIAN_POINT('',(-0.0879113859712223,0.107773195689062,0.0343286663359345));
#2399=CARTESIAN_POINT('',(-0.0869546282246472,0.105527302041258,0.0346048396214664));
#2400=CARTESIAN_POINT('',(-0.0863518742568401,0.101864869705127,0.0347620584364974));
#2401=CARTESIAN_POINT('',(-0.086698401739609,0.0981646657846367,0.0345841079560784));
#2402=CARTESIAN_POINT('',(-0.0874911187530935,0.0958606940769849,0.0343003116125493));
#2403=CARTESIAN_POINT('',(-0.0879994010852548,0.0947520793001659,0.0341394823090942));
#2404=CARTESIAN_POINT('',(-0.0879994010852548,0.0947520793001658,0.0341394823090942));
#2405=CARTESIAN_POINT('',(-0.0853779539858573,0.0899689585387998,0.02921));
#2406=CARTESIAN_POINT('',(-0.0854298917276137,0.0908299187831455,0.0301300447730885));
#2407=CARTESIAN_POINT('',(-0.0857881575359869,0.0921274055048025,0.0314249912539891));
#2408=CARTESIAN_POINT('',(-0.0868075738488927,0.0938053973377626,0.0330236735206684));
#2409=CARTESIAN_POINT('',(-0.0875375099457879,0.0945210618462286,0.0337746282501867));
#2410=CARTESIAN_POINT('',(-0.0879994010852548,0.0947520793001657,0.0341394823090942));
#2411=CARTESIAN_POINT('',(-0.0853779539858573,0.0899689585387998,0.02921));
#2412=CARTESIAN_POINT('',(-0.0850991869840783,0.085460805179451,0.01778));
#2413=CARTESIAN_POINT('',(-0.0850991869840783,0.085460805179451,0.018838190602251));
#2414=CARTESIAN_POINT('',(-0.0851114074807892,0.0856567357971627,0.0209140778780683));
#2415=CARTESIAN_POINT('',(-0.0851845407865077,0.0868302754276823,0.0249784826658381));
#2416=CARTESIAN_POINT('',(-0.0852907909566906,0.0885240766407525,0.0276659611819951));
#2417=CARTESIAN_POINT('',(-0.0853779539858573,0.0899689585387998,0.02921));
#2418=CARTESIAN_POINT('',(-0.0850991869840783,0.085460805179451,0.01778));
#2419=CARTESIAN_POINT('',(-0.0850991869840783,0.085460805179451,0.01778));
#2420=CARTESIAN_POINT('',(-0.0850991869840783,0.085460805179451,0.016721809397749));
#2421=CARTESIAN_POINT('',(-0.0851114074807892,0.0856567357971627,0.0146459221219317));
#2422=CARTESIAN_POINT('',(-0.0851845407865078,0.0868302754276823,0.0105815173341619));
#2423=CARTESIAN_POINT('',(-0.0852907909566906,0.0885240766407524,0.00789403881800478));
#2424=CARTESIAN_POINT('',(-0.0853779539858573,0.0899689585387998,0.00634999999999992));
#2425=CARTESIAN_POINT('',(-0.0853779539858573,0.0899689585387998,0.00635));
#2426=CARTESIAN_POINT('',(-0.0853779539858573,0.0899689585387998,0.00635));
#2427=CARTESIAN_POINT('',(-0.0854298917276137,0.0908299187831455,0.00542995522691147));
#2428=CARTESIAN_POINT('',(-0.0857881575359869,0.0921274055048025,0.00413500874601085));
#2429=CARTESIAN_POINT('',(-0.0868075738488926,0.0938053973377626,0.00253632647933162));
#2430=CARTESIAN_POINT('',(-0.0875375099457879,0.0945210618462286,0.00178537174981333));
#2431=CARTESIAN_POINT('',(-0.0879994010852548,0.0947520793001657,0.00142051769090585));
#2432=CARTESIAN_POINT('',(-0.0879994010852548,0.0947520793001658,0.00142051769090584));
#2433=CARTESIAN_POINT('',(-0.0884996827236968,0.10884216457704,0.00138977529676137));
#2434=CARTESIAN_POINT('',(-0.0879113859712223,0.107773195689062,0.00123133366406555));
#2435=CARTESIAN_POINT('',(-0.0869546282246472,0.105527302041258,0.000955160378533611));
#2436=CARTESIAN_POINT('',(-0.0863518742568401,0.101864869705127,0.000797941563502626));
#2437=CARTESIAN_POINT('',(-0.086698401739609,0.0981646657846367,0.000975892043921598));
#2438=CARTESIAN_POINT('',(-0.0874911187530935,0.0958606940769849,0.0012596883874507));
#2439=CARTESIAN_POINT('',(-0.0879994010852548,0.0947520793001659,0.00142051769090586));
#2440=CARTESIAN_POINT('',(-0.088499682723698,0.108842164577042,0.00138977529676158));
#2441=CARTESIAN_POINT('',(-0.088499682723698,0.108842164577042,0.00138977529676156));
#2442=CARTESIAN_POINT('',(-0.0880494445143511,0.109107193435755,0.001753187438808));
#2443=CARTESIAN_POINT('',(-0.0873561284310831,0.109893339264796,0.00251144170971743));
#2444=CARTESIAN_POINT('',(-0.086677048073797,0.111214450798314,0.00370386847765382));
#2445=CARTESIAN_POINT('',(-0.0862716650472213,0.112559059528556,0.00497327499726762));
#2446=CARTESIAN_POINT('',(-0.0861803803055103,0.113452334093383,0.00588577500298098));
#2447=CARTESIAN_POINT('',(-0.0861856632987626,0.113889181677995,0.00635));
#2448=CARTESIAN_POINT('',(-0.053863039449624,0.103381116804631,0.01778));
#2449=CARTESIAN_POINT('',(-0.118966396788214,0.0889244761153439,0.0293996132728338));
#2450=CARTESIAN_POINT('',(-0.118966396788214,0.0889244761153439,0.00616751020683685));
#2451=CARTESIAN_POINT('',(-0.11956571755282,0.0999934268512096,0.0293996132728338));
#2452=CARTESIAN_POINT('',(-0.11956571755282,0.0999934268512096,0.00616751020683685));
#2453=CARTESIAN_POINT('',(-0.120151201589319,0.107916293337549,0.0293996132728338));
#2454=CARTESIAN_POINT('',(-0.120151201589319,0.107916293337549,0.00616751020683685));
#2455=CARTESIAN_POINT('',(-0.119632198351924,0.115124171701677,0.0293996132728338));
#2456=CARTESIAN_POINT('',(-0.119632198351924,0.115124171701677,0.00616751020683685));
#2457=CARTESIAN_POINT('',(-0.118966396788214,0.0889244761153439,0.02921));
#2458=CARTESIAN_POINT('',(-0.119202740958224,0.0932895542655489,0.02921));
#2459=CARTESIAN_POINT('',(-0.119747509252421,0.10201523267034,0.02921));
#2460=CARTESIAN_POINT('',(-0.119946378752787,0.110760857659206,0.02921));
#2461=CARTESIAN_POINT('',(-0.119632198351924,0.115124171701677,0.02921));
#2462=CARTESIAN_POINT('',(-0.118966396788214,0.0889244761153439,0.02921));
#2463=CARTESIAN_POINT('',(-0.118966396788214,0.0889244761153439,0.00635));
#2464=CARTESIAN_POINT('',(-0.119202740958224,0.0932895542655489,0.00635));
#2465=CARTESIAN_POINT('',(-0.119747509252421,0.10201523267034,0.00635000000000003));
#2466=CARTESIAN_POINT('',(-0.119946378752787,0.110760857659206,0.00635));
#2467=CARTESIAN_POINT('',(-0.119632198351924,0.115124171701677,0.00635));
#2468=CARTESIAN_POINT('',(-0.118966396788214,0.0889244761153439,0.00635));
#2469=CARTESIAN_POINT('',(-0.118966396788214,0.0889244761153439,0.03556));
#2470=CARTESIAN_POINT('',(-0.0843592997076741,0.06858,0.02921));
#2471=CARTESIAN_POINT('',(-0.0843592997076741,0.06858,0.00635));
#2472=CARTESIAN_POINT('',(-0.0844222648004898,0.0712850726902859,0.02921));
#2473=CARTESIAN_POINT('',(-0.0844222648004898,0.0712850726902859,0.00635));
#2474=CARTESIAN_POINT('',(-0.0845516506179176,0.076712582549255,0.02921));
#2475=CARTESIAN_POINT('',(-0.0845516506179176,0.076712582549255,0.00635));
#2476=CARTESIAN_POINT('',(-0.0849136212459593,0.0824826880717132,0.02921));
#2477=CARTESIAN_POINT('',(-0.0849136212459593,0.0824826880717132,0.00635));
#2478=CARTESIAN_POINT('',(-0.0850991869840783,0.085460805179451,0.02921));
#2479=CARTESIAN_POINT('',(-0.0850991869840783,0.085460805179451,0.00635));
#2480=CARTESIAN_POINT('',(-0.0850991869846752,0.0854608051890304,0.03556));
#2481=CARTESIAN_POINT('',(-0.0850991869846752,0.0854608051890304,0.00635));
#2482=CARTESIAN_POINT('',(-0.0850991869846752,0.0854608051890304,0.));
#2483=CARTESIAN_POINT('',(-0.0850991869846752,0.0854608051890304,0.02921));
#2484=CARTESIAN_POINT('',(-0.0850991869846752,0.0854608051890304,0.02921));
#2485=CARTESIAN_POINT('',(-0.0849240330076353,0.0826497848961758,0.02921));
#2486=CARTESIAN_POINT('',(-0.0845660548846219,0.0770274036381076,0.02921));
#2487=CARTESIAN_POINT('',(-0.0844248432423569,0.0713958463327325,0.02921));
#2488=CARTESIAN_POINT('',(-0.0843592997076741,0.06858,0.02921));
#2489=CARTESIAN_POINT('',(-0.0843592997076741,0.06858,0.02921));
#2490=CARTESIAN_POINT('',(-0.0843592997076741,0.06858,0.01778));
#2491=CARTESIAN_POINT('',(-0.0843592997076741,0.06858,0.00635));
#2492=CARTESIAN_POINT('',(-0.0850991869846752,0.0854608051890304,0.00635));
#2493=CARTESIAN_POINT('',(-0.0849240330076353,0.0826497848961758,0.00635));
#2494=CARTESIAN_POINT('',(-0.0845660548846219,0.0770274036381076,0.00635000000000002));
#2495=CARTESIAN_POINT('',(-0.0844248432423569,0.0713958463327325,0.00635));
#2496=CARTESIAN_POINT('',(-0.0843592997076741,0.06858,0.00635));
#2497=CARTESIAN_POINT('',(-0.118016500148104,0.0685800000000003,0.02921));
#2498=CARTESIAN_POINT('',(-0.118016500148104,0.0685800000000003,0.00635));
#2499=CARTESIAN_POINT('',(-0.118325703395753,0.0758117484480096,0.02921));
#2500=CARTESIAN_POINT('',(-0.118325703395753,0.0758117484480096,0.00635));
#2501=CARTESIAN_POINT('',(-0.118639840036839,0.0828932474196257,0.02921));
#2502=CARTESIAN_POINT('',(-0.118639840036839,0.0828932474196257,0.00634999999999999));
#2503=CARTESIAN_POINT('',(-0.118966396788214,0.0889244761153439,0.02921));
#2504=CARTESIAN_POINT('',(-0.118966396788214,0.0889244761153439,0.00634999999999999));
#2505=CARTESIAN_POINT('',(-0.118016500148103,0.06858,0.01778));
#2506=CARTESIAN_POINT('',(-0.118016500148104,0.06858,0.02921));
#2507=CARTESIAN_POINT('',(-0.118016500148104,0.06858,0.00635));
#2508=CARTESIAN_POINT('',(-0.118016500148104,0.06858,0.02921));
#2509=CARTESIAN_POINT('',(-0.118306505023537,0.0753627305300811,0.02921));
#2510=CARTESIAN_POINT('',(-0.118599349699464,0.0821454249242987,0.02921));
#2511=CARTESIAN_POINT('',(-0.118966396788214,0.0889244761153439,0.02921));
#2512=CARTESIAN_POINT('',(-0.118016500148104,0.06858,0.00635));
#2513=CARTESIAN_POINT('',(-0.118306505023537,0.0753627305300811,0.00635));
#2514=CARTESIAN_POINT('',(-0.118599349699464,0.0821454249242987,0.00635));
#2515=CARTESIAN_POINT('',(-0.118966396788214,0.0889244761153439,0.00635));
#2516=CARTESIAN_POINT('',(0.,0.06858,0.));
#2517=CARTESIAN_POINT('',(-0.111660702536057,0.0685800000000051,0.03556));
#2518=CARTESIAN_POINT('',(-0.112499625768334,0.0685800000000051,0.03556));
#2519=CARTESIAN_POINT('',(-0.114151302001269,0.0685799999999977,0.0352293065990085));
#2520=CARTESIAN_POINT('',(-0.116980050189553,0.0685800000000014,0.0333498028497058));
#2521=CARTESIAN_POINT('',(-0.118016500148104,0.06858,0.0308878896915876));
#2522=CARTESIAN_POINT('',(-0.118016500148104,0.06858,0.02921));
#2523=CARTESIAN_POINT('',(-0.111660702536057,0.0685800000000051,0.03556));
#2524=CARTESIAN_POINT('',(-0.111660702536057,0.0685800000000051,-1.73472347597681E-18));
#2525=CARTESIAN_POINT('',(-0.112499625768334,0.0685800000000051,-2.19026580665884E-17));
#2526=CARTESIAN_POINT('',(-0.114151302001269,0.0685799999999977,0.000330693400991473));
#2527=CARTESIAN_POINT('',(-0.116980050189553,0.0685800000000014,0.00221019715029415));
#2528=CARTESIAN_POINT('',(-0.118016500148104,0.06858,0.00467211030841244));
#2529=CARTESIAN_POINT('',(-0.118016500148104,0.06858,0.00635));
#2530=CARTESIAN_POINT('',(-0.111660702536057,0.0685800000000051,-1.7347234759768E-18));
#2531=CARTESIAN_POINT('',(0.0012968781662881,0.06858,0.));
#2532=CARTESIAN_POINT('',(-0.0907110087798749,0.06858,0.));
#2533=CARTESIAN_POINT('',(-0.0843592997076741,0.06858,0.00635));
#2534=CARTESIAN_POINT('',(-0.0843592997076741,0.06858,0.00551134148183647));
#2535=CARTESIAN_POINT('',(-0.084690514406384,0.06858,0.00386020273983094));
#2536=CARTESIAN_POINT('',(-0.0865720174079929,0.06858,0.00103399495200751));
#2537=CARTESIAN_POINT('',(-0.0890337044639225,0.06858,-6.52798747560279E-18));
#2538=CARTESIAN_POINT('',(-0.0907110087798743,0.06858,8.03437212872878E-19));
#2539=CARTESIAN_POINT('',(-0.0843592997076741,0.06858,0.02921));
#2540=CARTESIAN_POINT('',(-0.0843592997076741,0.06858,0.0300486585181635));
#2541=CARTESIAN_POINT('',(-0.084690514406384,0.06858,0.0316997972601691));
#2542=CARTESIAN_POINT('',(-0.0865720174079928,0.06858,0.0345260050479925));
#2543=CARTESIAN_POINT('',(-0.0890337044639225,0.06858,0.03556));
#2544=CARTESIAN_POINT('',(-0.0907110087798743,0.06858,0.03556));
#2545=CARTESIAN_POINT('',(-0.0907110087798749,0.06858,0.03556));
#2546=CARTESIAN_POINT('',(0.0012968781662881,0.06858,0.03556));
#2547=CARTESIAN_POINT('',(-0.109005813957914,0.06858,0.01778));
#2548=CARTESIAN_POINT('',(-0.109005813957914,0.06858,0.02921));
#2549=CARTESIAN_POINT('',(0.00129687816628815,0.06858,0.02921));
#2550=CARTESIAN_POINT('',(-0.0933658139579143,0.06858,0.02921));
#2551=CARTESIAN_POINT('',(-0.0933658139579143,0.06858,0.01778));
#2552=CARTESIAN_POINT('',(-6.84003562601779,-0.280095280583334,0.02921));
#2553=CARTESIAN_POINT('',(-0.112924522074984,0.0946786704768266,0.02921));
#2554=CARTESIAN_POINT('',(-0.112924595734571,0.0946786646861966,0.0292099999499959));
#2555=CARTESIAN_POINT('',(-6.84003562601779,-0.280095280583334,0.02921));
#2556=CARTESIAN_POINT('',(-0.112625684224886,0.0892677896589921,0.02921));
#2557=CARTESIAN_POINT('',(-0.112625684224886,0.0892677896589921,0.02921));
#2558=CARTESIAN_POINT('',(-0.11325063733765,0.102222789556967,0.02921));
#2559=CARTESIAN_POINT('',(-0.113576752600317,0.109766908637108,0.02921));
#2560=CARTESIAN_POINT('',(-0.113576752600317,0.109766908637108,0.02921));
#2561=CARTESIAN_POINT('',(-0.11325063733765,0.102222789556967,0.02921));
#2562=CARTESIAN_POINT('',(-0.113576752600317,0.109766908637108,0.02921));
#2563=CARTESIAN_POINT('',(-0.113576752600317,0.109766908637108,0.00635));
#2564=CARTESIAN_POINT('',(-0.113486910268712,0.111404321488847,0.02921));
#2565=CARTESIAN_POINT('',(-0.113486910268712,0.111404321488847,0.00635));
#2566=CARTESIAN_POINT('',(-0.113414199031435,0.113062635787169,0.02921));
#2567=CARTESIAN_POINT('',(-0.113414199031435,0.113062635787169,0.00635));
#2568=CARTESIAN_POINT('',(-0.113298596099391,0.114668120710334,0.02921));
#2569=CARTESIAN_POINT('',(-0.113298596099391,0.114668120710334,0.00635));
#2570=CARTESIAN_POINT('',(-0.113298596099391,0.114668120710334,0.02921));
#2571=CARTESIAN_POINT('',(-0.113298596099391,0.114668120710334,0.02921));
#2572=CARTESIAN_POINT('',(-0.113576752600317,0.109766908637108,0.02921));
#2573=CARTESIAN_POINT('',(-0.113507122447056,0.111035946358872,0.02921));
#2574=CARTESIAN_POINT('',(-0.113437492293796,0.112304984080637,0.02921));
#2575=CARTESIAN_POINT('',(-0.113367862140535,0.113574021802402,0.02921));
#2576=CARTESIAN_POINT('',(-0.113347649962191,0.113942396932377,0.02921));
#2577=CARTESIAN_POINT('',(-0.113324603740086,0.114306928530478,0.02921));
#2578=CARTESIAN_POINT('',(-0.113298596099391,0.114668120710334,0.02921));
#2579=CARTESIAN_POINT('',(-0.113298596099391,0.114668120710334,0.02921));
#2580=CARTESIAN_POINT('',(-0.113298596099391,0.114668120710334,0.00635));
#2581=CARTESIAN_POINT('',(-0.113108317386535,0.117310697323972,0.02921));
#2582=CARTESIAN_POINT('',(-0.113108317386535,0.117310697323972,0.00635));
#2583=CARTESIAN_POINT('',(-0.112394632227959,0.122477180650995,0.02921));
#2584=CARTESIAN_POINT('',(-0.112394632227959,0.122477180650995,0.00635));
#2585=CARTESIAN_POINT('',(-0.111037192673903,0.129108773971885,0.02921));
#2586=CARTESIAN_POINT('',(-0.111037192673903,0.129108773971885,0.00635));
#2587=CARTESIAN_POINT('',(-0.109965904645362,0.134684712442624,0.02921));
#2588=CARTESIAN_POINT('',(-0.109965904645362,0.134684712442624,0.00635));
#2589=CARTESIAN_POINT('',(-0.108962500803698,0.140354359867121,0.02921));
#2590=CARTESIAN_POINT('',(-0.108962500803698,0.140354359867121,0.00634999999999998));
#2591=CARTESIAN_POINT('',(-0.108360928785292,0.144810921486021,0.02921));
#2592=CARTESIAN_POINT('',(-0.108360928785292,0.144810921486021,0.00635));
#2593=CARTESIAN_POINT('',(-0.107950459781686,0.147766092751243,0.02921));
#2594=CARTESIAN_POINT('',(-0.107950459781686,0.147766092751243,0.00635));
#2595=CARTESIAN_POINT('',(-0.107950459781686,0.147766092751243,0.02921));
#2596=CARTESIAN_POINT('',(-0.107950459781686,0.147766092751243,0.02921));
#2597=CARTESIAN_POINT('',(-0.113298596099391,0.114668120710334,0.02921));
#2598=CARTESIAN_POINT('',(-0.113132452338709,0.116975512903039,0.02921));
#2599=CARTESIAN_POINT('',(-0.112691869045569,0.120370195980619,0.02921));
#2600=CARTESIAN_POINT('',(-0.111873063054118,0.124943885044726,0.02921));
#2601=CARTESIAN_POINT('',(-0.111300045355918,0.127853342263007,0.02921));
#2602=CARTESIAN_POINT('',(-0.110827972876787,0.130229120552514,0.02921));
#2603=CARTESIAN_POINT('',(-0.110355979475154,0.132642341875453,0.02921));
#2604=CARTESIAN_POINT('',(-0.109783461321294,0.135693426836446,0.02921));
#2605=CARTESIAN_POINT('',(-0.109140507333524,0.139430022801964,0.02921));
#2606=CARTESIAN_POINT('',(-0.108754429006111,0.141977916958993,0.02921));
#2607=CARTESIAN_POINT('',(-0.10857522644877,0.143268085628141,0.02921));
#2608=CARTESIAN_POINT('',(-0.108366970893075,0.144767421335841,0.02921));
#2609=CARTESIAN_POINT('',(-0.108158715337381,0.146266757043542,0.02921));
#2610=CARTESIAN_POINT('',(-0.107950459781686,0.147766092751243,0.02921));
#2611=CARTESIAN_POINT('',(-0.107656246849465,0.157992610734196,0.02921));
#2612=CARTESIAN_POINT('',(-0.107362033917245,0.168219128717149,0.02921));
#2613=CARTESIAN_POINT('',(-0.107362033917245,0.168219128717149,0.02921));
#2614=CARTESIAN_POINT('',(-0.107656246849465,0.157992610734196,0.02921));
#2615=CARTESIAN_POINT('',(-0.107362033917245,0.168219128717149,0.02921));
#2616=CARTESIAN_POINT('',(-0.107362033917245,0.168219128717149,0.00635));
#2617=CARTESIAN_POINT('',(-0.107476234965308,0.169035844084922,0.02921));
#2618=CARTESIAN_POINT('',(-0.107476234965308,0.169035844084922,0.00635));
#2619=CARTESIAN_POINT('',(-0.107707173714906,0.170664953739629,0.02921));
#2620=CARTESIAN_POINT('',(-0.107707173714906,0.170664953739629,0.00635));
#2621=CARTESIAN_POINT('',(-0.108148757986323,0.173957741695769,0.02921));
#2622=CARTESIAN_POINT('',(-0.108148757986323,0.173957741695769,0.00634999999999998));
#2623=CARTESIAN_POINT('',(-0.108847507031508,0.177821694176178,0.02921));
#2624=CARTESIAN_POINT('',(-0.108847507031508,0.177821694176178,0.00635000000000001));
#2625=CARTESIAN_POINT('',(-0.109848889354544,0.181886143352746,0.02921));
#2626=CARTESIAN_POINT('',(-0.109848889354544,0.181886143352746,0.00635));
#2627=CARTESIAN_POINT('',(-0.111032117001685,0.185749229717567,0.02921));
#2628=CARTESIAN_POINT('',(-0.111032117001685,0.185749229717567,0.00635));
#2629=CARTESIAN_POINT('',(-0.112592125519372,0.189591654227828,0.02921));
#2630=CARTESIAN_POINT('',(-0.112592125519372,0.189591654227828,0.00635));
#2631=CARTESIAN_POINT('',(-0.114614951065962,0.193467128174457,0.02921));
#2632=CARTESIAN_POINT('',(-0.114614951065962,0.193467128174457,0.00635));
#2633=CARTESIAN_POINT('',(-0.117081223570094,0.197296608110603,0.02921));
#2634=CARTESIAN_POINT('',(-0.117081223570094,0.197296608110603,0.00635000000000001));
#2635=CARTESIAN_POINT('',(-0.11905033376611,0.199768519455617,0.02921));
#2636=CARTESIAN_POINT('',(-0.11905033376611,0.199768519455617,0.00635));
#2637=CARTESIAN_POINT('',(-0.120059271095958,0.20092773551226,0.02921));
#2638=CARTESIAN_POINT('',(-0.120059271095958,0.20092773551226,0.00635));
#2639=CARTESIAN_POINT('',(-0.120059271095958,0.20092773551226,0.02921));
#2640=CARTESIAN_POINT('',(-0.120059271095958,0.20092773551226,0.02921));
#2641=CARTESIAN_POINT('',(-0.107362033917245,0.168219128717149,0.02921));
#2642=CARTESIAN_POINT('',(-0.107571861260324,0.169719721037257,0.02921));
#2643=CARTESIAN_POINT('',(-0.107781688603403,0.171220313357366,0.02921));
#2644=CARTESIAN_POINT('',(-0.107991515946482,0.172720905677474,0.02921));
#2645=CARTESIAN_POINT('',(-0.108193689624723,0.174166762373008,0.02921));
#2646=CARTESIAN_POINT('',(-0.108551124588095,0.176236038687586,0.02921));
#2647=CARTESIAN_POINT('',(-0.109104000209506,0.178801999955872,0.02921));
#2648=CARTESIAN_POINT('',(-0.109474321941242,0.180325686834845,0.02921));
#2649=CARTESIAN_POINT('',(-0.109781268568042,0.181498826428682,0.02921));
#2650=CARTESIAN_POINT('',(-0.11010179014683,0.182663429902864,0.02921));
#2651=CARTESIAN_POINT('',(-0.110531067131311,0.184101164916887,0.02921));
#2652=CARTESIAN_POINT('',(-0.111106031573942,0.185811572026222,0.02921));
#2653=CARTESIAN_POINT('',(-0.111752726318338,0.187515005958603,0.02921));
#2654=CARTESIAN_POINT('',(-0.112480814239991,0.189217739516112,0.02921));
#2655=CARTESIAN_POINT('',(-0.11357122756059,0.19149729434223,0.02921));
#2656=CARTESIAN_POINT('',(-0.114840527181173,0.193780668227711,0.02921));
#2657=CARTESIAN_POINT('',(-0.116286914020095,0.196038994200473,0.02921));
#2658=CARTESIAN_POINT('',(-0.117265190097925,0.197433752475536,0.02921));
#2659=CARTESIAN_POINT('',(-0.118091721121314,0.198534498904385,0.02921));
#2660=CARTESIAN_POINT('',(-0.118950432032106,0.199626755245166,0.02921));
#2661=CARTESIAN_POINT('',(-0.11961273278797,0.200414686424658,0.02921));
#2662=CARTESIAN_POINT('',(-0.120059271095958,0.20092773551226,0.02921));
#2663=CARTESIAN_POINT('',(9.45486164781165,8.53457277954927,0.02921));
#2664=CARTESIAN_POINT('',(-0.13158592775806,0.214189783305004,0.02921));
#2665=CARTESIAN_POINT('',(-0.13158592775806,0.214189783305004,0.02921));
#2666=CARTESIAN_POINT('',(9.45486164781165,8.53457277954927,0.02921));
#2667=CARTESIAN_POINT('',(-0.197849578143507,0.156677451902792,0.02921));
#2668=CARTESIAN_POINT('',(-0.133791661010841,0.216636795447799,0.02921));
#2669=CARTESIAN_POINT('',(-0.133791661010841,0.216636795447799,0.02921));
#2670=CARTESIAN_POINT('',(-0.197849578143507,0.156677451902792,0.02921));
#2671=CARTESIAN_POINT('',(-0.140727974528923,0.202160603964594,0.02921));
#2672=CARTESIAN_POINT('',(-0.133213252818159,0.216345156220105,0.02921));
#2673=CARTESIAN_POINT('',(-0.133213252818159,0.216345156220105,0.02921));
#2674=CARTESIAN_POINT('',(-0.140727974528923,0.202160603964594,0.02921));
#2675=CARTESIAN_POINT('',(5.81517936148876,11.4443438927625,0.02921));
#2676=CARTESIAN_POINT('',(-0.120230228331819,0.209476589460486,0.02921));
#2677=CARTESIAN_POINT('',(-0.120230228331819,0.209476589460486,0.02921));
#2678=CARTESIAN_POINT('',(5.81517936148876,11.4443438927625,0.02921));
#2679=CARTESIAN_POINT('',(-0.120230228331818,0.209476589460488,0.02921));
#2680=CARTESIAN_POINT('',(-0.120230228331818,0.209476589460488,0.00635));
#2681=CARTESIAN_POINT('',(-0.118073799375988,0.208337342439704,0.02921));
#2682=CARTESIAN_POINT('',(-0.118073799375988,0.208337342439704,0.00635));
#2683=CARTESIAN_POINT('',(-0.113844186786978,0.205967033577358,0.02921));
#2684=CARTESIAN_POINT('',(-0.113844186786978,0.205967033577358,0.00634999999999999));
#2685=CARTESIAN_POINT('',(-0.107994546823221,0.202019034121119,0.02921));
#2686=CARTESIAN_POINT('',(-0.107994546823221,0.202019034121119,0.00635000000000001));
#2687=CARTESIAN_POINT('',(-0.104174193944534,0.198464228661105,0.02921));
#2688=CARTESIAN_POINT('',(-0.104174193944534,0.198464228661105,0.00634999999999999));
#2689=CARTESIAN_POINT('',(-0.1020477246243,0.195618962283445,0.02921));
#2690=CARTESIAN_POINT('',(-0.1020477246243,0.195618962283445,0.00635000000000001));
#2691=CARTESIAN_POINT('',(-0.100677466221575,0.193198245847534,0.02921));
#2692=CARTESIAN_POINT('',(-0.100677466221575,0.193198245847534,0.00635));
#2693=CARTESIAN_POINT('',(-0.0995040123683234,0.190544406670868,0.02921));
#2694=CARTESIAN_POINT('',(-0.0995040123683234,0.190544406670868,0.00634999999999999));
#2695=CARTESIAN_POINT('',(-0.0984926537925276,0.187728258107325,0.02921));
#2696=CARTESIAN_POINT('',(-0.0984926537925276,0.187728258107325,0.00635000000000002));
#2697=CARTESIAN_POINT('',(-0.0975713997298336,0.184770628608982,0.02921));
#2698=CARTESIAN_POINT('',(-0.0975713997298336,0.184770628608982,0.00634999999999999));
#2699=CARTESIAN_POINT('',(-0.0964981712523843,0.181024747137675,0.02921));
#2700=CARTESIAN_POINT('',(-0.0964981712523843,0.181024747137675,0.00635000000000001));
#2701=CARTESIAN_POINT('',(-0.0954960478440044,0.176600670040047,0.02921));
#2702=CARTESIAN_POINT('',(-0.0954960478440044,0.176600670040047,0.00635));
#2703=CARTESIAN_POINT('',(-0.0950429582024824,0.172633730946644,0.02921));
#2704=CARTESIAN_POINT('',(-0.0950429582024824,0.172633730946644,0.00635));
#2705=CARTESIAN_POINT('',(-0.0947893224924052,0.170679109548699,0.02921));
#2706=CARTESIAN_POINT('',(-0.0947893224924052,0.170679109548699,0.00635));
#2707=CARTESIAN_POINT('',(-0.0947893224924052,0.170679109548698,0.02921));
#2708=CARTESIAN_POINT('',(-0.0947893224924052,0.170679109548698,0.02921));
#2709=CARTESIAN_POINT('',(-0.120230228331818,0.209476589460488,0.02921));
#2710=CARTESIAN_POINT('',(-0.119238937663981,0.208952888024829,0.02921));
#2711=CARTESIAN_POINT('',(-0.117278883923922,0.207888760523083,0.02921));
#2712=CARTESIAN_POINT('',(-0.114405769683409,0.206217444577656,0.02921));
#2713=CARTESIAN_POINT('',(-0.111624133114561,0.204461831220331,0.02921));
#2714=CARTESIAN_POINT('',(-0.109020998055064,0.202634282723559,0.02921));
#2715=CARTESIAN_POINT('',(-0.10705203881848,0.201054917913759,0.02921));
#2716=CARTESIAN_POINT('',(-0.105629035570929,0.19976587075275,0.02921));
#2717=CARTESIAN_POINT('',(-0.104644525478561,0.198788997163237,0.02921));
#2718=CARTESIAN_POINT('',(-0.103748742997402,0.19780498767344,0.02921));
#2719=CARTESIAN_POINT('',(-0.103080041393959,0.196981633872757,0.02921));
#2720=CARTESIAN_POINT('',(-0.102593246646187,0.196322127996783,0.02921));
#2721=CARTESIAN_POINT('',(-0.102121889132228,0.195640453404099,0.02921));
#2722=CARTESIAN_POINT('',(-0.10156471614508,0.194753436600092,0.02921));
#2723=CARTESIAN_POINT('',(-0.100942000725,0.193633560085798,0.02921));
#2724=CARTESIAN_POINT('',(-0.100362143410953,0.192462696585659,0.02921));
#2725=CARTESIAN_POINT('',(-0.0998216114381009,0.191245839427204,0.02921));
#2726=CARTESIAN_POINT('',(-0.0993166801082377,0.189989028834185,0.02921));
#2727=CARTESIAN_POINT('',(-0.0988431273502392,0.188698813273283,0.02921));
#2728=CARTESIAN_POINT('',(-0.0983959712237289,0.187381852667798,0.02921));
#2729=CARTESIAN_POINT('',(-0.0979701424160621,0.186045144292513,0.02921));
#2730=CARTESIAN_POINT('',(-0.0974201364583045,0.184243352570332,0.02921));
#2731=CARTESIAN_POINT('',(-0.0968058180471648,0.182098753801405,0.02921));
#2732=CARTESIAN_POINT('',(-0.0961809456615699,0.17959811704128,0.02921));
#2733=CARTESIAN_POINT('',(-0.0956669103200548,0.177093654852005,0.02921));
#2734=CARTESIAN_POINT('',(-0.0953966607767905,0.175359508874525,0.02921));
#2735=CARTESIAN_POINT('',(-0.0952800667606741,0.174460987295272,0.02921));
#2736=CARTESIAN_POINT('',(-0.0951164853379178,0.173200361379747,0.02921));
#2737=CARTESIAN_POINT('',(-0.0949529039151615,0.171939735464223,0.02921));
#2738=CARTESIAN_POINT('',(-0.0947893224924052,0.170679109548698,0.02921));
#2739=CARTESIAN_POINT('',(-0.0941062602928348,0.157651843192855,0.02921));
#2740=CARTESIAN_POINT('',(-0.0934231980932644,0.144624576837012,0.02921));
#2741=CARTESIAN_POINT('',(-0.0934231980932644,0.144624576837012,0.02921));
#2742=CARTESIAN_POINT('',(-0.0941062602928348,0.157651843192855,0.02921));
#2743=CARTESIAN_POINT('',(-0.0934231980932644,0.144624576837012,0.02921));
#2744=CARTESIAN_POINT('',(-0.0934231980932644,0.144624576837012,0.00634999999999999));
#2745=CARTESIAN_POINT('',(-0.0932946127865876,0.142299765850824,0.02921));
#2746=CARTESIAN_POINT('',(-0.0932946127865876,0.142299765850824,0.00635));
#2747=CARTESIAN_POINT('',(-0.0930257485385582,0.137677273120153,0.02921));
#2748=CARTESIAN_POINT('',(-0.0930257485385582,0.137677273120153,0.00635));
#2749=CARTESIAN_POINT('',(-0.09266757977518,0.127868630340544,0.02921));
#2750=CARTESIAN_POINT('',(-0.09266757977518,0.127868630340544,0.00634999999999999));
#2751=CARTESIAN_POINT('',(-0.0926023907297861,0.119738488701491,0.02921));
#2752=CARTESIAN_POINT('',(-0.0926023907297861,0.119738488701491,0.00634999999999999));
#2753=CARTESIAN_POINT('',(-0.092541975226981,0.114347817196803,0.02921));
#2754=CARTESIAN_POINT('',(-0.092541975226981,0.114347817196803,0.00634999999999999));
#2755=CARTESIAN_POINT('',(-0.092541975226981,0.114347817196803,0.02921));
#2756=CARTESIAN_POINT('',(-0.092541975226981,0.114347817196803,0.02921));
#2757=CARTESIAN_POINT('',(-0.0934231980932644,0.144624576837012,0.02921));
#2758=CARTESIAN_POINT('',(-0.093357015967896,0.143428009856521,0.02921));
#2759=CARTESIAN_POINT('',(-0.0932908338425275,0.14223144287603,0.02921));
#2760=CARTESIAN_POINT('',(-0.0932246517171591,0.141034875895538,0.02921));
#2761=CARTESIAN_POINT('',(-0.0931285208628462,0.13929683854124,0.02921));
#2762=CARTESIAN_POINT('',(-0.092995232252055,0.136639456515004,0.02921));
#2763=CARTESIAN_POINT('',(-0.0928564214512059,0.132985606518064,0.02921));
#2764=CARTESIAN_POINT('',(-0.0927748245617868,0.130170968593418,0.02921));
#2765=CARTESIAN_POINT('',(-0.092711046897609,0.127286763314169,0.02921));
#2766=CARTESIAN_POINT('',(-0.0926446020249711,0.123368089896426,0.02921));
#2767=CARTESIAN_POINT('',(-0.092609407268394,0.120364550771306,0.02921));
#2768=CARTESIAN_POINT('',(-0.0925868238409073,0.11834950772145,0.02921));
#2769=CARTESIAN_POINT('',(-0.0925718743029318,0.117015610879901,0.02921));
#2770=CARTESIAN_POINT('',(-0.0925569247649564,0.115681714038352,0.02921));
#2771=CARTESIAN_POINT('',(-0.092541975226981,0.114347817196803,0.02921));
#2772=CARTESIAN_POINT('',(-0.0921121522086265,0.101676322688686,0.02921));
#2773=CARTESIAN_POINT('',(-0.0921121522086265,0.101676322688686,0.02921));
#2774=CARTESIAN_POINT('',(-0.112224207228696,0.0812799999902622,0.02921));
#2775=CARTESIAN_POINT('',(-0.112224207228696,0.0812799999902622,0.00635));
#2776=CARTESIAN_POINT('',(-0.112356185828921,0.0840784100997097,0.02921));
#2777=CARTESIAN_POINT('',(-0.112356185828921,0.0840784100997097,0.00635));
#2778=CARTESIAN_POINT('',(-0.112490057012661,0.0867628690568376,0.02921));
#2779=CARTESIAN_POINT('',(-0.112490057012661,0.0867628690568376,0.00635));
#2780=CARTESIAN_POINT('',(-0.112625684224886,0.0892677896589921,0.02921));
#2781=CARTESIAN_POINT('',(-0.112625684224886,0.0892677896589921,0.00635));
#2782=CARTESIAN_POINT('',(-0.111315554955944,0.0604767260108646,0.02921));
#2783=CARTESIAN_POINT('',(-0.111370294133258,0.061762292233642,0.02921));
#2784=CARTESIAN_POINT('',(-0.111425033310572,0.0630478584564194,0.02921));
#2785=CARTESIAN_POINT('',(-0.111479772487885,0.0643334246791968,0.02921));
#2786=CARTESIAN_POINT('',(-0.111666090332369,0.0687091559072312,0.02921));
#2787=CARTESIAN_POINT('',(-0.112038396968346,0.077515145585478,0.02921));
#2788=CARTESIAN_POINT('',(-0.112427420108124,0.0856060180823481,0.02921));
#2789=CARTESIAN_POINT('',(-0.112625684224886,0.0892677896589921,0.02921));
#2790=CARTESIAN_POINT('',(-0.112224207228695,0.081279999990247,0.02921));
#2791=CARTESIAN_POINT('',(-0.112224207228695,0.081279999990247,0.01778));
#2792=CARTESIAN_POINT('',(3.05534169226783,0.151415031980947,0.015548864));
#2793=CARTESIAN_POINT('',(-0.0862372226030054,0.118420670349532,0.00635));
#2794=CARTESIAN_POINT('',(-0.0862202938058267,0.116910170886267,0.00635));
#2795=CARTESIAN_POINT('',(-0.0862039302409764,0.115399664316023,0.00634999999999999));
#2796=CARTESIAN_POINT('',(-0.0861856632987626,0.113889181677995,0.00634999999999999));
#2797=CARTESIAN_POINT('',(-0.684275197639481,0.10822406605258,0.015548864));
#2798=CARTESIAN_POINT('',(-0.0871468769516475,0.145832027247952,0.00635));
#2799=CARTESIAN_POINT('',(-0.0870549448763426,0.144350142770476,0.00635));
#2800=CARTESIAN_POINT('',(-0.0869663392618547,0.142868053768744,0.00635));
#2801=CARTESIAN_POINT('',(-0.0868843424377379,0.141385558431867,0.00635));
#2802=CARTESIAN_POINT('',(-0.0885323949249467,0.170718303170513,0.01784858));
#2803=CARTESIAN_POINT('',(-0.0885323949249467,0.170718303170513,0.00635));
#2804=CARTESIAN_POINT('',(-0.0886495784460874,0.172298119729119,0.01784858));
#2805=CARTESIAN_POINT('',(-0.0886495784460874,0.172298119729119,0.00635));
#2806=CARTESIAN_POINT('',(-0.0887938412582039,0.173821452081577,0.01784858));
#2807=CARTESIAN_POINT('',(-0.0887938412582039,0.173821452081577,0.00635));
#2808=CARTESIAN_POINT('',(-0.0889828622182306,0.17527812556425,0.01784858));
#2809=CARTESIAN_POINT('',(-0.0889828622182306,0.17527812556425,0.00635));
#2810=CARTESIAN_POINT('',(-0.0889828622182306,0.17527812556425,0.00635));
#2811=CARTESIAN_POINT('',(-0.0887873012657205,0.173771052201976,0.00635));
#2812=CARTESIAN_POINT('',(-0.0886471004189812,0.172259839798631,0.00635));
#2813=CARTESIAN_POINT('',(-0.0885344945415217,0.170746564236092,0.00635));
#2814=CARTESIAN_POINT('',(-0.145192229401733,0.224113467378681,0.00635));
#2815=CARTESIAN_POINT('',(-0.150434476390178,0.223047422998902,0.00635));
#2816=CARTESIAN_POINT('',(-0.146294942913394,0.219658932671027,0.00635));
#2817=CARTESIAN_POINT('',(-0.145192229392039,0.224113467380652,0.00611058360858988));
#2818=CARTESIAN_POINT('',(-0.150434476320273,0.223047422983332,0.00568578819790853));
#2819=CARTESIAN_POINT('',(-0.14629494290685,0.219658932665669,0.00611058360858988));
#2820=CARTESIAN_POINT('',(-0.145149514371542,0.224094884836388,0.00564281182504312));
#2821=CARTESIAN_POINT('',(-0.150164331147666,0.222987103410996,0.00442416833324113));
#2822=CARTESIAN_POINT('',(-0.146252633531209,0.219658911107912,0.00564281182504312));
#2823=CARTESIAN_POINT('',(-0.144969051235822,0.224015645327494,0.0049730717611178));
#2824=CARTESIAN_POINT('',(-0.149202095982805,0.222770591575458,0.00297584112352581));
#2825=CARTESIAN_POINT('',(-0.1460734949337,0.219658100632748,0.0049730717611178));
#2826=CARTESIAN_POINT('',(-0.144706246375228,0.223898371411673,0.00437949864273481));
#2827=CARTESIAN_POINT('',(-0.148127538648814,0.222524924734043,0.00207774739245657));
#2828=CARTESIAN_POINT('',(-0.145811618912142,0.219655062298377,0.0043794986427348));
#2829=CARTESIAN_POINT('',(-0.144276822706569,0.223702729348251,0.00367391800938395));
#2830=CARTESIAN_POINT('',(-0.146819626341773,0.222218414401103,0.00136370192588058));
#2831=CARTESIAN_POINT('',(-0.145381574828192,0.219646086292997,0.00367391800938396));
#2832=CARTESIAN_POINT('',(-0.143651442689071,0.223407811758907,0.00295484383752601));
#2833=CARTESIAN_POINT('',(-0.145461188997502,0.221883479566637,0.000939275311532482));
#2834=CARTESIAN_POINT('',(-0.144749966288563,0.219622928143408,0.002954843837526));
#2835=CARTESIAN_POINT('',(-0.142841997840843,0.223004573760607,0.00227889169029247));
#2836=CARTESIAN_POINT('',(-0.144125840298347,0.221522853348535,0.000663914951047409));
#2837=CARTESIAN_POINT('',(-0.143921018453481,0.219570637842368,0.00227889169029252));
#2838=CARTESIAN_POINT('',(-0.14201457182964,0.222568740308641,0.00174555088637518));
#2839=CARTESIAN_POINT('',(-0.142983230236887,0.221182644940991,0.00048901176510729));
#2840=CARTESIAN_POINT('',(-0.143061150038538,0.219491858386046,0.00174555088637501));
#2841=CARTESIAN_POINT('',(-0.140894611652158,0.221944541360072,0.00117281999873156));
#2842=CARTESIAN_POINT('',(-0.14162069419304,0.220735295599535,0.000321781628480933));
#2843=CARTESIAN_POINT('',(-0.141879330834184,0.219347147539,0.0011728199987324));
#2844=CARTESIAN_POINT('',(-0.139534244491677,0.221120183992594,0.000680938629823895));
#2845=CARTESIAN_POINT('',(-0.140080543039592,0.220155215253578,0.000183384418991825));
#2846=CARTESIAN_POINT('',(-0.140409690454884,0.219095014502267,0.000680938629823623));
#2847=CARTESIAN_POINT('',(-0.137973615509853,0.220068677062652,0.000315337078443988));
#2848=CARTESIAN_POINT('',(-0.138362349344431,0.219390816648119,8.20847035029762E-5));
#2849=CARTESIAN_POINT('',(-0.138672152486291,0.218673043239537,0.00031533707844405));
#2850=CARTESIAN_POINT('',(-0.136487318373038,0.218960691943628,0.000108597735368509));
#2851=CARTESIAN_POINT('',(-0.136742523057358,0.218550545168972,2.6953844727231E-5));
#2852=CARTESIAN_POINT('',(-0.136970986969761,0.218124902021872,0.000108597735368552));
#2853=CARTESIAN_POINT('',(-0.135089196776792,0.217814547422933,1.40509106585147E-5));
#2854=CARTESIAN_POINT('',(-0.135215313830044,0.217635830096573,3.17741955544713E-6));
#2855=CARTESIAN_POINT('',(-0.135334021836399,0.217452188366474,1.40509106582665E-5));
#2856=CARTESIAN_POINT('',(-0.134217789769275,0.217033653177008,-9.24312544251436E-18));
#2857=CARTESIAN_POINT('',(-0.134258278407449,0.216978470925994,-2.09641830132336E-12));
#2858=CARTESIAN_POINT('',(-0.134298767043652,0.216923288673536,4.33680868994202E-19));
#2859=CARTESIAN_POINT('',(-0.133791661010866,0.216636795447811,4.33680868994202E-19));
#2860=CARTESIAN_POINT('',(-0.133791661010866,0.216636795447811,4.33680868994202E-19));
#2861=CARTESIAN_POINT('',(-0.133791661010866,0.216636795447811,4.33680868994202E-19));
#2862=CARTESIAN_POINT('',(-0.145192229401733,0.224113467378681,0.00635));
#2863=CARTESIAN_POINT('',(-0.145192229401733,0.224113467378681,0.00565212789730466));
#2864=CARTESIAN_POINT('',(-0.144806570380882,0.223947879741178,0.00428821512893404));
#2865=CARTESIAN_POINT('',(-0.143504672213313,0.223344903072878,0.0027355419538315));
#2866=CARTESIAN_POINT('',(-0.141943494618077,0.222542116227132,0.00165652851314388));
#2867=CARTESIAN_POINT('',(-0.13970737487272,0.22125754909595,0.000665040932970056));
#2868=CARTESIAN_POINT('',(-0.136908460997859,0.21935791518925,8.21934398856364E-5));
#2869=CARTESIAN_POINT('',(-0.134803671674232,0.217579801282619,-1.39237040742244E-17));
#2870=CARTESIAN_POINT('',(-0.133791661010866,0.216636795447811,0.));
#2871=CARTESIAN_POINT('',(-0.133791661010866,0.216636795447811,0.));
#2872=CARTESIAN_POINT('',(-0.146294942913394,0.219658932671027,0.00635));
#2873=CARTESIAN_POINT('',(-0.146294942913394,0.219658932671027,0.00567656695456158));
#2874=CARTESIAN_POINT('',(-0.145944014222104,0.219660892640443,0.00435049527629517));
#2875=CARTESIAN_POINT('',(-0.144649942303369,0.219626597114638,0.00276920925764821));
#2876=CARTESIAN_POINT('',(-0.143001804859948,0.219499081514315,0.00165732509635353));
#2877=CARTESIAN_POINT('',(-0.140558076285911,0.219157074403583,0.000645116662008591));
#2878=CARTESIAN_POINT('',(-0.137395321824968,0.218370450938051,7.53011028511896E-5));
#2879=CARTESIAN_POINT('',(-0.134955696565878,0.217294307489555,-1.33683320581277E-17));
#2880=CARTESIAN_POINT('',(-0.133791661010866,0.216636795447811,0.));
#2881=CARTESIAN_POINT('',(-0.252136039572965,0.163328354438686,0.0108779530177451));
#2882=CARTESIAN_POINT('',(-0.114703098980669,0.14534153426738,0.00635));
#2883=CARTESIAN_POINT('',(-0.114513682951442,0.146791303279383,0.00635));
#2884=CARTESIAN_POINT('',(-0.114346203011796,0.148243313037674,0.00634999999999999));
#2885=CARTESIAN_POINT('',(-0.1142038137693,0.149697885781786,0.00634999999999999));
#2886=CARTESIAN_POINT('',(-0.113745579650348,0.166346240133987,0.01784858));
#2887=CARTESIAN_POINT('',(-0.113745579650348,0.166346240133987,0.00635));
#2888=CARTESIAN_POINT('',(-0.113855561642908,0.168286854943189,0.01784858));
#2889=CARTESIAN_POINT('',(-0.113855561642908,0.168286854943189,0.00635));
#2890=CARTESIAN_POINT('',(-0.114039339032969,0.170118060008042,0.01784858));
#2891=CARTESIAN_POINT('',(-0.114039339032969,0.170118060008042,0.00634999999999999));
#2892=CARTESIAN_POINT('',(-0.114280333023564,0.171841542401578,0.01784858));
#2893=CARTESIAN_POINT('',(-0.114280333023564,0.171841542401578,0.00634999999999999));
#2894=CARTESIAN_POINT('',(-0.113747554980751,0.16638095212329,0.00634999999999998));
#2895=CARTESIAN_POINT('',(-0.11385180418038,0.168205436412419,0.00634999999999998));
#2896=CARTESIAN_POINT('',(-0.114026439194637,0.170025806071791,0.00635));
#2897=CARTESIAN_POINT('',(-0.114280333023564,0.171841542401579,0.00635));
#2898=CARTESIAN_POINT('',(-0.0850991869840783,0.085460805179451,0.01784858));
#2899=CARTESIAN_POINT('',(-0.0850991869840783,0.085460805179451,0.00635));
#2900=CARTESIAN_POINT('',(-0.0851918524756597,0.0869479799595207,0.01784858));
#2901=CARTESIAN_POINT('',(-0.0851918524756597,0.0869479799595207,0.00635));
#2902=CARTESIAN_POINT('',(-0.0852869213727952,0.0884591595449603,0.01784858));
#2903=CARTESIAN_POINT('',(-0.0852869213727952,0.0884591595449603,0.00635));
#2904=CARTESIAN_POINT('',(-0.0853796127320692,0.0899964621601366,0.01784858));
#2905=CARTESIAN_POINT('',(-0.0853796127320692,0.0899964621601366,0.00635));
#2906=CARTESIAN_POINT('',(-0.0853779539858573,0.0899689585387998,0.00635));
#2907=CARTESIAN_POINT('',(-0.0852872947177554,0.0884661202755711,0.00635));
#2908=CARTESIAN_POINT('',(-0.0851928186040792,0.0869634852116856,0.00635));
#2909=CARTESIAN_POINT('',(-0.0850991869846752,0.0854608051890304,0.00635));
#2910=CARTESIAN_POINT('',(-0.0921429763346717,0.0966109234677678,0.));
#2911=CARTESIAN_POINT('',(-0.0901173393266385,0.094998464062231,4.77048955893622E-18));
#2912=CARTESIAN_POINT('',(-0.088510995471447,0.0937197728418603,0.00157728843419743));
#2913=CARTESIAN_POINT('',(-0.0915548473615643,0.0973497549678604,0.));
#2914=CARTESIAN_POINT('',(-0.0895660112192002,0.0959399505479099,-7.72830338598582E-15));
#2915=CARTESIAN_POINT('',(-0.0879373971313042,0.0947964390777696,0.00140691689551714));
#2916=CARTESIAN_POINT('',(-0.0907534205109334,0.0985307048242356,-1.40064395488558E-20));
#2917=CARTESIAN_POINT('',(-0.0888150502809504,0.0974738229852857,1.73902794033053E-15));
#2918=CARTESIAN_POINT('',(-0.0871621335553604,0.0965856807699343,0.00114880106691093));
#2919=CARTESIAN_POINT('',(-0.0901037477863904,0.100325917857859,2.33440659147597E-20));
#2920=CARTESIAN_POINT('',(-0.0882202458552286,0.0998765276186649,-3.45642661326899E-16));
#2921=CARTESIAN_POINT('',(-0.0865598775830349,0.0994833253615643,0.000906545513922204));
#2922=CARTESIAN_POINT('',(-0.0899479159731058,0.101751379820593,-8.8707450476087E-20));
#2923=CARTESIAN_POINT('',(-0.0880950853640358,0.10180333876111,1.77889394181893E-16));
#2924=CARTESIAN_POINT('',(-0.0864445189533436,0.101849782089718,0.000831144170393248));
#2925=CARTESIAN_POINT('',(-0.0901830297293153,0.10315867216668,3.31485735989588E-19));
#2926=CARTESIAN_POINT('',(-0.0883444826861033,0.10371320363478,-3.78015987696821E-16));
#2927=CARTESIAN_POINT('',(-0.0867202076238824,0.104200434416217,0.000891897305017824));
#2928=CARTESIAN_POINT('',(-0.0909428251436948,0.104909955846462,-1.76014256997287E-18));
#2929=CARTESIAN_POINT('',(-0.0891037629266302,0.106083171862026,1.90930889681405E-15));
#2930=CARTESIAN_POINT('',(-0.0875283209668227,0.107075101884073,0.00112152823291385));
#2931=CARTESIAN_POINT('',(-0.0918315758520516,0.106031698301298,0.));
#2932=CARTESIAN_POINT('',(-0.0899732949212342,0.107567875472796,-8.49272983191903E-15));
#2933=CARTESIAN_POINT('',(-0.088443909263599,0.108820813718989,0.00137854637874604));
#2934=CARTESIAN_POINT('',(-0.0924700939089513,0.106719185817664,0.));
#2935=CARTESIAN_POINT('',(-0.0905930416596352,0.108462536371419,0.));
#2936=CARTESIAN_POINT('',(-0.0890972027376099,0.109851827273679,0.00154755710983261));
#2937=CARTESIAN_POINT('',(-0.0879994010852548,0.0947520793001658,0.00142051769090586));
#2938=CARTESIAN_POINT('',(-0.0885910938884882,0.0950480177870433,0.000953131542006812));
#2939=CARTESIAN_POINT('',(-0.0898956844653093,0.0956576451723097,0.000246149101756743));
#2940=CARTESIAN_POINT('',(-0.0913764419558968,0.0963292182158758,-4.8722382199768E-16));
#2941=CARTESIAN_POINT('',(-0.0921012301946862,0.0966635788965834,0.));
#2942=CARTESIAN_POINT('',(-0.0921012301946923,0.0966635788965401,0.));
#2943=CARTESIAN_POINT('',(-0.092101230194706,0.0966635788965509,0.));
#2944=CARTESIAN_POINT('',(-0.0915201274327369,0.0973995231562771,0.));
#2945=CARTESIAN_POINT('',(-0.0904705051366774,0.0989471395123523,0.));
#2946=CARTESIAN_POINT('',(-0.0897454198445744,0.101754756960503,0.));
#2947=CARTESIAN_POINT('',(-0.0906257902851512,0.104507238969197,0.));
#2948=CARTESIAN_POINT('',(-0.0917892449444288,0.105980298318485,0.));
#2949=CARTESIAN_POINT('',(-0.0924247567000107,0.106670172005727,0.));
#2950=CARTESIAN_POINT('',(-0.0924247567000107,0.106670172005727,0.));
#2951=CARTESIAN_POINT('',(-0.0884996827236968,0.10884216457704,0.00138977529676137));
#2952=CARTESIAN_POINT('',(-0.0896335049144517,0.108174749873082,0.000474604743731692));
#2953=CARTESIAN_POINT('',(-0.0910362837369706,0.107432232591888,1.14684937068546E-15));
#2954=CARTESIAN_POINT('',(-0.092424756699997,0.106670172005708,0.));
#2955=CARTESIAN_POINT('',(-0.0862372226030055,0.118420670349532,0.00635));
#2956=CARTESIAN_POINT('',(-0.0862372226030055,0.118420670349532,-1.38777878078145E-17));
#2957=CARTESIAN_POINT('',(-0.0925868238409073,0.11834950772145,0.));
#2958=CARTESIAN_POINT('',(-0.0861932812417512,0.114499930920215,0.00635));
#2959=CARTESIAN_POINT('',(-0.0861932812424333,0.114499930921468,1.23989127674384E-13));
#2960=CARTESIAN_POINT('',(-0.0925429286095818,0.114432884329943,0.));
#2961=CARTESIAN_POINT('',(-0.0861536085205232,0.110601347393908,0.00635000000001359));
#2962=CARTESIAN_POINT('',(-0.0861536085202102,0.110601347393741,-6.80582171941091E-15));
#2963=CARTESIAN_POINT('',(-0.0925031899116562,0.110516079686097,2.60208521396521E-18));
#2964=CARTESIAN_POINT('',(-0.0860746521520769,0.106729572166988,0.00635));
#2965=CARTESIAN_POINT('',(-0.0860746521520769,0.106729572166988,-1.12757025938492E-17));
#2966=CARTESIAN_POINT('',(-0.0924233321872596,0.106600104754593,2.60208521396521E-18));
#2967=CARTESIAN_POINT('',(-0.0924247567000026,0.106670172005727,2.60208521396521E-18));
#2968=CARTESIAN_POINT('',(-0.0925036550496708,0.110562802899133,2.60208521396521E-18));
#2969=CARTESIAN_POINT('',(-0.0925431904103885,0.114456243912846,0.));
#2970=CARTESIAN_POINT('',(-0.0925868238409073,0.11834950772145,0.));
#2971=CARTESIAN_POINT('',(-0.0925868238409073,0.11834950772145,0.));
#2972=CARTESIAN_POINT('',(-0.0925868238409073,0.11834950772145,0.00635));
#2973=CARTESIAN_POINT('',(-0.0868843424377379,0.141385558431867,0.00635));
#2974=CARTESIAN_POINT('',(-0.0868843424377379,0.141385558431867,0.));
#2975=CARTESIAN_POINT('',(-0.0932246517171591,0.141034875895538,0.));
#2976=CARTESIAN_POINT('',(-0.0866727693489361,0.137560335675551,0.00635));
#2977=CARTESIAN_POINT('',(-0.0866727693488618,0.137560335675883,1.47649455176697E-14));
#2978=CARTESIAN_POINT('',(-0.0930157415920915,0.13725779929321,0.));
#2979=CARTESIAN_POINT('',(-0.0863600369314851,0.129818947123307,0.0063500000000164));
#2980=CARTESIAN_POINT('',(-0.0863600369315162,0.129818947122727,-2.95172920015972E-14));
#2981=CARTESIAN_POINT('',(-0.0927099861585265,0.129697690830782,5.20417042793042E-18));
#2982=CARTESIAN_POINT('',(-0.0862796595911669,0.122207179642754,0.00634999999996719));
#2983=CARTESIAN_POINT('',(-0.0862796595911788,0.122207179643581,4.42800468263807E-14));
#2984=CARTESIAN_POINT('',(-0.0926292162776295,0.122132041893516,0.));
#2985=CARTESIAN_POINT('',(-0.0862372226030055,0.118420670349532,0.00635));
#2986=CARTESIAN_POINT('',(-0.0862372226030055,0.118420670349532,-1.38777878078145E-17));
#2987=CARTESIAN_POINT('',(-0.0925868238409073,0.11834950772145,0.));
#2988=CARTESIAN_POINT('',(-0.0925868238409073,0.11834950772145,0.));
#2989=CARTESIAN_POINT('',(-0.0926292162782275,0.122132041893395,0.));
#2990=CARTESIAN_POINT('',(-0.0927099861580879,0.12969769083077,5.20417042793042E-18));
#2991=CARTESIAN_POINT('',(-0.0930157415923706,0.13725779929335,0.));
#2992=CARTESIAN_POINT('',(-0.093224651717159,0.141034875895537,0.));
#2993=CARTESIAN_POINT('',(-0.093224651717159,0.141034875895537,0.));
#2994=CARTESIAN_POINT('',(-0.093224651717159,0.141034875895537,0.00635));
#2995=CARTESIAN_POINT('',(-0.0875684212293167,0.152491145567554,0.00635));
#2996=CARTESIAN_POINT('',(-0.0875684212293167,0.152491145567554,1.64798730217797E-17));
#2997=CARTESIAN_POINT('',(-0.0939061110290416,0.152095939289185,2.60208521396521E-18));
#2998=CARTESIAN_POINT('',(-0.0873399586223448,0.148827425598836,0.00634999999994874));
#2999=CARTESIAN_POINT('',(-0.0873399586210948,0.148827425597614,-1.53777713101016E-13));
#3000=CARTESIAN_POINT('',(-0.0936762059578721,0.148409087381337,2.60208521396521E-18));
#3001=CARTESIAN_POINT('',(-0.0870909507884092,0.14512101916134,0.00634999999996155));
#3002=CARTESIAN_POINT('',(-0.0870909507885076,0.145121019161159,-6.88882639494953E-14));
#3003=CARTESIAN_POINT('',(-0.0934286595927364,0.144723320261402,0.));
#3004=CARTESIAN_POINT('',(-0.0868843424377379,0.141385558431867,0.00635));
#3005=CARTESIAN_POINT('',(-0.0868843424377379,0.141385558431867,0.));
#3006=CARTESIAN_POINT('',(-0.0932246517171591,0.141034875895538,0.));
#3007=CARTESIAN_POINT('',(-0.093224651717159,0.141034875895537,0.));
#3008=CARTESIAN_POINT('',(-0.0934274428461759,0.144701321594694,0.));
#3009=CARTESIAN_POINT('',(-0.0936732247607641,0.14836512371233,2.60208521396521E-18));
#3010=CARTESIAN_POINT('',(-0.0939019952814555,0.152029971891488,2.60208521396521E-18));
#3011=CARTESIAN_POINT('',(-0.0939019952814553,0.152029971891488,0.));
#3012=CARTESIAN_POINT('',(-0.0895053529309886,0.15002415526255,0.00164213371823097));
#3013=CARTESIAN_POINT('',(-0.0901214549622206,0.150333578435359,0.00110343236152045));
#3014=CARTESIAN_POINT('',(-0.0915176490326088,0.150976740610961,0.000283180200069232));
#3015=CARTESIAN_POINT('',(-0.0931145241942362,0.151679030623923,3.22064703675124E-17));
#3016=CARTESIAN_POINT('',(-0.0939019952814552,0.152029971891487,0.));
#3017=CARTESIAN_POINT('',(-0.0939498217397676,0.151968736019484,0.));
#3018=CARTESIAN_POINT('',(-0.0917411818437646,0.150237805541692,4.33680868994202E-19));
#3019=CARTESIAN_POINT('',(-0.0900600415521899,0.148920281135203,0.00181991957720992));
#3020=CARTESIAN_POINT('',(-0.0936130370914294,0.152398467897953,0.));
#3021=CARTESIAN_POINT('',(-0.0914324160587775,0.150769765181188,1.18393681314522E-16));
#3022=CARTESIAN_POINT('',(-0.0897423456097198,0.14951129516028,0.0017223498596409));
#3023=CARTESIAN_POINT('',(-0.092965156767899,0.15328668193823,-1.57919874607977E-18));
#3024=CARTESIAN_POINT('',(-0.0908422673443596,0.151879317936214,-5.83537208408102E-17));
#3025=CARTESIAN_POINT('',(-0.0891371027990636,0.150759757308637,0.00152274025782339));
#3026=CARTESIAN_POINT('',(-0.0921382007613829,0.154701006970117,3.23025183348761E-19));
#3027=CARTESIAN_POINT('',(-0.0901021479801548,0.153690874313478,1.2206510162127E-17));
#3028=CARTESIAN_POINT('',(-0.0883901884863175,0.152850361646009,0.00123171135590617));
#3029=CARTESIAN_POINT('',(-0.0915308542254784,0.156236125003132,2.87098012684678E-19));
#3030=CARTESIAN_POINT('',(-0.0895835638400837,0.155701945187252,3.68260146472191E-18));
#3031=CARTESIAN_POINT('',(-0.0878841523302992,0.155241459990158,0.000979115515917278));
#3032=CARTESIAN_POINT('',(-0.0912999326103501,0.157885184183209,-1.47141723408747E-18));
#3033=CARTESIAN_POINT('',(-0.0894364261934604,0.157911075294452,-1.63434169386647E-17));
#3034=CARTESIAN_POINT('',(-0.0877769204190718,0.157935584356438,0.000833207670606008));
#3035=CARTESIAN_POINT('',(-0.091586712278785,0.159512543625971,3.94400495734786E-19));
#3036=CARTESIAN_POINT('',(-0.0897886957834667,0.16012431138095,6.43824799171949E-17));
#3037=CARTESIAN_POINT('',(-0.0881939913745936,0.160663786343354,0.000866087670807029));
#3038=CARTESIAN_POINT('',(-0.0923339355064708,0.160992478223496,-1.06184748851673E-19));
#3039=CARTESIAN_POINT('',(-0.0905759871675459,0.162141892384316,-2.42793756206536E-16));
#3040=CARTESIAN_POINT('',(-0.089057586885213,0.163126960592509,0.0010582318491544));
#3041=CARTESIAN_POINT('',(-0.0933526030668664,0.162273484827648,3.03384996719066E-20));
#3042=CARTESIAN_POINT('',(-0.0916128705507903,0.163876059923808,9.17720704889454E-16));
#3043=CARTESIAN_POINT('',(-0.0901693326397007,0.165194393051038,0.00132788981106964));
#3044=CARTESIAN_POINT('',(-0.0941398703929645,0.163032716475353,0.));
#3045=CARTESIAN_POINT('',(-0.0924000968144943,0.164888305778167,-1.98689897163417E-15));
#3046=CARTESIAN_POINT('',(-0.0910059857078755,0.166370889161219,0.00152539029639941));
#3047=CARTESIAN_POINT('',(-0.0945453269824498,0.16339077650976,0.));
#3048=CARTESIAN_POINT('',(-0.092803907871279,0.165362707971987,0.));
#3049=CARTESIAN_POINT('',(-0.0914334165691419,0.166914611761291,0.0016230842344074));
#3050=CARTESIAN_POINT('',(-0.0905848307047696,0.165750982865499,0.00142550947752756));
#3051=CARTESIAN_POINT('',(-0.0917086160115586,0.165016907312679,0.000483001139705209));
#3052=CARTESIAN_POINT('',(-0.0931069223653555,0.16418819516642,1.29457785127369E-15));
#3053=CARTESIAN_POINT('',(-0.0944877325816521,0.163339696728554,-6.93889390390723E-18));
#3054=CARTESIAN_POINT('',(-0.094487732581659,0.163339696728579,-6.93889390390723E-18));
#3055=CARTESIAN_POINT('',(-0.0939019952814553,0.152029971891488,0.));
#3056=CARTESIAN_POINT('',(-0.0932366006570502,0.152884879470299,0.));
#3057=CARTESIAN_POINT('',(-0.0923209680198678,0.154230824379841,0.));
#3058=CARTESIAN_POINT('',(-0.0915278063737907,0.156252592684442,0.));
#3059=CARTESIAN_POINT('',(-0.091302249819287,0.157880581861396,0.));
#3060=CARTESIAN_POINT('',(-0.0915800477950588,0.159487660498517,0.));
#3061=CARTESIAN_POINT('',(-0.0925537986719831,0.161439827115469,0.));
#3062=CARTESIAN_POINT('',(-0.093679192926722,0.162619522158603,0.));
#3063=CARTESIAN_POINT('',(-0.0944877325816671,0.16333969672857,0.));
#3064=CARTESIAN_POINT('',(-0.0889828622182306,0.17527812556425,0.00635));
#3065=CARTESIAN_POINT('',(-0.0889828622182305,0.17527812556425,-1.38777878078145E-17));
#3066=CARTESIAN_POINT('',(-0.0952800667606741,0.174460987295272,0.));
#3067=CARTESIAN_POINT('',(-0.0887139979905298,0.173206146928253,0.00634999999994479));
#3068=CARTESIAN_POINT('',(-0.0887139979934151,0.173206146928258,-3.65516676696067E-14));
#3069=CARTESIAN_POINT('',(-0.0950391420661384,0.172604322209408,0.));
#3070=CARTESIAN_POINT('',(-0.0883982521869849,0.169237858384541,0.00635000000002761));
#3071=CARTESIAN_POINT('',(-0.0883982521859828,0.169237858384858,4.42334619090961E-14));
#3072=CARTESIAN_POINT('',(-0.0947383897892419,0.168877595309398,3.90312782094782E-18));
#3073=CARTESIAN_POINT('',(-0.0882236377944121,0.165429706479256,0.00635));
#3074=CARTESIAN_POINT('',(-0.0882236377935309,0.165429706478615,-5.19048478077298E-14));
#3075=CARTESIAN_POINT('',(-0.0945670863706287,0.16514118851392,2.60208521396521E-18));
#3076=CARTESIAN_POINT('',(-0.0881409374767506,0.163552283247978,0.00635));
#3077=CARTESIAN_POINT('',(-0.0881409374767506,0.163552283247978,2.60208521396521E-18));
#3078=CARTESIAN_POINT('',(-0.0944847856762297,0.163272837328405,2.60208521396521E-18));
#3079=CARTESIAN_POINT('',(-0.0944877325816591,0.163339696728579,2.60208521396521E-18));
#3080=CARTESIAN_POINT('',(-0.0946515491234177,0.167054102980233,2.60208521396521E-18));
#3081=CARTESIAN_POINT('',(-0.0948010912208094,0.170769804223981,0.));
#3082=CARTESIAN_POINT('',(-0.0952800667606741,0.174460987295272,0.));
#3083=CARTESIAN_POINT('',(-0.0952800667606741,0.174460987295272,0.));
#3084=CARTESIAN_POINT('',(-0.0952800667606741,0.174460987295272,0.00635));
#3085=CARTESIAN_POINT('',(-0.117264006647742,0.215091215798983,0.00635));
#3086=CARTESIAN_POINT('',(-0.117264006647742,0.215091215798983,0.));
#3087=CARTESIAN_POINT('',(-0.120230228331817,0.209476589460488,0.));
#3088=CARTESIAN_POINT('',(-0.11551796015471,0.214168774899662,0.00635));
#3089=CARTESIAN_POINT('',(-0.11551796015462,0.214168774900292,7.39229316787132E-15));
#3090=CARTESIAN_POINT('',(-0.118555618866768,0.208591888929137,0.));
#3091=CARTESIAN_POINT('',(-0.11203321127905,0.21223988943824,0.00635));
#3092=CARTESIAN_POINT('',(-0.112033211279093,0.21223988943794,-3.52754042920825E-15));
#3093=CARTESIAN_POINT('',(-0.11524815515581,0.206760521264095,-2.32317908369596E-18));
#3094=CARTESIAN_POINT('',(-0.107733918192131,0.209537326457858,0.00635000000000001));
#3095=CARTESIAN_POINT('',(-0.107733918192125,0.209537326457895,4.73380146553376E-16));
#3096=CARTESIAN_POINT('',(-0.111262966675568,0.204251184928234,1.93991685499899E-17));
#3097=CARTESIAN_POINT('',(-0.104316134627996,0.207029261537224,0.00635));
#3098=CARTESIAN_POINT('',(-0.104316134627997,0.207029261537217,-8.41261328192624E-17));
#3099=CARTESIAN_POINT('',(-0.108225112485292,0.20201969867758,4.57741063623548E-18));
#3100=CARTESIAN_POINT('',(-0.101783192036483,0.204911793922235,0.00635000000000001));
#3101=CARTESIAN_POINT('',(-0.101783192036483,0.204911793922237,4.93384884182063E-17));
#3102=CARTESIAN_POINT('',(-0.106049328345494,0.200198164577142,1.28341622348806E-17));
#3103=CARTESIAN_POINT('',(-0.0997030553205039,0.202846779929989,0.00635000000000001));
#3104=CARTESIAN_POINT('',(-0.099703055320504,0.202846779929989,2.66235899635576E-17));
#3105=CARTESIAN_POINT('',(-0.104346926332562,0.198503488773171,2.05961077418123E-17));
#3106=CARTESIAN_POINT('',(-0.0981408116274326,0.200996732111556,0.00635));
#3107=CARTESIAN_POINT('',(-0.0981408116274326,0.200996732111556,-1.87588814085668E-17));
#3108=CARTESIAN_POINT('',(-0.103130162033789,0.197060193173203,-6.08548172760036E-19));
#3109=CARTESIAN_POINT('',(-0.0966653629648225,0.198975877225693,0.00635));
#3110=CARTESIAN_POINT('',(-0.0966653629648226,0.198975877225693,1.6540759448771E-17));
#3111=CARTESIAN_POINT('',(-0.102022037420297,0.195542476256915,3.87186300646964E-18));
#3112=CARTESIAN_POINT('',(-0.0951750752531815,0.196411875626783,0.00635));
#3113=CARTESIAN_POINT('',(-0.0951750752531815,0.196411875626783,-1.6041149786627E-17));
#3114=CARTESIAN_POINT('',(-0.1008375280021,0.193515422050491,7.22725201505163E-18));
#3115=CARTESIAN_POINT('',(-0.0937636403641511,0.193300374553213,0.00634999999999999));
#3116=CARTESIAN_POINT('',(-0.0937636403641512,0.193300374553213,-1.61384168565772E-17));
#3117=CARTESIAN_POINT('',(-0.0996527681288994,0.190910145065148,-1.64972819811685E-17));
#3118=CARTESIAN_POINT('',(-0.0926482543648033,0.190272207989002,0.00635000000000001));
#3119=CARTESIAN_POINT('',(-0.092648254364803,0.190272207989003,3.37572833615621E-17));
#3120=CARTESIAN_POINT('',(-0.0986650436106216,0.188236418829263,1.19243420582486E-17));
#3121=CARTESIAN_POINT('',(-0.0917307095776641,0.187386548930797,0.00634999999999999));
#3122=CARTESIAN_POINT('',(-0.0917307095776653,0.187386548930793,-1.0327820530588E-16));
#3123=CARTESIAN_POINT('',(-0.0978042879358442,0.185532079531197,-1.55875749680346E-17));
#3124=CARTESIAN_POINT('',(-0.0908862823632772,0.184531489759247,0.00635));
#3125=CARTESIAN_POINT('',(-0.0908862823632725,0.18453148975926,3.32518004010583E-16));
#3126=CARTESIAN_POINT('',(-0.0969998409672858,0.182811345598468,3.58842396251599E-18));
#3127=CARTESIAN_POINT('',(-0.0898437704914684,0.180534382681577,0.00635000000000001));
#3128=CARTESIAN_POINT('',(-0.0898437704914935,0.180534382681507,-1.66329768880525E-15));
#3129=CARTESIAN_POINT('',(-0.0960470083877881,0.179151458391592,2.12657125481773E-17));
#3130=CARTESIAN_POINT('',(-0.0892569638054026,0.177390465452565,0.00635));
#3131=CARTESIAN_POINT('',(-0.089256963805291,0.177390465452875,7.43602826662291E-15));
#3132=CARTESIAN_POINT('',(-0.0955256845662835,0.176353819415229,0.));
#3133=CARTESIAN_POINT('',(-0.0889828622182306,0.17527812556425,0.00635));
#3134=CARTESIAN_POINT('',(-0.0889828622182305,0.17527812556425,-1.38777878078145E-17));
#3135=CARTESIAN_POINT('',(-0.0952800667606741,0.174460987295272,0.));
#3136=CARTESIAN_POINT('',(-0.0952800667606741,0.174460987295272,0.));
#3137=CARTESIAN_POINT('',(-0.0955256845664193,0.176353819415322,0.));
#3138=CARTESIAN_POINT('',(-0.0962214060527512,0.180084323366443,1.87589018166812E-17));
#3139=CARTESIAN_POINT('',(-0.0977767182371295,0.18553757120686,-5.00436450745929E-17));
#3140=CARTESIAN_POINT('',(-0.0992575841395342,0.190040823833339,5.17661420668609E-17));
#3141=CARTESIAN_POINT('',(-0.100837826965572,0.193515213428792,-4.41390484959529E-17));
#3142=CARTESIAN_POINT('',(-0.102257866732904,0.195949445417942,8.25374800353296E-18));
#3143=CARTESIAN_POINT('',(-0.104005376084302,0.198166474590934,2.67365677656124E-17));
#3144=CARTESIAN_POINT('',(-0.10673103348242,0.200873665775019,-5.84288061179056E-17));
#3145=CARTESIAN_POINT('',(-0.110465997729824,0.203746911566476,4.08949123477853E-17));
#3146=CARTESIAN_POINT('',(-0.115248135512717,0.206761208719809,-7.22354316114117E-18));
#3147=CARTESIAN_POINT('',(-0.118555618867116,0.208591888928861,0.));
#3148=CARTESIAN_POINT('',(-0.120230228331817,0.209476589460488,0.));
#3149=CARTESIAN_POINT('',(-0.120230228331817,0.209476589460488,0.));
#3150=CARTESIAN_POINT('',(-0.120230228331817,0.209476589460488,0.00635));
#3151=CARTESIAN_POINT('',(5.81517936150282,11.444343892789,0.00635));
#3152=CARTESIAN_POINT('',(5.81517936150282,11.444343892789,0.));
#3153=CARTESIAN_POINT('',(-0.133213252818159,0.216345156220105,0.));
#3154=CARTESIAN_POINT('',(-0.133213252818159,0.216345156220105,0.00635));
#3155=CARTESIAN_POINT('',(-0.140727974528924,0.202160603964593,0.00635));
#3156=CARTESIAN_POINT('',(-0.140727974528924,0.202160603964593,0.));
#3157=CARTESIAN_POINT('',(-0.197849578143532,0.15667745190277,0.00635));
#3158=CARTESIAN_POINT('',(-0.197849578143532,0.15667745190277,0.));
#3159=CARTESIAN_POINT('',(-0.131585927758065,0.214189783305004,0.));
#3160=CARTESIAN_POINT('',(-0.131585927758065,0.214189783305004,0.00635));
#3161=CARTESIAN_POINT('',(9.45486164778675,8.53457277952766,0.00635));
#3162=CARTESIAN_POINT('',(9.45486164778675,8.53457277952766,0.));
#3163=CARTESIAN_POINT('',(-0.120059271095926,0.200927735512227,0.));
#3164=CARTESIAN_POINT('',(-0.120059271095926,0.200927735512227,0.00635));
#3165=CARTESIAN_POINT('',(-0.114280333023564,0.171841542401578,0.00635));
#3166=CARTESIAN_POINT('',(-0.114280333023564,0.171841542401578,0.));
#3167=CARTESIAN_POINT('',(-0.107991515946482,0.172720905677474,0.));
#3168=CARTESIAN_POINT('',(-0.114444625071786,0.173016486439851,0.0063499999999887));
#3169=CARTESIAN_POINT('',(-0.11444462507174,0.173016486439801,-1.86410121136714E-14));
#3170=CARTESIAN_POINT('',(-0.108171892416507,0.17401087838398,0.));
#3171=CARTESIAN_POINT('',(-0.114835308185725,0.175343967276054,0.00635000000000525));
#3172=CARTESIAN_POINT('',(-0.114835308185746,0.175343967276077,8.64841738186921E-15));
#3173=CARTESIAN_POINT('',(-0.10860188329711,0.176571356319409,6.83446559451024E-18));
#3174=CARTESIAN_POINT('',(-0.11561477648678,0.178809055566684,0.00634999999999859));
#3175=CARTESIAN_POINT('',(-0.115614776486774,0.178809055566678,-2.28712598432336E-15));
#3176=CARTESIAN_POINT('',(-0.10945300612447,0.180353603657771,-3.10394786906417E-18));
#3177=CARTESIAN_POINT('',(-0.116556038409023,0.18219789278429,0.00635000000000039));
#3178=CARTESIAN_POINT('',(-0.116556038409024,0.182197892784289,5.57332430131457E-16));
#3179=CARTESIAN_POINT('',(-0.110487275447828,0.184085400113193,2.11938371655377E-17));
#3180=CARTESIAN_POINT('',(-0.117678462907611,0.185327950497886,0.0063499999999999));
#3181=CARTESIAN_POINT('',(-0.117678462907612,0.185327950497893,2.13921376635441E-16));
#3182=CARTESIAN_POINT('',(-0.111793173262534,0.187736163648206,-3.60884437413032E-18));
#3183=CARTESIAN_POINT('',(-0.119093191563392,0.188388578165243,0.00635000000000003));
#3184=CARTESIAN_POINT('',(-0.119093191563386,0.188388578165215,-1.31934286897047E-15));
#3185=CARTESIAN_POINT('',(-0.113444645114423,0.191306030914432,8.85405161477484E-18));
#3186=CARTESIAN_POINT('',(-0.120769013274987,0.191334103062306,0.00634999999999998));
#3187=CARTESIAN_POINT('',(-0.120769013275012,0.191334103062407,5.07906261053024E-15));
#3188=CARTESIAN_POINT('',(-0.11537399426318,0.194695362890484,-1.61948508011778E-17));
#3189=CARTESIAN_POINT('',(-0.122670600939722,0.194132206396947,0.00635000000000001));
#3190=CARTESIAN_POINT('',(-0.122670600939627,0.194132206396568,-1.89708867210109E-14));
#3191=CARTESIAN_POINT('',(-0.117560408093872,0.197914466065279,9.08781773856259E-18));
#3192=CARTESIAN_POINT('',(-0.124083489158977,0.19587915142174,0.00635));
#3193=CARTESIAN_POINT('',(-0.124083489159182,0.195879151422558,4.08446661391524E-14));
#3194=CARTESIAN_POINT('',(-0.119200109814145,0.199940604277442,0.));
#3195=CARTESIAN_POINT('',(-0.124849126485345,0.196758828539353,0.00635));
#3196=CARTESIAN_POINT('',(-0.124849126485345,0.196758828539353,-1.82145964977565E-17));
#3197=CARTESIAN_POINT('',(-0.120059271098489,0.200927735515169,0.));
#3198=CARTESIAN_POINT('',(-0.120059271095928,0.200927735512226,0.));
#3199=CARTESIAN_POINT('',(-0.118340948528378,0.19895347303638,0.));
#3200=CARTESIAN_POINT('',(-0.115246941172674,0.194794671462522,-2.06308184821527E-17));
#3201=CARTESIAN_POINT('',(-0.11162531335475,0.187790388853262,2.53703308361608E-17));
#3202=CARTESIAN_POINT('',(-0.109356419016228,0.180379858733931,-2.78794844353416E-18));
#3203=CARTESIAN_POINT('',(-0.108352268886557,0.175300851090641,0.));
#3204=CARTESIAN_POINT('',(-0.107991515946482,0.172720905677474,0.));
#3205=CARTESIAN_POINT('',(-0.107991515946482,0.172720905677474,0.));
#3206=CARTESIAN_POINT('',(-0.107991515946482,0.172720905677474,0.00635));
#3207=CARTESIAN_POINT('',(-0.114703098980669,0.14534153426738,0.00635));
#3208=CARTESIAN_POINT('',(-0.114703098980669,0.14534153426738,0.));
#3209=CARTESIAN_POINT('',(-0.108406612376364,0.144518882189155,0.));
#3210=CARTESIAN_POINT('',(-0.114410255321738,0.147582926739877,0.00635000000007365));
#3211=CARTESIAN_POINT('',(-0.114410255322159,0.147582926740439,1.19685614817412E-13));
#3212=CARTESIAN_POINT('',(-0.10810103000079,0.146857775367999,0.));
#3213=CARTESIAN_POINT('',(-0.11393578374273,0.152050848380209,0.00634999999996581));
#3214=CARTESIAN_POINT('',(-0.113935783742529,0.152050848379938,-5.65080832614828E-14));
#3215=CARTESIAN_POINT('',(-0.107602610717406,0.151548071584544,9.10729824887824E-18));
#3216=CARTESIAN_POINT('',(-0.113578917813343,0.158781233324545,0.0063500000000092));
#3217=CARTESIAN_POINT('',(-0.113578917813413,0.158781233324653,1.82654817003563E-14));
#3218=CARTESIAN_POINT('',(-0.107228186525059,0.158615651237508,-1.62630325872826E-17));
#3219=CARTESIAN_POINT('',(-0.113609990651319,0.165448596444928,0.00634999999999738));
#3220=CARTESIAN_POINT('',(-0.113609990651241,0.165448596444767,-1.66006810737937E-14));
#3221=CARTESIAN_POINT('',(-0.10725723299291,0.165692256507319,9.10729824887824E-18));
#3222=CARTESIAN_POINT('',(-0.113982509790913,0.169711642412818,0.00635));
#3223=CARTESIAN_POINT('',(-0.113982509791047,0.169711642413121,2.66238541973684E-14));
#3224=CARTESIAN_POINT('',(-0.107664535401429,0.170382485491821,0.));
#3225=CARTESIAN_POINT('',(-0.114280333023564,0.171841542401578,0.00635));
#3226=CARTESIAN_POINT('',(-0.114280333023564,0.171841542401578,0.));
#3227=CARTESIAN_POINT('',(-0.107991515946482,0.172720905677474,0.));
#3228=CARTESIAN_POINT('',(-0.107991515946482,0.172720905677474,0.));
#3229=CARTESIAN_POINT('',(-0.107337554856907,0.168044065308309,0.));
#3230=CARTESIAN_POINT('',(-0.107024362029105,0.158613944086523,-1.56125112837913E-17));
#3231=CARTESIAN_POINT('',(-0.107795447625249,0.149196668546575,0.));
#3232=CARTESIAN_POINT('',(-0.108406612376364,0.144518882189155,0.));
#3233=CARTESIAN_POINT('',(-0.108406612376364,0.144518882189155,0.));
#3234=CARTESIAN_POINT('',(-0.108406612376364,0.144518882189155,0.00635));
#3235=CARTESIAN_POINT('',(-0.119632198351924,0.115124171701677,0.00635));
#3236=CARTESIAN_POINT('',(-0.119632198351924,0.115124171701677,1.38777878078145E-17));
#3237=CARTESIAN_POINT('',(-0.113298596099391,0.114668120710334,0.));
#3238=CARTESIAN_POINT('',(-0.119432210308288,0.117901590779139,0.0063500000001051));
#3239=CARTESIAN_POINT('',(-0.119432210307787,0.117901590779191,1.16058612620598E-13));
#3240=CARTESIAN_POINT('',(-0.113117299778807,0.117185950524289,0.));
#3241=CARTESIAN_POINT('',(-0.118691894903717,0.123317810713153,0.00634999999995119));
#3242=CARTESIAN_POINT('',(-0.118691894903931,0.123317810713115,-5.48834831989381E-14));
#3243=CARTESIAN_POINT('',(-0.112440463071143,0.122182730821245,-2.21177243187043E-17));
#3244=CARTESIAN_POINT('',(-0.117157275462398,0.130895568159531,0.00635000000001316));
#3245=CARTESIAN_POINT('',(-0.117157275462402,0.130895568159587,1.79574347315342E-14));
#3246=CARTESIAN_POINT('',(-0.110940467610902,0.129604116632028,3.05745012640912E-17));
#3247=CARTESIAN_POINT('',(-0.115766578260824,0.138131869351234,0.00634999999999623));
#3248=CARTESIAN_POINT('',(-0.115766578260597,0.138131869351049,-1.68681931707801E-14));
#3249=CARTESIAN_POINT('',(-0.109510606055639,0.137033659094342,-2.21177243187043E-17));
#3250=CARTESIAN_POINT('',(-0.115016352956831,0.142943923519341,0.00635));
#3251=CARTESIAN_POINT('',(-0.11501635295736,0.142943923519737,2.73562692215631E-14));
#3252=CARTESIAN_POINT('',(-0.108733492918938,0.142016975234388,0.));
#3253=CARTESIAN_POINT('',(-0.114703098980669,0.14534153426738,0.00635));
#3254=CARTESIAN_POINT('',(-0.114703098980669,0.14534153426738,0.));
#3255=CARTESIAN_POINT('',(-0.108406612376364,0.144518882189155,0.));
#3256=CARTESIAN_POINT('',(-0.108406612376364,0.144518882189155,0.));
#3257=CARTESIAN_POINT('',(-0.10906037346102,0.139515068279351,0.));
#3258=CARTESIAN_POINT('',(-0.11090612473025,0.129601527838868,5.20417042793042E-18));
#3259=CARTESIAN_POINT('',(-0.112936003458739,0.119703780338713,0.));
#3260=CARTESIAN_POINT('',(-0.113298596099391,0.114668120710334,0.));
#3261=CARTESIAN_POINT('',(-0.113298596099391,0.114668120710334,0.));
#3262=CARTESIAN_POINT('',(-0.113298596099391,0.114668120710334,0.00635));
#3263=CARTESIAN_POINT('',(-0.0857612761026176,0.0970272507912841,0.00635000000000001));
#3264=CARTESIAN_POINT('',(-0.0857612761026176,0.0970272507912841,1.30104260698261E-17));
#3265=CARTESIAN_POINT('',(-0.0921044643414635,0.0967332049333521,1.30104260698261E-17));
#3266=CARTESIAN_POINT('',(-0.08558397918521,0.0932025830024119,0.00634999999995946));
#3267=CARTESIAN_POINT('',(-0.0855839791856818,0.0932025830030924,4.73165610375056E-14));
#3268=CARTESIAN_POINT('',(-0.0919240766979298,0.0928418636754209,1.30104260698261E-17));
#3269=CARTESIAN_POINT('',(-0.085341869618717,0.0893555829184055,0.00635));
#3270=CARTESIAN_POINT('',(-0.0853418696202028,0.089355582919128,1.0304215572888E-13));
#3271=CARTESIAN_POINT('',(-0.0916791592631763,0.0889539544765474,0.));
#3272=CARTESIAN_POINT('',(-0.0850991869846762,0.085460805189047,0.00635));
#3273=CARTESIAN_POINT('',(-0.0850991869846762,0.085460805189047,-1.38777878078145E-17));
#3274=CARTESIAN_POINT('',(-0.0914368958095779,0.0850659041245222,0.));
#3275=CARTESIAN_POINT('',(-0.0914368958095779,0.0850659041245221,0.00635));
#3276=CARTESIAN_POINT('',(-0.0914368958095779,0.0850659041245221,0.));
#3277=CARTESIAN_POINT('',(-0.0914368958095779,0.0850659041245221,0.));
#3278=CARTESIAN_POINT('',(-0.0916777143511875,0.0889307653099324,0.));
#3279=CARTESIAN_POINT('',(-0.091921192904732,0.0927954850208847,2.60208521396521E-18));
#3280=CARTESIAN_POINT('',(-0.0921012301946923,0.0966635788965401,2.60208521396521E-18));
#3281=CARTESIAN_POINT('',(-0.118966396788214,0.0889244761153439,0.00635));
#3282=CARTESIAN_POINT('',(-0.118966396788214,0.0889244761153439,1.38777878078145E-17));
#3283=CARTESIAN_POINT('',(-0.112625684224886,0.0892677896589922,0.));
#3284=CARTESIAN_POINT('',(-0.119194302447475,0.0931337020653989,0.00635000000004411));
#3285=CARTESIAN_POINT('',(-0.119194302447384,0.093133702065143,-7.33803014679982E-15));
#3286=CARTESIAN_POINT('',(-0.112854816894992,0.093499677461086,0.));
#3287=CARTESIAN_POINT('',(-0.11971208902767,0.101578031826329,0.00634999999997795));
#3288=CARTESIAN_POINT('',(-0.119712089029149,0.101578031826991,5.42502477101564E-14));
#3289=CARTESIAN_POINT('',(-0.113376419182429,0.101958869430573,5.20417042793042E-18));
#3290=CARTESIAN_POINT('',(-0.119968211340803,0.11045764830047,0.00635));
#3291=CARTESIAN_POINT('',(-0.119968211337934,0.110457648299404,-1.01152056932657E-13));
#3292=CARTESIAN_POINT('',(-0.113603203900249,0.110437750203914,0.));
#3293=CARTESIAN_POINT('',(-0.119632198351924,0.115124171701677,0.00635));
#3294=CARTESIAN_POINT('',(-0.119632198351924,0.115124171701677,1.38777878078145E-17));
#3295=CARTESIAN_POINT('',(-0.113298596099391,0.114668120710334,0.));
#3296=CARTESIAN_POINT('',(-0.113298596099391,0.114668120710334,0.));
#3297=CARTESIAN_POINT('',(-0.113603203901758,0.110437750203878,0.));
#3298=CARTESIAN_POINT('',(-0.113376419181845,0.101958869430312,5.20417042793042E-18));
#3299=CARTESIAN_POINT('',(-0.112854816894651,0.0934996774616441,0.));
#3300=CARTESIAN_POINT('',(-0.112625684224886,0.0892677896589921,0.));
#3301=CARTESIAN_POINT('',(-0.112625684224886,0.0892677896589921,0.));
#3302=CARTESIAN_POINT('',(-0.112625684224886,0.0892677896589921,0.00635));
#3303=CARTESIAN_POINT('',(-0.0850991869846752,0.0854608051890305,0.00635));
#3304=CARTESIAN_POINT('',(-0.0850991869846752,0.0854608051890305,-1.47451495458029E-17));
#3305=CARTESIAN_POINT('',(-0.0914368958095779,0.0850659041245221,0.));
#3306=CARTESIAN_POINT('',(-0.0849252611808895,0.0826694956672319,0.00634999999997094));
#3307=CARTESIAN_POINT('',(-0.0849252611809674,0.0826694956675601,8.46078665448457E-15));
#3308=CARTESIAN_POINT('',(-0.0912632704200884,0.0822794159102608,0.));
#3309=CARTESIAN_POINT('',(-0.0846614944557877,0.078455514472303,0.00635000000000661));
#3310=CARTESIAN_POINT('',(-0.0846614944556233,0.0784555144722348,-1.91971258962026E-15));
#3311=CARTESIAN_POINT('',(-0.0910025968251806,0.0780992554572152,3.19346821713912E-18));
#3312=CARTESIAN_POINT('',(-0.0844460545448079,0.0726783571386491,0.00634999999999868));
#3313=CARTESIAN_POINT('',(-0.0844460545450558,0.0726783571386534,3.8706502018081E-16));
#3314=CARTESIAN_POINT('',(-0.0907944257057856,0.0725195828541423,2.48380861333043E-18));
#3315=CARTESIAN_POINT('',(-0.0843893853120375,0.0698661739690957,0.00635));
#3316=CARTESIAN_POINT('',(-0.0843893853114998,0.069866173969119,2.60208521396521E-18));
#3317=CARTESIAN_POINT('',(-0.0907378896894645,0.0697279792991093,2.60208521396521E-18));
#3318=CARTESIAN_POINT('',(-0.0843569856173401,0.0684808149915497,0.00635));
#3319=CARTESIAN_POINT('',(-0.0843569856173401,0.0684808149915497,2.60208521396521E-18));
#3320=CARTESIAN_POINT('',(-0.0907052497249222,0.0683323467444905,2.60208521396521E-18));
#3321=CARTESIAN_POINT('',(-0.0907110087798743,0.06858,2.60208521396521E-18));
#3322=CARTESIAN_POINT('',(-0.090774624176337,0.0713300121197355,2.60208521396521E-18));
#3323=CARTESIAN_POINT('',(-0.0909156420534968,0.0768297660749512,3.90312782094782E-18));
#3324=CARTESIAN_POINT('',(-0.0912658378767716,0.0823206206402502,0.));
#3325=CARTESIAN_POINT('',(-0.0914368958095779,0.0850659041245221,0.));
#3326=CARTESIAN_POINT('',(-0.117999613627212,0.0681848574286569,0.00635));
#3327=CARTESIAN_POINT('',(-0.117999613627212,0.0681848574286569,2.60208521396521E-18));
#3328=CARTESIAN_POINT('',(-0.111655398726136,0.0684558505816249,2.60208521396521E-18));
#3329=CARTESIAN_POINT('',(-0.118295810507575,0.0751191162520588,0.00635));
#3330=CARTESIAN_POINT('',(-0.118295810505685,0.0751191162510238,-1.92757149215148E-13));
#3331=CARTESIAN_POINT('',(-0.111951779966651,0.075394425457349,2.60208521396521E-18));
#3332=CARTESIAN_POINT('',(-0.118592927934467,0.0820268203229199,0.00634999999971086));
#3333=CARTESIAN_POINT('',(-0.118592927931715,0.0820268203210829,-6.1139926414435E-13));
#3334=CARTESIAN_POINT('',(-0.112250204669779,0.0823329979050777,0.));
#3335=CARTESIAN_POINT('',(-0.118966396788214,0.0889244761153439,0.00635));
#3336=CARTESIAN_POINT('',(-0.118966396788214,0.0889244761153439,1.47451495458029E-17));
#3337=CARTESIAN_POINT('',(-0.112625684224886,0.0892677896589921,0.));
#3338=CARTESIAN_POINT('',(-0.112625684224886,0.0892677896589921,0.));
#3339=CARTESIAN_POINT('',(-0.112252444110685,0.0823743584937044,0.));
#3340=CARTESIAN_POINT('',(-0.111955401759755,0.0754771880709741,2.60208521396521E-18));
#3341=CARTESIAN_POINT('',(-0.111660702536057,0.068580000000005,2.60208521396521E-18));
#3342=CARTESIAN_POINT('',(0.0012968781662881,0.0798709325967918,0.));
#3343=CARTESIAN_POINT('',(-0.109005813957914,0.0778579560363293,0.01778));
#3344=CARTESIAN_POINT('',(-0.109005813957914,0.08128,0.01778));
#3345=CARTESIAN_POINT('',(-0.109005813957914,0.08128,0.02921));
#3346=CARTESIAN_POINT('',(-0.109005813957914,0.0778579560363293,0.02921));
#3347=CARTESIAN_POINT('',(-0.112144632966153,0.08128,0.01778));
#3348=CARTESIAN_POINT('',(-0.112144632966153,0.08128,0.02921));
#3349=CARTESIAN_POINT('',(-0.0907611862655801,0.08128,0.01778));
#3350=CARTESIAN_POINT('',(-0.0933658139579143,0.08128,0.01778));
#3351=CARTESIAN_POINT('',(-0.0933658139579143,0.08128,0.02921));
#3352=CARTESIAN_POINT('',(-0.0907611862655801,0.08128,0.02921));
#3353=CARTESIAN_POINT('',(-0.0933658139579143,0.0779227686369419,0.01778));
#3354=CARTESIAN_POINT('',(-0.0933658139579143,0.0779227686369419,0.02921));
#3355=CARTESIAN_POINT('',(0.00129687816628815,0.0445204488980223,0.02921));
#3356=CARTESIAN_POINT('',(3.05534169226783,0.151415031980947,0.020011136));
#3357=CARTESIAN_POINT('',(-0.0862372226030054,0.118420670349532,0.02921));
#3358=CARTESIAN_POINT('',(-0.0862202938058267,0.116910170886267,0.02921));
#3359=CARTESIAN_POINT('',(-0.0862039302409764,0.115399664316023,0.02921));
#3360=CARTESIAN_POINT('',(-0.0861856632987626,0.113889181677995,0.02921));
#3361=CARTESIAN_POINT('',(-0.684275197639481,0.10822406605258,0.020011136));
#3362=CARTESIAN_POINT('',(-0.0871468769516475,0.145832027247952,0.02921));
#3363=CARTESIAN_POINT('',(-0.0870549448763426,0.144350142770476,0.02921));
#3364=CARTESIAN_POINT('',(-0.0869663392618547,0.142868053768744,0.02921));
#3365=CARTESIAN_POINT('',(-0.0868843424377379,0.141385558431867,0.02921));
#3366=CARTESIAN_POINT('',(-0.0885323949249467,0.170718303170513,0.01771142));
#3367=CARTESIAN_POINT('',(-0.0885323949249467,0.170718303170513,0.02921));
#3368=CARTESIAN_POINT('',(-0.0886495784460874,0.172298119729119,0.01771142));
#3369=CARTESIAN_POINT('',(-0.0886495784460874,0.172298119729119,0.02921));
#3370=CARTESIAN_POINT('',(-0.0887938412582039,0.173821452081577,0.01771142));
#3371=CARTESIAN_POINT('',(-0.0887938412582039,0.173821452081577,0.02921));
#3372=CARTESIAN_POINT('',(-0.0889828622182306,0.17527812556425,0.01771142));
#3373=CARTESIAN_POINT('',(-0.0889828622182306,0.17527812556425,0.02921));
#3374=CARTESIAN_POINT('',(-0.0889828622182306,0.17527812556425,0.02921));
#3375=CARTESIAN_POINT('',(-0.0887873012657205,0.173771052201976,0.02921));
#3376=CARTESIAN_POINT('',(-0.0886471004189812,0.172259839798631,0.02921));
#3377=CARTESIAN_POINT('',(-0.0885344945415217,0.170746564236092,0.02921));
#3378=CARTESIAN_POINT('',(-0.146294942913394,0.219658932671027,0.02921));
#3379=CARTESIAN_POINT('',(-0.150434476390178,0.223047422998902,0.02921));
#3380=CARTESIAN_POINT('',(-0.145192229401733,0.224113467378681,0.02921));
#3381=CARTESIAN_POINT('',(-0.14629494290685,0.219658932665669,0.0294494163914099));
#3382=CARTESIAN_POINT('',(-0.150434476320273,0.223047422983332,0.0298742118020891));
#3383=CARTESIAN_POINT('',(-0.145192229392039,0.224113467380652,0.0294494163914099));
#3384=CARTESIAN_POINT('',(-0.146252633531209,0.219658911107912,0.029917188174957));
#3385=CARTESIAN_POINT('',(-0.150164331147666,0.222987103410996,0.0311358316667599));
#3386=CARTESIAN_POINT('',(-0.145149514371542,0.224094884836388,0.029917188174957));
#3387=CARTESIAN_POINT('',(-0.1460734949337,0.219658100632748,0.0305869282388822));
#3388=CARTESIAN_POINT('',(-0.149202095982805,0.222770591575458,0.0325841588764739));
#3389=CARTESIAN_POINT('',(-0.144969051235822,0.224015645327494,0.0305869282388822));
#3390=CARTESIAN_POINT('',(-0.145811618912142,0.219655062298377,0.0311805013572652));
#3391=CARTESIAN_POINT('',(-0.148127538648814,0.222524924734043,0.0334822526075435));
#3392=CARTESIAN_POINT('',(-0.144706246375228,0.223898371411673,0.0311805013572652));
#3393=CARTESIAN_POINT('',(-0.145381574828192,0.219646086292997,0.0318860819906161));
#3394=CARTESIAN_POINT('',(-0.146819626341773,0.222218414401103,0.0341962980741194));
#3395=CARTESIAN_POINT('',(-0.144276822706569,0.223702729348251,0.0318860819906161));
#3396=CARTESIAN_POINT('',(-0.144749966288563,0.219622928143408,0.032605156162474));
#3397=CARTESIAN_POINT('',(-0.145461188997502,0.221883479566637,0.0346207246884675));
#3398=CARTESIAN_POINT('',(-0.143651442689071,0.223407811758907,0.032605156162474));
#3399=CARTESIAN_POINT('',(-0.143921018453481,0.219570637842368,0.0332811083097075));
#3400=CARTESIAN_POINT('',(-0.144125840298347,0.221522853348535,0.0348960850489526));
#3401=CARTESIAN_POINT('',(-0.142841997840843,0.223004573760607,0.0332811083097075));
#3402=CARTESIAN_POINT('',(-0.143061150038539,0.219491858386046,0.033814449113625));
#3403=CARTESIAN_POINT('',(-0.142983230236887,0.221182644940991,0.0350709882348927));
#3404=CARTESIAN_POINT('',(-0.14201457182964,0.222568740308641,0.0338144491136248));
#3405=CARTESIAN_POINT('',(-0.141879330834184,0.219347147539,0.0343871800012676));
#3406=CARTESIAN_POINT('',(-0.14162069419304,0.220735295599535,0.0352382183715191));
#3407=CARTESIAN_POINT('',(-0.140894611652158,0.221944541360072,0.0343871800012684));
#3408=CARTESIAN_POINT('',(-0.140409690454884,0.219095014502266,0.0348790613701764));
#3409=CARTESIAN_POINT('',(-0.140080543039592,0.220155215253577,0.0353766155810082));
#3410=CARTESIAN_POINT('',(-0.139534244491676,0.221120183992593,0.0348790613701761));
#3411=CARTESIAN_POINT('',(-0.138672152486292,0.218673043239538,0.0352446629215559));
#3412=CARTESIAN_POINT('',(-0.138362349344432,0.219390816648121,0.035477915296497));
#3413=CARTESIAN_POINT('',(-0.137973615509854,0.220068677062654,0.035244662921556));
#3414=CARTESIAN_POINT('',(-0.136970986969757,0.218124902021868,0.0354514022646315));
#3415=CARTESIAN_POINT('',(-0.136742523057353,0.218550545168964,0.035533046155273));
#3416=CARTESIAN_POINT('',(-0.136487318373035,0.21896069194362,0.0354514022646315));
#3417=CARTESIAN_POINT('',(-0.135334021836414,0.217452188366489,0.0355459490893417));
#3418=CARTESIAN_POINT('',(-0.135215313830058,0.217635830096602,0.0355568225804437));
#3419=CARTESIAN_POINT('',(-0.135089196776806,0.217814547422963,0.0355459490893415));
#3420=CARTESIAN_POINT('',(-0.134298767043621,0.216923288673504,0.03556));
#3421=CARTESIAN_POINT('',(-0.134258278407418,0.216978470925931,0.0355600000020982));
#3422=CARTESIAN_POINT('',(-0.134217789769244,0.217033653176945,0.03556));
#3423=CARTESIAN_POINT('',(-0.133791661010866,0.216636795447811,0.03556));
#3424=CARTESIAN_POINT('',(-0.133791661010866,0.216636795447811,0.03556));
#3425=CARTESIAN_POINT('',(-0.133791661010866,0.216636795447811,0.03556));
#3426=CARTESIAN_POINT('',(-0.145192229401733,0.224113467378681,0.02921));
#3427=CARTESIAN_POINT('',(-0.145192229401733,0.224113467378681,0.0299078721026953));
#3428=CARTESIAN_POINT('',(-0.144806570380882,0.223947879741178,0.031271784871066));
#3429=CARTESIAN_POINT('',(-0.143504672213313,0.223344903072878,0.0328244580461685));
#3430=CARTESIAN_POINT('',(-0.141943494618077,0.222542116227132,0.0339034714868562));
#3431=CARTESIAN_POINT('',(-0.13970737487272,0.22125754909595,0.0348949590670299));
#3432=CARTESIAN_POINT('',(-0.136908460997859,0.21935791518925,0.0354778065601144));
#3433=CARTESIAN_POINT('',(-0.134803671674232,0.217579801282619,0.03556));
#3434=CARTESIAN_POINT('',(-0.133791661010866,0.216636795447811,0.03556));
#3435=CARTESIAN_POINT('',(-0.133791661010866,0.216636795447811,0.03556));
#3436=CARTESIAN_POINT('',(-0.146294942913394,0.219658932671027,0.02921));
#3437=CARTESIAN_POINT('',(-0.146294942913394,0.219658932671027,0.0298834330454384));
#3438=CARTESIAN_POINT('',(-0.145944014222104,0.219660892640444,0.0312095047237048));
#3439=CARTESIAN_POINT('',(-0.144649942303369,0.219626597114638,0.0327907907423518));
#3440=CARTESIAN_POINT('',(-0.143001804859948,0.219499081514315,0.0339026749036465));
#3441=CARTESIAN_POINT('',(-0.140558076285911,0.219157074403583,0.0349148833379914));
#3442=CARTESIAN_POINT('',(-0.137395321824968,0.218370450938051,0.0354846988971488));
#3443=CARTESIAN_POINT('',(-0.134955696565878,0.217294307489554,0.03556));
#3444=CARTESIAN_POINT('',(-0.133791661010866,0.216636795447811,0.03556));
#3445=CARTESIAN_POINT('',(-0.252136039572965,0.163328354438686,0.0246820469822549));
#3446=CARTESIAN_POINT('',(-0.114703098980669,0.14534153426738,0.02921));
#3447=CARTESIAN_POINT('',(-0.114513682951442,0.146791303279383,0.02921));
#3448=CARTESIAN_POINT('',(-0.114346203011796,0.148243313037674,0.02921));
#3449=CARTESIAN_POINT('',(-0.1142038137693,0.149697885781786,0.02921));
#3450=CARTESIAN_POINT('',(-0.113745579650348,0.166346240133987,0.01771142));
#3451=CARTESIAN_POINT('',(-0.113745579650348,0.166346240133987,0.02921));
#3452=CARTESIAN_POINT('',(-0.113855561642908,0.168286854943189,0.01771142));
#3453=CARTESIAN_POINT('',(-0.113855561642908,0.168286854943189,0.02921));
#3454=CARTESIAN_POINT('',(-0.114039339032969,0.170118060008042,0.01771142));
#3455=CARTESIAN_POINT('',(-0.114039339032969,0.170118060008042,0.02921));
#3456=CARTESIAN_POINT('',(-0.114280333023564,0.171841542401578,0.01771142));
#3457=CARTESIAN_POINT('',(-0.114280333023564,0.171841542401578,0.02921));
#3458=CARTESIAN_POINT('',(-0.113747554980751,0.16638095212329,0.02921));
#3459=CARTESIAN_POINT('',(-0.11385180418038,0.168205436412419,0.02921));
#3460=CARTESIAN_POINT('',(-0.114026439194637,0.170025806071791,0.02921));
#3461=CARTESIAN_POINT('',(-0.114280333023564,0.171841542401579,0.02921));
#3462=CARTESIAN_POINT('',(-0.0850991869840783,0.085460805179451,0.01771142));
#3463=CARTESIAN_POINT('',(-0.0850991869840783,0.085460805179451,0.02921));
#3464=CARTESIAN_POINT('',(-0.0851918524756597,0.0869479799595207,0.01771142));
#3465=CARTESIAN_POINT('',(-0.0851918524756597,0.0869479799595207,0.02921));
#3466=CARTESIAN_POINT('',(-0.0852869213727952,0.0884591595449603,0.01771142));
#3467=CARTESIAN_POINT('',(-0.0852869213727952,0.0884591595449603,0.02921));
#3468=CARTESIAN_POINT('',(-0.0853796127320692,0.0899964621601366,0.01771142));
#3469=CARTESIAN_POINT('',(-0.0853796127320692,0.0899964621601366,0.02921));
#3470=CARTESIAN_POINT('',(-0.0853779539858573,0.0899689585387998,0.02921));
#3471=CARTESIAN_POINT('',(-0.0852872947177554,0.0884661202755711,0.02921));
#3472=CARTESIAN_POINT('',(-0.0851928186040792,0.0869634852116856,0.02921));
#3473=CARTESIAN_POINT('',(-0.0850991869846752,0.0854608051890304,0.02921));
#3474=CARTESIAN_POINT('',(-0.088510995471447,0.0937197728418603,0.0339827115658026));
#3475=CARTESIAN_POINT('',(-0.0901173393266385,0.094998464062231,0.03556));
#3476=CARTESIAN_POINT('',(-0.0921429763346717,0.0966109234677678,0.03556));
#3477=CARTESIAN_POINT('',(-0.0879373971312905,0.0947964390777272,0.0341530831044543));
#3478=CARTESIAN_POINT('',(-0.0895660112191157,0.0959399505478258,0.0355599999999845));
#3479=CARTESIAN_POINT('',(-0.0915548473615381,0.0973497549678341,0.03556));
#3480=CARTESIAN_POINT('',(-0.0871621335553634,0.0965856807699439,0.0344111989330955));
#3481=CARTESIAN_POINT('',(-0.0888150502809693,0.0974738229853044,0.0355600000000035));
#3482=CARTESIAN_POINT('',(-0.0907534205109393,0.0985307048242415,0.03556));
#3483=CARTESIAN_POINT('',(-0.0865598775830344,0.0994833253615625,0.0346534544860766));
#3484=CARTESIAN_POINT('',(-0.0882202458552252,0.0998765276186615,0.0355599999999994));
#3485=CARTESIAN_POINT('',(-0.0901037477863894,0.100325917857857,0.03556));
#3486=CARTESIAN_POINT('',(-0.0864445189533436,0.101849782089718,0.034728855829607));
#3487=CARTESIAN_POINT('',(-0.0880950853640366,0.10180333876111,0.0355600000000001));
#3488=CARTESIAN_POINT('',(-0.089947915973106,0.101751379820594,0.03556));
#3489=CARTESIAN_POINT('',(-0.0867202076238829,0.104200434416217,0.0346681026949824));
#3490=CARTESIAN_POINT('',(-0.0883444826861038,0.10371320363478,0.0355600000000003));
#3491=CARTESIAN_POINT('',(-0.0901830297293155,0.10315867216668,0.03556));
#3492=CARTESIAN_POINT('',(-0.0875283209668199,0.107075101884073,0.0344384717670847));
#3493=CARTESIAN_POINT('',(-0.0891037629266267,0.106083171862025,0.0355599999999981));
#3494=CARTESIAN_POINT('',(-0.0909428251436934,0.104909955846462,0.03556));
#3495=CARTESIAN_POINT('',(-0.0884439092636115,0.10882081371899,0.0341814536212606));
#3496=CARTESIAN_POINT('',(-0.0899732949212506,0.107567875472801,0.0355600000000085));
#3497=CARTESIAN_POINT('',(-0.0918315758520581,0.106031698301298,0.03556));
#3498=CARTESIAN_POINT('',(-0.0890972027376099,0.109851827273679,0.0340124428901674));
#3499=CARTESIAN_POINT('',(-0.0905930416596352,0.108462536371419,0.03556));
#3500=CARTESIAN_POINT('',(-0.0924700939089513,0.106719185817664,0.03556));
#3501=CARTESIAN_POINT('',(-0.0879994010852548,0.0947520793001658,0.0341394823090942));
#3502=CARTESIAN_POINT('',(-0.0885910938884882,0.0950480177870433,0.0346068684579932));
#3503=CARTESIAN_POINT('',(-0.0898956844653093,0.0956576451723097,0.0353138508982433));
#3504=CARTESIAN_POINT('',(-0.0913764419558968,0.0963292182158758,0.0355600000000005));
#3505=CARTESIAN_POINT('',(-0.0921012301946862,0.0966635788965834,0.03556));
#3506=CARTESIAN_POINT('',(-0.0921012301946923,0.0966635788965401,0.03556));
#3507=CARTESIAN_POINT('',(-0.0884996827236968,0.10884216457704,0.0341702247032387));
#3508=CARTESIAN_POINT('',(-0.0896335049144517,0.108174749873082,0.0350853952562683));
#3509=CARTESIAN_POINT('',(-0.0910362837369706,0.107432232591888,0.0355599999999989));
#3510=CARTESIAN_POINT('',(-0.092424756699997,0.106670172005708,0.03556));
#3511=CARTESIAN_POINT('',(-0.0924247567000107,0.106670172005727,0.03556));
#3512=CARTESIAN_POINT('',(-0.092101230194706,0.0966635788965509,0.03556));
#3513=CARTESIAN_POINT('',(-0.0915201274327369,0.0973995231562771,0.03556));
#3514=CARTESIAN_POINT('',(-0.0904705051366774,0.0989471395123523,0.03556));
#3515=CARTESIAN_POINT('',(-0.0897454198445745,0.101754756960503,0.03556));
#3516=CARTESIAN_POINT('',(-0.0906257902851511,0.104507238969197,0.03556));
#3517=CARTESIAN_POINT('',(-0.0917892449444288,0.105980298318485,0.03556));
#3518=CARTESIAN_POINT('',(-0.0924247567000107,0.106670172005727,0.03556));
#3519=CARTESIAN_POINT('',(-0.0925868238409073,0.11834950772145,0.03556));
#3520=CARTESIAN_POINT('',(-0.0862372226030055,0.118420670349532,0.03556));
#3521=CARTESIAN_POINT('',(-0.0862372226030055,0.118420670349532,0.02921));
#3522=CARTESIAN_POINT('',(-0.0925429286095818,0.114432884329943,0.03556));
#3523=CARTESIAN_POINT('',(-0.0861932812422603,0.114499930921238,0.0355600000001922));
#3524=CARTESIAN_POINT('',(-0.0861932812417512,0.114499930920215,0.02921));
#3525=CARTESIAN_POINT('',(-0.0925031899116562,0.110516079686097,0.03556));
#3526=CARTESIAN_POINT('',(-0.0861536085201526,0.110601347393702,0.035559999999952));
#3527=CARTESIAN_POINT('',(-0.0861536085205232,0.110601347393908,0.02921));
#3528=CARTESIAN_POINT('',(-0.0924233321872596,0.106600104754593,0.03556));
#3529=CARTESIAN_POINT('',(-0.0860746521520769,0.106729572166988,0.03556));
#3530=CARTESIAN_POINT('',(-0.0860746521520769,0.106729572166988,0.02921));
#3531=CARTESIAN_POINT('',(-0.0924247567000026,0.106670172005727,0.03556));
#3532=CARTESIAN_POINT('',(-0.0925036550496708,0.110562802899133,0.03556));
#3533=CARTESIAN_POINT('',(-0.0925431904103885,0.114456243912846,0.03556));
#3534=CARTESIAN_POINT('',(-0.0925868238409073,0.11834950772145,0.03556));
#3535=CARTESIAN_POINT('',(-0.0925868238409073,0.11834950772145,0.03556));
#3536=CARTESIAN_POINT('',(-0.0925868238409073,0.11834950772145,0.02921));
#3537=CARTESIAN_POINT('',(-0.0932246517171591,0.141034875895538,0.03556));
#3538=CARTESIAN_POINT('',(-0.0868843424377379,0.141385558431867,0.03556));
#3539=CARTESIAN_POINT('',(-0.0868843424377379,0.141385558431867,0.02921));
#3540=CARTESIAN_POINT('',(-0.0930157415920915,0.13725779929321,0.03556));
#3541=CARTESIAN_POINT('',(-0.0866727693486948,0.137560335675548,0.03556));
#3542=CARTESIAN_POINT('',(-0.0866727693489361,0.137560335675551,0.02921));
#3543=CARTESIAN_POINT('',(-0.0927099861585265,0.129697690830782,0.03556));
#3544=CARTESIAN_POINT('',(-0.0863600369316183,0.12981894712295,0.0355599999999304));
#3545=CARTESIAN_POINT('',(-0.0863600369314851,0.129818947123307,0.02921));
#3546=CARTESIAN_POINT('',(-0.0926292162776295,0.122132041893516,0.03556));
#3547=CARTESIAN_POINT('',(-0.0862796595911417,0.12220717964347,0.0355600000001392));
#3548=CARTESIAN_POINT('',(-0.0862796595911669,0.122207179642754,0.02921));
#3549=CARTESIAN_POINT('',(-0.0925868238409073,0.11834950772145,0.03556));
#3550=CARTESIAN_POINT('',(-0.0862372226030055,0.118420670349532,0.03556));
#3551=CARTESIAN_POINT('',(-0.0862372226030055,0.118420670349532,0.02921));
#3552=CARTESIAN_POINT('',(-0.093224651717159,0.141034875895537,0.02921));
#3553=CARTESIAN_POINT('',(-0.093224651717159,0.141034875895537,0.03556));
#3554=CARTESIAN_POINT('',(-0.0925868238409073,0.11834950772145,0.03556));
#3555=CARTESIAN_POINT('',(-0.0926292162782275,0.122132041893395,0.03556));
#3556=CARTESIAN_POINT('',(-0.0927099861580879,0.12969769083077,0.03556));
#3557=CARTESIAN_POINT('',(-0.0930157415923706,0.13725779929335,0.03556));
#3558=CARTESIAN_POINT('',(-0.093224651717159,0.141034875895537,0.03556));
#3559=CARTESIAN_POINT('',(-0.0939061110290416,0.152095939289185,0.03556));
#3560=CARTESIAN_POINT('',(-0.0875684212293167,0.152491145567554,0.03556));
#3561=CARTESIAN_POINT('',(-0.0875684212293167,0.152491145567554,0.02921));
#3562=CARTESIAN_POINT('',(-0.0936762059578721,0.148409087381337,0.03556));
#3563=CARTESIAN_POINT('',(-0.0873399586213123,0.148827425598049,0.0355599999998641));
#3564=CARTESIAN_POINT('',(-0.0873399586223448,0.148827425598836,0.02921));
#3565=CARTESIAN_POINT('',(-0.0934286595927364,0.144723320261402,0.03556));
#3566=CARTESIAN_POINT('',(-0.0870909507885076,0.145121019161014,0.0355599999999547));
#3567=CARTESIAN_POINT('',(-0.0870909507884092,0.14512101916134,0.02921));
#3568=CARTESIAN_POINT('',(-0.0932246517171591,0.141034875895538,0.03556));
#3569=CARTESIAN_POINT('',(-0.0868843424377379,0.141385558431867,0.03556));
#3570=CARTESIAN_POINT('',(-0.0868843424377379,0.141385558431867,0.02921));
#3571=CARTESIAN_POINT('',(-0.0895053529309886,0.15002415526255,0.0339178662817691));
#3572=CARTESIAN_POINT('',(-0.0901214549622206,0.150333578435359,0.0344565676384796));
#3573=CARTESIAN_POINT('',(-0.0915176490326088,0.150976740610961,0.0352768197999308));
#3574=CARTESIAN_POINT('',(-0.0931145241942362,0.151679030623923,0.03556));
#3575=CARTESIAN_POINT('',(-0.0939019952814552,0.152029971891487,0.03556));
#3576=CARTESIAN_POINT('',(-0.0939019952814553,0.152029971891488,0.03556));
#3577=CARTESIAN_POINT('',(-0.093224651717159,0.141034875895537,0.03556));
#3578=CARTESIAN_POINT('',(-0.0934274428461759,0.144701321594694,0.03556));
#3579=CARTESIAN_POINT('',(-0.0936732247607641,0.14836512371233,0.03556));
#3580=CARTESIAN_POINT('',(-0.0939019952814555,0.152029971891488,0.03556));
#3581=CARTESIAN_POINT('',(-0.0900600415521899,0.148920281135203,0.0337400804227901));
#3582=CARTESIAN_POINT('',(-0.0917411818437646,0.150237805541692,0.03556));
#3583=CARTESIAN_POINT('',(-0.0939498217397676,0.151968736019484,0.03556));
#3584=CARTESIAN_POINT('',(-0.0897423456097197,0.14951129516028,0.033837650140359));
#3585=CARTESIAN_POINT('',(-0.0914324160587775,0.150769765181188,0.0355600000000031));
#3586=CARTESIAN_POINT('',(-0.0936130370914294,0.152398467897953,0.03556));
#3587=CARTESIAN_POINT('',(-0.0891371027990636,0.150759757308637,0.0340372597421766));
#3588=CARTESIAN_POINT('',(-0.0908422673443595,0.151879317936214,0.0355599999999986));
#3589=CARTESIAN_POINT('',(-0.092965156767899,0.15328668193823,0.03556));
#3590=CARTESIAN_POINT('',(-0.0883901884863175,0.152850361646009,0.0343282886440938));
#3591=CARTESIAN_POINT('',(-0.0901021479801548,0.153690874313478,0.0355600000000004));
#3592=CARTESIAN_POINT('',(-0.0921382007613829,0.154701006970117,0.03556));
#3593=CARTESIAN_POINT('',(-0.0878841523302992,0.155241459990158,0.0345808844840827));
#3594=CARTESIAN_POINT('',(-0.0895835638400837,0.155701945187252,0.0355599999999999));
#3595=CARTESIAN_POINT('',(-0.0915308542254784,0.156236125003132,0.03556));
#3596=CARTESIAN_POINT('',(-0.0877769204190718,0.157935584356438,0.034726792329394));
#3597=CARTESIAN_POINT('',(-0.0894364261934603,0.157911075294452,0.0355600000000001));
#3598=CARTESIAN_POINT('',(-0.09129993261035,0.157885184183209,0.03556));
#3599=CARTESIAN_POINT('',(-0.0881939913745936,0.160663786343353,0.034693912329193));
#3600=CARTESIAN_POINT('',(-0.0897886957834669,0.160124311380949,0.0355599999999997));
#3601=CARTESIAN_POINT('',(-0.091586712278785,0.159512543625971,0.03556));
#3602=CARTESIAN_POINT('',(-0.0890575868852129,0.163126960592509,0.0345017681508455));
#3603=CARTESIAN_POINT('',(-0.0905759871675453,0.162141892384319,0.0355600000000012));
#3604=CARTESIAN_POINT('',(-0.0923339355064708,0.160992478223496,0.03556));
#3605=CARTESIAN_POINT('',(-0.0901693326397011,0.165194393051038,0.0342321101889309));
#3606=CARTESIAN_POINT('',(-0.0916128705507922,0.163876059923799,0.0355599999999954));
#3607=CARTESIAN_POINT('',(-0.0933526030668664,0.162273484827648,0.03556));
#3608=CARTESIAN_POINT('',(-0.0910059857078744,0.166370889161221,0.0340346097035993));
#3609=CARTESIAN_POINT('',(-0.0924000968144902,0.164888305778188,0.03556000000001));
#3610=CARTESIAN_POINT('',(-0.0941398703929645,0.163032716475353,0.03556));
#3611=CARTESIAN_POINT('',(-0.0914334165691419,0.166914611761291,0.0339369157655926));
#3612=CARTESIAN_POINT('',(-0.092803907871279,0.165362707971987,0.03556));
#3613=CARTESIAN_POINT('',(-0.0945453269824498,0.16339077650976,0.03556));
#3614=CARTESIAN_POINT('',(-0.0905848307047696,0.165750982865499,0.0341344905224725));
#3615=CARTESIAN_POINT('',(-0.0917086160115586,0.165016907312679,0.0350769988602948));
#3616=CARTESIAN_POINT('',(-0.0931069223653555,0.16418819516642,0.0355599999999987));
#3617=CARTESIAN_POINT('',(-0.0944877325816521,0.163339696728554,0.03556));
#3618=CARTESIAN_POINT('',(-0.094487732581659,0.163339696728579,0.03556));
#3619=CARTESIAN_POINT('',(-0.0939019952814553,0.152029971891488,0.03556));
#3620=CARTESIAN_POINT('',(-0.0932366006570502,0.152884879470299,0.03556));
#3621=CARTESIAN_POINT('',(-0.0923209680198679,0.154230824379841,0.03556));
#3622=CARTESIAN_POINT('',(-0.0915278063737907,0.156252592684442,0.03556));
#3623=CARTESIAN_POINT('',(-0.091302249819287,0.157880581861396,0.03556));
#3624=CARTESIAN_POINT('',(-0.0915800477950588,0.159487660498517,0.03556));
#3625=CARTESIAN_POINT('',(-0.0925537986719831,0.161439827115469,0.03556));
#3626=CARTESIAN_POINT('',(-0.093679192926722,0.162619522158603,0.03556));
#3627=CARTESIAN_POINT('',(-0.0944877325816671,0.16333969672857,0.03556));
#3628=CARTESIAN_POINT('',(-0.0952800667606741,0.174460987295272,0.03556));
#3629=CARTESIAN_POINT('',(-0.0889828622182306,0.17527812556425,0.03556));
#3630=CARTESIAN_POINT('',(-0.0889828622182306,0.17527812556425,0.02921));
#3631=CARTESIAN_POINT('',(-0.0950391420661384,0.172604322209408,0.03556));
#3632=CARTESIAN_POINT('',(-0.0887139979935805,0.17320614692846,0.0355600000000689));
#3633=CARTESIAN_POINT('',(-0.0887139979905298,0.173206146928253,0.02921));
#3634=CARTESIAN_POINT('',(-0.0947383897892419,0.168877595309398,0.03556));
#3635=CARTESIAN_POINT('',(-0.0883982521859001,0.169237858384757,0.0355600000000114));
#3636=CARTESIAN_POINT('',(-0.0883982521869849,0.169237858384541,0.02921));
#3637=CARTESIAN_POINT('',(-0.0945670863706287,0.16514118851392,0.03556));
#3638=CARTESIAN_POINT('',(-0.0882236377935309,0.165429706478615,0.0355599999999082));
#3639=CARTESIAN_POINT('',(-0.0882236377944121,0.165429706479256,0.02921));
#3640=CARTESIAN_POINT('',(-0.0944847856762297,0.163272837328405,0.03556));
#3641=CARTESIAN_POINT('',(-0.0881409374767506,0.163552283247978,0.03556));
#3642=CARTESIAN_POINT('',(-0.0881409374767506,0.163552283247978,0.02921));
#3643=CARTESIAN_POINT('',(-0.0952800667606741,0.174460987295272,0.02921));
#3644=CARTESIAN_POINT('',(-0.0952800667606741,0.174460987295272,0.03556));
#3645=CARTESIAN_POINT('',(-0.0944877325816591,0.163339696728579,0.03556));
#3646=CARTESIAN_POINT('',(-0.0946515491234177,0.167054102980233,0.03556));
#3647=CARTESIAN_POINT('',(-0.0948010912208094,0.170769804223981,0.03556));
#3648=CARTESIAN_POINT('',(-0.0952800667606741,0.174460987295272,0.03556));
#3649=CARTESIAN_POINT('',(-0.120230228331817,0.209476589460488,0.03556));
#3650=CARTESIAN_POINT('',(-0.117264006647742,0.215091215798983,0.03556));
#3651=CARTESIAN_POINT('',(-0.117264006647742,0.215091215798983,0.02921));
#3652=CARTESIAN_POINT('',(-0.118555618866768,0.208591888929137,0.03556));
#3653=CARTESIAN_POINT('',(-0.115517960154508,0.214168774900069,0.03556));
#3654=CARTESIAN_POINT('',(-0.11551796015471,0.214168774899662,0.02921));
#3655=CARTESIAN_POINT('',(-0.11524815515581,0.206760521264095,0.03556));
#3656=CARTESIAN_POINT('',(-0.112033211279146,0.212239889438047,0.03556));
#3657=CARTESIAN_POINT('',(-0.11203321127905,0.21223988943824,0.02921));
#3658=CARTESIAN_POINT('',(-0.111262966675568,0.204251184928234,0.03556));
#3659=CARTESIAN_POINT('',(-0.107733918192119,0.209537326457882,0.03556));
#3660=CARTESIAN_POINT('',(-0.107733918192131,0.209537326457858,0.02921));
#3661=CARTESIAN_POINT('',(-0.108225112485292,0.20201969867758,0.03556));
#3662=CARTESIAN_POINT('',(-0.104316134627998,0.20702926153722,0.03556));
#3663=CARTESIAN_POINT('',(-0.104316134627996,0.207029261537224,0.02921));
#3664=CARTESIAN_POINT('',(-0.106049328345494,0.200198164577142,0.03556));
#3665=CARTESIAN_POINT('',(-0.101783192036482,0.204911793922236,0.03556));
#3666=CARTESIAN_POINT('',(-0.101783192036483,0.204911793922235,0.02921));
#3667=CARTESIAN_POINT('',(-0.104346926332562,0.198503488773171,0.03556));
#3668=CARTESIAN_POINT('',(-0.0997030553205041,0.202846779929989,0.03556));
#3669=CARTESIAN_POINT('',(-0.0997030553205039,0.202846779929989,0.02921));
#3670=CARTESIAN_POINT('',(-0.103130162033789,0.197060193173203,0.03556));
#3671=CARTESIAN_POINT('',(-0.0981408116274326,0.200996732111556,0.03556));
#3672=CARTESIAN_POINT('',(-0.0981408116274326,0.200996732111556,0.02921));
#3673=CARTESIAN_POINT('',(-0.102022037420297,0.195542476256915,0.03556));
#3674=CARTESIAN_POINT('',(-0.0966653629648226,0.198975877225693,0.03556));
#3675=CARTESIAN_POINT('',(-0.0966653629648225,0.198975877225693,0.02921));
#3676=CARTESIAN_POINT('',(-0.1008375280021,0.193515422050491,0.03556));
#3677=CARTESIAN_POINT('',(-0.0951750752531815,0.196411875626783,0.03556));
#3678=CARTESIAN_POINT('',(-0.0951750752531815,0.196411875626783,0.02921));
#3679=CARTESIAN_POINT('',(-0.0996527681288994,0.190910145065148,0.03556));
#3680=CARTESIAN_POINT('',(-0.0937636403641513,0.193300374553213,0.03556));
#3681=CARTESIAN_POINT('',(-0.0937636403641511,0.193300374553213,0.02921));
#3682=CARTESIAN_POINT('',(-0.0986650436106216,0.188236418829263,0.03556));
#3683=CARTESIAN_POINT('',(-0.0926482543648027,0.190272207989002,0.0355599999999999));
#3684=CARTESIAN_POINT('',(-0.0926482543648033,0.190272207989002,0.02921));
#3685=CARTESIAN_POINT('',(-0.0978042879358442,0.185532079531197,0.03556));
#3686=CARTESIAN_POINT('',(-0.0917307095776666,0.187386548930796,0.0355600000000005));
#3687=CARTESIAN_POINT('',(-0.0917307095776641,0.187386548930797,0.02921));
#3688=CARTESIAN_POINT('',(-0.0969998409672858,0.182811345598468,0.03556));
#3689=CARTESIAN_POINT('',(-0.0908862823632677,0.18453148975925,0.0355599999999982));
#3690=CARTESIAN_POINT('',(-0.0908862823632772,0.184531489759247,0.02921));
#3691=CARTESIAN_POINT('',(-0.0960470083877881,0.179151458391592,0.03556));
#3692=CARTESIAN_POINT('',(-0.0898437704915188,0.180534382681562,0.0355600000000095));
#3693=CARTESIAN_POINT('',(-0.0898437704914684,0.180534382681577,0.02921));
#3694=CARTESIAN_POINT('',(-0.0955256845662835,0.176353819415229,0.03556));
#3695=CARTESIAN_POINT('',(-0.0892569638051786,0.177390465452631,0.0355599999999579));
#3696=CARTESIAN_POINT('',(-0.0892569638054026,0.177390465452565,0.02921));
#3697=CARTESIAN_POINT('',(-0.0952800667606741,0.174460987295272,0.03556));
#3698=CARTESIAN_POINT('',(-0.0889828622182306,0.17527812556425,0.03556));
#3699=CARTESIAN_POINT('',(-0.0889828622182306,0.17527812556425,0.02921));
#3700=CARTESIAN_POINT('',(-0.120230228331817,0.209476589460488,0.02921));
#3701=CARTESIAN_POINT('',(-0.120230228331817,0.209476589460488,0.03556));
#3702=CARTESIAN_POINT('',(-0.0952800667606741,0.174460987295272,0.03556));
#3703=CARTESIAN_POINT('',(-0.0955256845664193,0.176353819415322,0.03556));
#3704=CARTESIAN_POINT('',(-0.0962214060527512,0.180084323366443,0.03556));
#3705=CARTESIAN_POINT('',(-0.0977767182371295,0.18553757120686,0.03556));
#3706=CARTESIAN_POINT('',(-0.0992575841395342,0.190040823833339,0.03556));
#3707=CARTESIAN_POINT('',(-0.100837826965572,0.193515213428792,0.03556));
#3708=CARTESIAN_POINT('',(-0.102257866732904,0.195949445417942,0.03556));
#3709=CARTESIAN_POINT('',(-0.104005376084302,0.198166474590934,0.03556));
#3710=CARTESIAN_POINT('',(-0.10673103348242,0.200873665775019,0.03556));
#3711=CARTESIAN_POINT('',(-0.110465997729824,0.203746911566476,0.03556));
#3712=CARTESIAN_POINT('',(-0.115248135512717,0.206761208719809,0.03556));
#3713=CARTESIAN_POINT('',(-0.118555618867116,0.208591888928861,0.03556));
#3714=CARTESIAN_POINT('',(-0.120230228331817,0.209476589460488,0.03556));
#3715=CARTESIAN_POINT('',(5.81517936150282,11.444343892789,0.02921));
#3716=CARTESIAN_POINT('',(-0.133213252818159,0.216345156220105,0.02921));
#3717=CARTESIAN_POINT('',(-0.133213252818159,0.216345156220105,0.03556));
#3718=CARTESIAN_POINT('',(5.81517936150282,11.444343892789,0.03556));
#3719=CARTESIAN_POINT('',(-0.140727974528924,0.202160603964593,0.02921));
#3720=CARTESIAN_POINT('',(-0.140727974528924,0.202160603964593,0.03556));
#3721=CARTESIAN_POINT('',(-0.197849578143532,0.15667745190277,0.02921));
#3722=CARTESIAN_POINT('',(-0.131585927758065,0.214189783305004,0.02921));
#3723=CARTESIAN_POINT('',(-0.131585927758065,0.214189783305004,0.03556));
#3724=CARTESIAN_POINT('',(-0.197849578143532,0.15667745190277,0.03556));
#3725=CARTESIAN_POINT('',(9.45486164778675,8.53457277952766,0.02921));
#3726=CARTESIAN_POINT('',(-0.120059271095926,0.200927735512227,0.02921));
#3727=CARTESIAN_POINT('',(-0.120059271095926,0.200927735512227,0.03556));
#3728=CARTESIAN_POINT('',(9.45486164778675,8.53457277952766,0.03556));
#3729=CARTESIAN_POINT('',(-0.107991515946482,0.172720905677474,0.03556));
#3730=CARTESIAN_POINT('',(-0.114280333023564,0.171841542401578,0.03556));
#3731=CARTESIAN_POINT('',(-0.114280333023564,0.171841542401578,0.02921));
#3732=CARTESIAN_POINT('',(-0.108171892416507,0.17401087838398,0.03556));
#3733=CARTESIAN_POINT('',(-0.114444625071753,0.173016486439775,0.0355599999999904));
#3734=CARTESIAN_POINT('',(-0.114444625071786,0.173016486439851,0.02921));
#3735=CARTESIAN_POINT('',(-0.10860188329711,0.176571356319409,0.03556));
#3736=CARTESIAN_POINT('',(-0.11483530818574,0.175343967276089,0.0355600000000044));
#3737=CARTESIAN_POINT('',(-0.114835308185725,0.175343967276054,0.02921));
#3738=CARTESIAN_POINT('',(-0.10945300612447,0.180353603657771,0.03556));
#3739=CARTESIAN_POINT('',(-0.115614776486776,0.178809055566675,0.0355599999999988));
#3740=CARTESIAN_POINT('',(-0.11561477648678,0.178809055566684,0.02921));
#3741=CARTESIAN_POINT('',(-0.110487275447828,0.184085400113193,0.03556));
#3742=CARTESIAN_POINT('',(-0.116556038409023,0.182197892784291,0.0355600000000002));
#3743=CARTESIAN_POINT('',(-0.116556038409023,0.18219789278429,0.02921));
#3744=CARTESIAN_POINT('',(-0.111793173262534,0.187736163648206,0.03556));
#3745=CARTESIAN_POINT('',(-0.117678462907612,0.185327950497891,0.0355600000000004));
#3746=CARTESIAN_POINT('',(-0.117678462907611,0.185327950497886,0.02921));
#3747=CARTESIAN_POINT('',(-0.113444645114423,0.191306030914432,0.03556));
#3748=CARTESIAN_POINT('',(-0.119093191563388,0.188388578165223,0.0355599999999981));
#3749=CARTESIAN_POINT('',(-0.119093191563392,0.188388578165243,0.02921));
#3750=CARTESIAN_POINT('',(-0.11537399426318,0.194695362890484,0.03556));
#3751=CARTESIAN_POINT('',(-0.120769013275003,0.191334103062378,0.0355600000000071));
#3752=CARTESIAN_POINT('',(-0.120769013274987,0.191334103062306,0.02921));
#3753=CARTESIAN_POINT('',(-0.117560408093872,0.197914466065279,0.03556));
#3754=CARTESIAN_POINT('',(-0.122670600939663,0.194132206396675,0.0355599999999732));
#3755=CARTESIAN_POINT('',(-0.122670600939722,0.194132206396947,0.02921));
#3756=CARTESIAN_POINT('',(-0.119200109814145,0.199940604277442,0.03556));
#3757=CARTESIAN_POINT('',(-0.124083489159105,0.195879151422326,0.0355600000000578));
#3758=CARTESIAN_POINT('',(-0.124083489158977,0.19587915142174,0.02921));
#3759=CARTESIAN_POINT('',(-0.120059271098489,0.200927735515169,0.03556));
#3760=CARTESIAN_POINT('',(-0.124849126485345,0.196758828539353,0.03556));
#3761=CARTESIAN_POINT('',(-0.124849126485345,0.196758828539353,0.02921));
#3762=CARTESIAN_POINT('',(-0.107991515946482,0.172720905677474,0.02921));
#3763=CARTESIAN_POINT('',(-0.107991515946482,0.172720905677474,0.03556));
#3764=CARTESIAN_POINT('',(-0.120059271095928,0.200927735512226,0.03556));
#3765=CARTESIAN_POINT('',(-0.118340948528378,0.19895347303638,0.03556));
#3766=CARTESIAN_POINT('',(-0.115246941172674,0.194794671462522,0.03556));
#3767=CARTESIAN_POINT('',(-0.11162531335475,0.187790388853262,0.03556));
#3768=CARTESIAN_POINT('',(-0.109356419016228,0.180379858733931,0.03556));
#3769=CARTESIAN_POINT('',(-0.108352268886557,0.175300851090641,0.03556));
#3770=CARTESIAN_POINT('',(-0.107991515946482,0.172720905677474,0.03556));
#3771=CARTESIAN_POINT('',(-0.108406612376364,0.144518882189155,0.03556));
#3772=CARTESIAN_POINT('',(-0.114703098980669,0.14534153426738,0.03556));
#3773=CARTESIAN_POINT('',(-0.114703098980669,0.14534153426738,0.02921));
#3774=CARTESIAN_POINT('',(-0.10810103000079,0.146857775367999,0.03556));
#3775=CARTESIAN_POINT('',(-0.114410255321719,0.147582926739883,0.03556));
#3776=CARTESIAN_POINT('',(-0.114410255321738,0.147582926739877,0.02921));
#3777=CARTESIAN_POINT('',(-0.107602610717406,0.151548071584544,0.03556));
#3778=CARTESIAN_POINT('',(-0.113935783742739,0.152050848380206,0.03556));
#3779=CARTESIAN_POINT('',(-0.11393578374273,0.152050848380209,0.02921));
#3780=CARTESIAN_POINT('',(-0.107228186525059,0.158615651237508,0.03556));
#3781=CARTESIAN_POINT('',(-0.113578917813337,0.158781233324546,0.03556));
#3782=CARTESIAN_POINT('',(-0.113578917813343,0.158781233324545,0.02921));
#3783=CARTESIAN_POINT('',(-0.10725723299291,0.165692256507319,0.03556));
#3784=CARTESIAN_POINT('',(-0.113609990651332,0.165448596444927,0.03556));
#3785=CARTESIAN_POINT('',(-0.113609990651319,0.165448596444928,0.02921));
#3786=CARTESIAN_POINT('',(-0.107664535401429,0.170382485491821,0.03556));
#3787=CARTESIAN_POINT('',(-0.113982509790885,0.16971164241282,0.03556));
#3788=CARTESIAN_POINT('',(-0.113982509790913,0.169711642412818,0.02921));
#3789=CARTESIAN_POINT('',(-0.107991515946482,0.172720905677474,0.03556));
#3790=CARTESIAN_POINT('',(-0.114280333023564,0.171841542401578,0.03556));
#3791=CARTESIAN_POINT('',(-0.114280333023564,0.171841542401578,0.02921));
#3792=CARTESIAN_POINT('',(-0.108406612376364,0.144518882189155,0.02921));
#3793=CARTESIAN_POINT('',(-0.108406612376364,0.144518882189155,0.03556));
#3794=CARTESIAN_POINT('',(-0.107991515946482,0.172720905677474,0.03556));
#3795=CARTESIAN_POINT('',(-0.107337554856907,0.168044065308309,0.03556));
#3796=CARTESIAN_POINT('',(-0.107024362029105,0.158613944086523,0.03556));
#3797=CARTESIAN_POINT('',(-0.107795447625249,0.149196668546575,0.03556));
#3798=CARTESIAN_POINT('',(-0.108406612376364,0.144518882189155,0.03556));
#3799=CARTESIAN_POINT('',(-0.113298596099391,0.114668120710334,0.03556));
#3800=CARTESIAN_POINT('',(-0.119632198351924,0.115124171701677,0.03556));
#3801=CARTESIAN_POINT('',(-0.119632198351924,0.115124171701677,0.02921));
#3802=CARTESIAN_POINT('',(-0.113117299778807,0.117185950524289,0.03556));
#3803=CARTESIAN_POINT('',(-0.119432210307267,0.117901590778671,0.0355599999999133));
#3804=CARTESIAN_POINT('',(-0.119432210308288,0.117901590779139,0.02921));
#3805=CARTESIAN_POINT('',(-0.112440463071143,0.122182730821245,0.03556));
#3806=CARTESIAN_POINT('',(-0.118691894904178,0.123317810713361,0.0355600000000392));
#3807=CARTESIAN_POINT('',(-0.118691894903717,0.123317810713153,0.02921));
#3808=CARTESIAN_POINT('',(-0.110940467610902,0.129604116632028,0.03556));
#3809=CARTESIAN_POINT('',(-0.117157275462318,0.130895568159503,0.035559999999993));
#3810=CARTESIAN_POINT('',(-0.117157275462398,0.130895568159531,0.02921));
#3811=CARTESIAN_POINT('',(-0.109510606055639,0.137033659094342,0.03556));
#3812=CARTESIAN_POINT('',(-0.115766578260684,0.138131869351136,0.0355599999999887));
#3813=CARTESIAN_POINT('',(-0.115766578260824,0.138131869351234,0.02921));
#3814=CARTESIAN_POINT('',(-0.108733492918938,0.142016975234388,0.03556));
#3815=CARTESIAN_POINT('',(-0.115016352957211,0.142943923519589,0.035560000000031));
#3816=CARTESIAN_POINT('',(-0.115016352956831,0.142943923519341,0.02921));
#3817=CARTESIAN_POINT('',(-0.108406612376364,0.144518882189155,0.03556));
#3818=CARTESIAN_POINT('',(-0.114703098980669,0.14534153426738,0.03556));
#3819=CARTESIAN_POINT('',(-0.114703098980669,0.14534153426738,0.02921));
#3820=CARTESIAN_POINT('',(-0.113298596099391,0.114668120710334,0.02921));
#3821=CARTESIAN_POINT('',(-0.113298596099391,0.114668120710334,0.03556));
#3822=CARTESIAN_POINT('',(-0.108406612376364,0.144518882189155,0.03556));
#3823=CARTESIAN_POINT('',(-0.10906037346102,0.139515068279351,0.03556));
#3824=CARTESIAN_POINT('',(-0.11090612473025,0.129601527838868,0.03556));
#3825=CARTESIAN_POINT('',(-0.112936003458739,0.119703780338713,0.03556));
#3826=CARTESIAN_POINT('',(-0.113298596099391,0.114668120710334,0.03556));
#3827=CARTESIAN_POINT('',(-0.0921044643414635,0.0967332049333521,0.03556));
#3828=CARTESIAN_POINT('',(-0.0857612761026176,0.0970272507912841,0.03556));
#3829=CARTESIAN_POINT('',(-0.0857612761026176,0.0970272507912841,0.02921));
#3830=CARTESIAN_POINT('',(-0.0919240766979298,0.0928418636754209,0.03556));
#3831=CARTESIAN_POINT('',(-0.0855839791858538,0.0932025830033218,0.0355600000001911));
#3832=CARTESIAN_POINT('',(-0.08558397918521,0.0932025830024119,0.02921));
#3833=CARTESIAN_POINT('',(-0.0916791592631763,0.0889539544765474,0.03556));
#3834=CARTESIAN_POINT('',(-0.0853418696200881,0.089355582918956,0.0355600000001434));
#3835=CARTESIAN_POINT('',(-0.085341869618717,0.0893555829184055,0.02921));
#3836=CARTESIAN_POINT('',(-0.0914368958095779,0.0850659041245222,0.03556));
#3837=CARTESIAN_POINT('',(-0.0850991869846762,0.085460805189047,0.03556));
#3838=CARTESIAN_POINT('',(-0.0850991869846762,0.085460805189047,0.02921));
#3839=CARTESIAN_POINT('',(-0.0914368958095779,0.0850659041245221,0.03556));
#3840=CARTESIAN_POINT('',(-0.0916777143511875,0.0889307653099324,0.03556));
#3841=CARTESIAN_POINT('',(-0.091921192904732,0.0927954850208847,0.03556));
#3842=CARTESIAN_POINT('',(-0.0921012301946923,0.0966635788965401,0.03556));
#3843=CARTESIAN_POINT('',(-0.0914368958095779,0.0850659041245221,0.03556));
#3844=CARTESIAN_POINT('',(-0.0914368958095779,0.0850659041245221,0.02921));
#3845=CARTESIAN_POINT('',(-0.112625684224886,0.0892677896589922,0.03556));
#3846=CARTESIAN_POINT('',(-0.118966396788214,0.0889244761153439,0.03556));
#3847=CARTESIAN_POINT('',(-0.118966396788214,0.0889244761153439,0.02921));
#3848=CARTESIAN_POINT('',(-0.112854816894992,0.093499677461086,0.03556));
#3849=CARTESIAN_POINT('',(-0.119194302446969,0.0931337020647272,0.035559999999844));
#3850=CARTESIAN_POINT('',(-0.119194302447475,0.0931337020653989,0.02921));
#3851=CARTESIAN_POINT('',(-0.113376419182429,0.101958869430573,0.03556));
#3852=CARTESIAN_POINT('',(-0.119712089029482,0.101578031827324,0.0355600000001821));
#3853=CARTESIAN_POINT('',(-0.11971208902767,0.101578031826329,0.02921));
#3854=CARTESIAN_POINT('',(-0.113603203900249,0.110437750203914,0.03556));
#3855=CARTESIAN_POINT('',(-0.119968211337685,0.110457648299154,0.0355599999997919));
#3856=CARTESIAN_POINT('',(-0.119968211340803,0.11045764830047,0.02921));
#3857=CARTESIAN_POINT('',(-0.113298596099391,0.114668120710334,0.03556));
#3858=CARTESIAN_POINT('',(-0.119632198351924,0.115124171701677,0.03556));
#3859=CARTESIAN_POINT('',(-0.119632198351924,0.115124171701677,0.02921));
#3860=CARTESIAN_POINT('',(-0.112625684224886,0.0892677896589921,0.02921));
#3861=CARTESIAN_POINT('',(-0.112625684224886,0.0892677896589921,0.03556));
#3862=CARTESIAN_POINT('',(-0.113298596099391,0.114668120710334,0.03556));
#3863=CARTESIAN_POINT('',(-0.113603203901758,0.110437750203878,0.03556));
#3864=CARTESIAN_POINT('',(-0.113376419181845,0.101958869430312,0.03556));
#3865=CARTESIAN_POINT('',(-0.112854816894651,0.0934996774616441,0.03556));
#3866=CARTESIAN_POINT('',(-0.112625684224886,0.0892677896589921,0.03556));
#3867=CARTESIAN_POINT('',(-0.0914368958095779,0.0850659041245221,0.03556));
#3868=CARTESIAN_POINT('',(-0.0850991869846752,0.0854608051890305,0.03556));
#3869=CARTESIAN_POINT('',(-0.0850991869846752,0.0854608051890305,0.02921));
#3870=CARTESIAN_POINT('',(-0.0912632704200884,0.0822794159102608,0.03556));
#3871=CARTESIAN_POINT('',(-0.0849252611809948,0.0826694956675601,0.0355600000000891));
#3872=CARTESIAN_POINT('',(-0.0849252611808895,0.0826694956672319,0.02921));
#3873=CARTESIAN_POINT('',(-0.0910025968251806,0.0780992554572152,0.03556));
#3874=CARTESIAN_POINT('',(-0.0846614944556171,0.0784555144722348,0.0355599999999798));
#3875=CARTESIAN_POINT('',(-0.0846614944557877,0.078455514472303,0.02921));
#3876=CARTESIAN_POINT('',(-0.0907944257057856,0.0725195828541423,0.03556));
#3877=CARTESIAN_POINT('',(-0.084446054545057,0.0726783571386534,0.035560000000004));
#3878=CARTESIAN_POINT('',(-0.0844460545448079,0.0726783571386491,0.02921));
#3879=CARTESIAN_POINT('',(-0.0907378896894645,0.0697279792991093,0.03556));
#3880=CARTESIAN_POINT('',(-0.0843893853114998,0.069866173969119,0.03556));
#3881=CARTESIAN_POINT('',(-0.0843893853120375,0.0698661739690957,0.02921));
#3882=CARTESIAN_POINT('',(-0.0907052497249222,0.0683323467444905,0.03556));
#3883=CARTESIAN_POINT('',(-0.0843569856173401,0.0684808149915497,0.03556));
#3884=CARTESIAN_POINT('',(-0.0843569856173401,0.0684808149915497,0.02921));
#3885=CARTESIAN_POINT('',(-0.0907110087798743,0.06858,0.03556));
#3886=CARTESIAN_POINT('',(-0.090774624176337,0.0713300121197355,0.03556));
#3887=CARTESIAN_POINT('',(-0.0909156420534968,0.0768297660749512,0.03556));
#3888=CARTESIAN_POINT('',(-0.0912658378767716,0.0823206206402502,0.03556));
#3889=CARTESIAN_POINT('',(-0.0914368958095779,0.0850659041245221,0.03556));
#3890=CARTESIAN_POINT('',(-0.111655398726136,0.0684558505816249,0.03556));
#3891=CARTESIAN_POINT('',(-0.117999613627212,0.0681848574286569,0.03556));
#3892=CARTESIAN_POINT('',(-0.117999613627212,0.0681848574286569,0.02921));
#3893=CARTESIAN_POINT('',(-0.111951779966651,0.075394425457349,0.03556));
#3894=CARTESIAN_POINT('',(-0.118295810505685,0.0751191162510238,0.0355599999996592));
#3895=CARTESIAN_POINT('',(-0.118295810507575,0.0751191162520588,0.02921));
#3896=CARTESIAN_POINT('',(-0.112250204669779,0.0823329979050777,0.03556));
#3897=CARTESIAN_POINT('',(-0.118592927932464,0.0820268203217644,0.0355599999996592));
#3898=CARTESIAN_POINT('',(-0.118592927934467,0.0820268203229199,0.02921));
#3899=CARTESIAN_POINT('',(-0.112625684224886,0.0892677896589921,0.03556));
#3900=CARTESIAN_POINT('',(-0.118966396788214,0.0889244761153439,0.03556));
#3901=CARTESIAN_POINT('',(-0.118966396788214,0.0889244761153439,0.02921));
#3902=CARTESIAN_POINT('',(-0.112625684224886,0.0892677896589921,0.03556));
#3903=CARTESIAN_POINT('',(-0.112252444110685,0.0823743584937044,0.03556));
#3904=CARTESIAN_POINT('',(-0.111955401759755,0.0754771880709741,0.03556));
#3905=CARTESIAN_POINT('',(-0.111660702536057,0.068580000000005,0.03556));
#3906=CARTESIAN_POINT('',(0.0012968781662881,0.0798709325967918,0.03556));
#3907=MECHANICAL_DESIGN_GEOMETRIC_PRESENTATION_REPRESENTATION('',(#1504),
#3908);
#3908=(
GEOMETRIC_REPRESENTATION_CONTEXT(3)
GLOBAL_UNCERTAINTY_ASSIGNED_CONTEXT((#3909))
GLOBAL_UNIT_ASSIGNED_CONTEXT((#3912,#3911,#3910))
REPRESENTATION_CONTEXT('Horn Tip','TOP_LEVEL_ASSEMBLY_PART')
);
#3909=UNCERTAINTY_MEASURE_WITH_UNIT(LENGTH_MEASURE(2.E-5),#3912,
'DISTANCE_ACCURACY_VALUE','Maximum Tolerance applied to model');
#3910=(
NAMED_UNIT(*)
SI_UNIT($,.STERADIAN.)
SOLID_ANGLE_UNIT()
);
#3911=(
NAMED_UNIT(*)
PLANE_ANGLE_UNIT()
SI_UNIT($,.RADIAN.)
);
#3912=(
LENGTH_UNIT()
NAMED_UNIT(*)
SI_UNIT($,.METRE.)
);
#3913=PRODUCT_DEFINITION_SHAPE('','',#3914);
#3914=PRODUCT_DEFINITION('','',#3916,#3915);
#3915=PRODUCT_DEFINITION_CONTEXT('',#3922,'design');
#3916=PRODUCT_DEFINITION_FORMATION_WITH_SPECIFIED_SOURCE('','',#3918,
 .NOT_KNOWN.);
#3917=PRODUCT_RELATED_PRODUCT_CATEGORY('','',(#3918));
#3918=PRODUCT('Horn Tip','Horn Tip','Horn Tip',(#3920));
#3919=PRODUCT_CATEGORY('','');
#3920=PRODUCT_CONTEXT('',#3922,'mechanical');
#3921=APPLICATION_PROTOCOL_DEFINITION('international standard',
'ap242_managed_model_based_3d_engineering',2020,#3922);
#3922=APPLICATION_CONTEXT('managed model based 3d engineering');
ENDSEC;
END-ISO-10303-21;
