ISO-10303-21;
HEADER;
/* Generated by software containing ST-Developer
 * from STEP Tools, Inc. (www.steptools.com) 
 */
/* OPTION: using custom renumber hook */

FILE_DESCRIPTION(
/* description */ ('STEP AP242 Edition 2',
'CAx-IF Rec.Pracs.---Representation and Presentation of Product Manufa
cturing Information (PMI)---4.0---2014-10-13',
'CAx-IF Rec.Pracs.---3D Tessellated Geometry---0.4---2014-09-14','2;1',
'CAx-IF Rec.Pracs.---User Defined Attributes---1.5---2016-08-15'),
/* implementation_level */ '2;1');

FILE_NAME(
/* name */ 'Part Studio 1 - Horn Base 1',
/* time_stamp */ '2026-08-10T00:52:46Z',
/* author */ (''),
/* organization */ (''),
/* preprocessor_version */ 'ST-DEVELOPER v20',
/* originating_system */ 'ONSHAPE BY PTC INC, 1.219',
/* authorisation */ '  ');

FILE_SCHEMA (('AP242_MANAGED_MODEL_BASED_3D_ENGINEERING_MIM_LF { 1 0 10303 442 3 1 4 }'));
ENDSEC;

DATA;
#10=SHAPE_REPRESENTATION_RELATIONSHIP('','',#1153,#11);
#11=ADVANCED_BREP_SHAPE_REPRESENTATION('',(#1151),#3409);
#12=TOROIDAL_SURFACE('',#1195,0.0195,0.007);
#13=TOROIDAL_SURFACE('',#1214,0.0195,0.007);
#14=(
BOUNDED_SURFACE()
B_SPLINE_SURFACE(3,2,((#1948,#1949,#1950),(#1951,#1952,#1953),(#1954,#1955,
#1956),(#1957,#1958,#1959),(#1960,#1961,#1962),(#1963,#1964,#1965),(#1966,
#1967,#1968),(#1969,#1970,#1971)),.UNSPECIFIED.,.F.,.F.,.F.)
B_SPLINE_SURFACE_WITH_KNOTS((4,1,1,1,1,4),(3,3),(-7.80625564189563E-18,
0.00462859842965286,0.00925719685930572,0.0115714960741322,0.0138857952889586,
0.0185143937186115),(0.,1.),.UNSPECIFIED.)
GEOMETRIC_REPRESENTATION_ITEM()
RATIONAL_B_SPLINE_SURFACE(((1.,0.707106781186548,1.),(1.,0.7296775812675,
1.),(1.,0.766686269695235,1.),(1.,0.783581044248443,1.),(1.,0.777049937143966,
1.),(1.,0.757483586888173,1.),(1.,0.729674940238578,1.),(1.,0.707106781186548,
1.)))
REPRESENTATION_ITEM('')
SURFACE()
);
#15=(
BOUNDED_SURFACE()
B_SPLINE_SURFACE(3,2,((#2354,#2355,#2356),(#2357,#2358,#2359),(#2360,#2361,
#2362),(#2363,#2364,#2365)),.UNSPECIFIED.,.F.,.F.,.F.)
B_SPLINE_SURFACE_WITH_KNOTS((4,4),(3,3),(0.0674556650759023,0.0736057364588429),
(0.,1.),.PIECEWISE_BEZIER_KNOTS.)
GEOMETRIC_REPRESENTATION_ITEM()
RATIONAL_B_SPLINE_SURFACE(((1.,0.823611972863976,1.),(1.,0.845893785266376,
1.),(1.,0.857904423541061,1.),(1.,0.857904423581089,1.)))
REPRESENTATION_ITEM('')
SURFACE()
);
#16=(
BOUNDED_SURFACE()
B_SPLINE_SURFACE(3,2,((#2367,#2368,#2369),(#2370,#2371,#2372),(#2373,#2374,
#2375),(#2376,#2377,#2378),(#2379,#2380,#2381),(#2382,#2383,#2384),(#2385,
#2386,#2387),(#2388,#2389,#2390),(#2391,#2392,#2393),(#2394,#2395,#2396),
(#2397,#2398,#2399),(#2400,#2401,#2402),(#2403,#2404,#2405),(#2406,#2407,
#2408),(#2409,#2410,#2411),(#2412,#2413,#2414),(#2415,#2416,#2417),(#2418,
#2419,#2420),(#2421,#2422,#2423),(#2424,#2425,#2426)),.UNSPECIFIED.,.F.,
 .F.,.F.)
B_SPLINE_SURFACE_WITH_KNOTS((4,1,1,1,1,1,1,1,1,1,1,1,1,1,1,1,1,4),(3,3),
(-0.000118856629172868,0.00392597649333195,0.00797080961583676,0.0160604758608464,
0.024150142105856,0.0322398083508657,0.0403294745958753,0.0484191408408849,
0.0565088070858945,0.0645984733309042,0.0726881395759138,0.0807778058209234,
0.0888674720659331,0.0969571383109427,0.105046804555952,0.113136470800962,
0.121226137045972,0.129315803290981),(0.499999999953382,1.),
 .UNSPECIFIED.)
GEOMETRIC_REPRESENTATION_ITEM()
RATIONAL_B_SPLINE_SURFACE(((1.,1.,1.),(1.,1.,1.),(0.999994379202986,0.999994379202986,
1.),(0.999961206259664,0.99996120625966,1.),(0.999879341908133,0.999879341908122,
1.),(0.999716646372573,0.999716646372546,1.),(0.999484759808065,0.999484759808017,
1.),(0.999189724735191,0.999189724735116,1.),(0.998829930429452,0.998829930429343,
1.),(0.998399107787555,0.998399107787405,1.),(0.997902052816653,0.997902052816457,
1.),(0.997342551011163,0.997342551010915,1.),(0.996736194117025,0.99673619411672,
1.),(0.99610209614999,0.996102096149627,1.),(0.99545997543786,0.995459975437437,
1.),(0.994851261871061,0.994851261870581,1.),(0.994349850635062,0.994349850634536,
1.),(0.994009014908166,0.994009014907608,1.),(0.993926571636127,0.993926571635561,
1.),(0.993926576549078,0.993926576548512,1.)))
REPRESENTATION_ITEM('')
SURFACE()
);
#17=(
BOUNDED_SURFACE()
B_SPLINE_SURFACE(3,2,((#2462,#2463,#2464),(#2465,#2466,#2467),(#2468,#2469,
#2470),(#2471,#2472,#2473),(#2474,#2475,#2476)),.UNSPECIFIED.,.F.,.F.,.F.)
B_SPLINE_SURFACE_WITH_KNOTS((4,1,4),(3,3),(-2.42861286636753E-17,0.00747294171521502,
0.0149458834304301),(0.,1.),.UNSPECIFIED.)
GEOMETRIC_REPRESENTATION_ITEM()
RATIONAL_B_SPLINE_SURFACE(((1.,0.707106781186548,1.),(1.,0.707106781186548,
1.),(1.,0.707106781186547,1.),(1.,0.707106781186548,1.),(1.,0.707106781186548,
1.)))
REPRESENTATION_ITEM('')
SURFACE()
);
#18=(
BOUNDED_SURFACE()
B_SPLINE_SURFACE(3,2,((#2483,#2484,#2485),(#2486,#2487,#2488),(#2489,#2490,
#2491),(#2492,#2493,#2494)),.UNSPECIFIED.,.F.,.F.,.F.)
B_SPLINE_SURFACE_WITH_KNOTS((4,4),(3,3),(0.0162864618661586,0.032534007243852),
(0.,1.),.PIECEWISE_BEZIER_KNOTS.)
GEOMETRIC_REPRESENTATION_ITEM()
RATIONAL_B_SPLINE_SURFACE(((1.,0.707106781186548,1.),(1.,0.707106781186548,
1.),(1.,0.707106781186546,1.),(1.,0.707106781186547,1.)))
REPRESENTATION_ITEM('')
SURFACE()
);
#19=(
BOUNDED_SURFACE()
B_SPLINE_SURFACE(3,2,((#2506,#2507,#2508),(#2509,#2510,#2511),(#2512,#2513,
#2514),(#2515,#2516,#2517),(#2518,#2519,#2520),(#2521,#2522,#2523)),
 .UNSPECIFIED.,.F.,.F.,.F.)
B_SPLINE_SURFACE_WITH_KNOTS((4,1,1,4),(3,3),(-6.24500451351651E-17,0.00808449884050044,
0.016168997681001,0.032337995362002),(0.,1.),.UNSPECIFIED.)
GEOMETRIC_REPRESENTATION_ITEM()
RATIONAL_B_SPLINE_SURFACE(((1.,0.707106781186547,1.),(1.,0.707106781186547,
1.),(1.,0.707106781186547,1.),(1.,0.707106781186548,1.),(1.,0.707106781186547,
1.),(1.,0.707106781186547,1.)))
REPRESENTATION_ITEM('')
SURFACE()
);
#20=(
BOUNDED_SURFACE()
B_SPLINE_SURFACE(3,2,((#2543,#2544,#2545),(#2546,#2547,#2548),(#2549,#2550,
#2551),(#2552,#2553,#2554),(#2555,#2556,#2557),(#2558,#2559,#2560),(#2561,
#2562,#2563),(#2564,#2565,#2566),(#2567,#2568,#2569),(#2570,#2571,#2572),
(#2573,#2574,#2575),(#2576,#2577,#2578),(#2579,#2580,#2581),(#2582,#2583,
#2584),(#2585,#2586,#2587),(#2588,#2589,#2590),(#2591,#2592,#2593),(#2594,
#2595,#2596),(#2597,#2598,#2599),(#2600,#2601,#2602),(#2603,#2604,#2605),
(#2606,#2607,#2608)),.UNSPECIFIED.,.F.,.F.,.F.)
B_SPLINE_SURFACE_WITH_KNOTS((4,1,1,1,1,1,1,1,1,1,1,1,1,1,1,1,1,1,1,4),(3,
3),(-6.93889390390723E-16,0.00651958392356481,0.00977937588534757,0.0130391678471303,
0.0162989598089131,0.0195587517706958,0.0228185437324786,0.0260783356942613,
0.0293381276560441,0.0325979196178268,0.0391175035413924,0.0456370874649579,
0.0521566713885234,0.0586762553120889,0.0651958392356544,0.0717154231592199,
0.0782350070827854,0.0847545910063509,0.0912741749299164,0.104313342777047),
(0.,1.),.UNSPECIFIED.)
GEOMETRIC_REPRESENTATION_ITEM()
RATIONAL_B_SPLINE_SURFACE(((1.,0.707106781186547,1.),(1.,0.707106781186547,
1.),(1.,0.707106781186548,1.),(1.,0.707106781186548,1.),(1.,0.707106781186547,
1.),(1.,0.707106781186548,1.),(1.,0.707106781186548,1.),(1.,0.707106781186548,
1.),(1.,0.707106781186548,1.),(1.,0.707106781186548,1.),(1.,0.707106781186547,
1.),(1.,0.707106781186548,1.),(1.,0.707106781186548,1.),(1.,0.707106781186548,
1.),(1.,0.707106781186548,1.),(1.,0.707106781186547,1.),(1.,0.707106781186548,
1.),(1.,0.707106781186548,1.),(1.,0.707106781186548,1.),(1.,0.707106781186547,
1.),(1.,0.707106781186548,1.),(1.,0.707106781186548,1.)))
REPRESENTATION_ITEM('')
SURFACE()
);
#21=(
BOUNDED_SURFACE()
B_SPLINE_SURFACE(3,2,((#2609,#2610,#2611),(#2612,#2613,#2614),(#2615,#2616,
#2617),(#2618,#2619,#2620)),.UNSPECIFIED.,.F.,.F.,.F.)
B_SPLINE_SURFACE_WITH_KNOTS((4,4),(3,3),(0.0164586478399543,0.0239865513681233),
(0.,1.),.PIECEWISE_BEZIER_KNOTS.)
GEOMETRIC_REPRESENTATION_ITEM()
RATIONAL_B_SPLINE_SURFACE(((1.,0.707106781186548,1.),(1.,0.707106781186548,
1.),(1.,0.707106781186548,1.),(1.,0.707106781186548,1.)))
REPRESENTATION_ITEM('')
SURFACE()
);
#22=(
BOUNDED_SURFACE()
B_SPLINE_SURFACE(3,2,((#2621,#2622,#2623),(#2624,#2625,#2626),(#2627,#2628,
#2629),(#2630,#2631,#2632)),.UNSPECIFIED.,.F.,.F.,.F.)
B_SPLINE_SURFACE_WITH_KNOTS((4,4),(3,3),(-4.33680868994202E-18,0.0058396757795588),
(0.,1.),.PIECEWISE_BEZIER_KNOTS.)
GEOMETRIC_REPRESENTATION_ITEM()
RATIONAL_B_SPLINE_SURFACE(((1.,0.707106781186547,1.),(1.,0.707106781186547,
1.),(1.,0.707106781186548,1.),(1.,0.707106781186548,1.)))
REPRESENTATION_ITEM('')
SURFACE()
);
#23=(
BOUNDED_SURFACE()
B_SPLINE_SURFACE(3,2,((#2633,#2634,#2635),(#2636,#2637,#2638),(#2639,#2640,
#2641),(#2642,#2643,#2644),(#2645,#2646,#2647),(#2648,#2649,#2650),(#2651,
#2652,#2653),(#2654,#2655,#2656),(#2657,#2658,#2659),(#2660,#2661,#2662),
(#2663,#2664,#2665),(#2666,#2667,#2668),(#2669,#2670,#2671),(#2672,#2673,
#2674),(#2675,#2676,#2677),(#2678,#2679,#2680),(#2681,#2682,#2683),(#2684,
#2685,#2686),(#2687,#2688,#2689),(#2690,#2691,#2692),(#2693,#2694,#2695),
(#2696,#2697,#2698),(#2699,#2700,#2701),(#2702,#2703,#2704),(#2705,#2706,
#2707),(#2708,#2709,#2710),(#2711,#2712,#2713),(#2714,#2715,#2716),(#2717,
#2718,#2719)),.UNSPECIFIED.,.F.,.F.,.F.)
B_SPLINE_SURFACE_WITH_KNOTS((4,1,1,1,1,1,1,1,1,1,1,1,1,1,1,1,1,1,1,1,1,
1,1,1,1,1,4),(3,3),(1.11022302462516E-16,0.00463530463310878,0.00927060926621746,
0.0139059138993261,0.0185412185324348,0.0231765231655435,0.0278118277986521,
0.0301294801152065,0.0324471324317608,0.0370824370648695,0.0417177416979782,
0.0463530463310868,0.0509883509641955,0.0556236555973042,0.0648942648635215,
0.0695295694966302,0.0741648741297389,0.0834354833959562,0.0927060926621736,
0.0973413972952822,0.101976701928391,0.1066120065615,0.111247311194608,
0.120517920460826,0.129788529727043,0.13905913899326,0.148329748259478),
(0.,1.),.UNSPECIFIED.)
GEOMETRIC_REPRESENTATION_ITEM()
RATIONAL_B_SPLINE_SURFACE(((1.,0.707106781186547,1.),(1.,0.707106781186547,
1.),(1.,0.707106781186548,1.),(1.,0.707106781186548,1.),(1.,0.707106781186547,
1.),(1.,0.707106781186547,1.),(1.,0.707106781186549,1.),(1.,0.707106781186547,
1.),(1.,0.707106781186548,1.),(1.,0.707106781186548,1.),(1.,0.707106781186547,
1.),(1.,0.707106781186548,1.),(1.,0.707106781186548,1.),(1.,0.707106781186548,
1.),(1.,0.707106781186546,1.),(1.,0.707106781186548,1.),(1.,0.707106781186547,
1.),(1.,0.707106781186548,1.),(1.,0.707106781186548,1.),(1.,0.707106781186547,
1.),(1.,0.707106781186548,1.),(1.,0.707106781186547,1.),(1.,0.707106781186547,
1.),(1.,0.707106781186547,1.),(1.,0.707106781186547,1.),(1.,0.707106781186548,
1.),(1.,0.707106781186547,1.),(1.,0.707106781186548,1.),(1.,0.707106781186548,
1.)))
REPRESENTATION_ITEM('')
SURFACE()
);
#24=(
BOUNDED_SURFACE()
B_SPLINE_SURFACE(3,2,((#2729,#2730,#2731),(#2732,#2733,#2734),(#2735,#2736,
#2737),(#2738,#2739,#2740),(#2741,#2742,#2743),(#2744,#2745,#2746),(#2747,
#2748,#2749),(#2750,#2751,#2752),(#2753,#2754,#2755),(#2756,#2757,#2758),
(#2759,#2760,#2761)),.UNSPECIFIED.,.F.,.F.,.F.)
B_SPLINE_SURFACE_WITH_KNOTS((4,1,1,1,1,1,1,1,4),(3,3),(0.0250838583489367,
0.0258712144216904,0.0266585704944442,0.0282332826399516,0.0298079947854591,
0.0313827069309666,0.032957419076474,0.0345321312219815,0.0376815555129964),
(0.,1.),.UNSPECIFIED.)
GEOMETRIC_REPRESENTATION_ITEM()
RATIONAL_B_SPLINE_SURFACE(((1.,0.988610049975429,1.),(1.,0.988610048872976,
1.),(1.,0.983873393035978,1.),(1.,0.96671915292595,1.),(1.,0.940922845388106,
1.),(1.,0.907064113990533,1.),(1.,0.871242173317375,1.),(1.,0.833676717839236,
1.),(1.,0.780878943976497,1.),(1.,0.737883981528684,1.),(1.,0.707106781186872,
1.)))
REPRESENTATION_ITEM('')
SURFACE()
);
#25=(
BOUNDED_SURFACE()
B_SPLINE_SURFACE(3,2,((#2769,#2770,#2771),(#2772,#2773,#2774),(#2775,#2776,
#2777),(#2778,#2779,#2780),(#2781,#2782,#2783)),.UNSPECIFIED.,.F.,.F.,.F.)
B_SPLINE_SURFACE_WITH_KNOTS((4,1,4),(3,3),(-6.07153216591882E-17,0.00448215091748531,
0.00896430183497069),(0.,1.),.UNSPECIFIED.)
GEOMETRIC_REPRESENTATION_ITEM()
RATIONAL_B_SPLINE_SURFACE(((1.,0.823611972863838,1.),(1.,0.80860736238781,
1.),(1.,0.77362999009357,1.),(1.,0.729976526511676,1.),(1.,0.707106781187009,
1.)))
REPRESENTATION_ITEM('')
SURFACE()
);
#26=(
BOUNDED_SURFACE()
B_SPLINE_SURFACE(3,2,((#2784,#2785,#2786),(#2787,#2788,#2789),(#2790,#2791,
#2792),(#2793,#2794,#2795),(#2796,#2797,#2798),(#2799,#2800,#2801),(#2802,
#2803,#2804),(#2805,#2806,#2807),(#2808,#2809,#2810)),.UNSPECIFIED.,.F.,
 .F.,.F.)
B_SPLINE_SURFACE_WITH_KNOTS((4,1,1,1,1,1,4),(3,3),(0.0188188949526183,0.0233914941384724,
0.0256777937313994,0.0279640933243265,0.0302503929172535,0.0325366925101806,
0.0371092916960346),(0.,0.379759600026014),.UNSPECIFIED.)
GEOMETRIC_REPRESENTATION_ITEM()
RATIONAL_B_SPLINE_SURFACE(((1.,0.984440791310716,0.98069910035856),(1.,
0.988300289525785,0.985486733791786),(1.,0.992959460300575,0.991266345681592),
(1.,0.996427383357612,0.995568237649543),(1.,0.997344511968596,0.996705918082552),
(1.,0.996225922934459,0.995318329862672),(1.,0.992636149638787,0.990865285013225),
(1.,0.987960990730299,0.98506584015054),(1.,0.984124708111793,0.980307005219109)))
REPRESENTATION_ITEM('')
SURFACE()
);
#27=(
BOUNDED_SURFACE()
B_SPLINE_SURFACE(3,2,((#2811,#2812,#2813),(#2814,#2815,#2816),(#2817,#2818,
#2819),(#2820,#2821,#2822)),.UNSPECIFIED.,.F.,.F.,.F.)
B_SPLINE_SURFACE_WITH_KNOTS((4,4),(3,3),(0.253020622665104,0.255966574103126),
(0.,1.),.PIECEWISE_BEZIER_KNOTS.)
GEOMETRIC_REPRESENTATION_ITEM()
RATIONAL_B_SPLINE_SURFACE(((1.,0.975027143033353,1.),(1.,0.976915004962522,
1.),(1.,0.975270490568151,1.),(1.,0.971320177223243,1.)))
REPRESENTATION_ITEM('')
SURFACE()
);
#28=(
BOUNDED_SURFACE()
B_SPLINE_SURFACE(3,2,((#2938,#2939,#2940),(#2941,#2942,#2943),(#2944,#2945,
#2946),(#2947,#2948,#2949)),.UNSPECIFIED.,.F.,.F.,.F.)
B_SPLINE_SURFACE_WITH_KNOTS((4,4),(3,3),(0.0674556650759023,0.0736057364588429),
(0.,1.),.PIECEWISE_BEZIER_KNOTS.)
GEOMETRIC_REPRESENTATION_ITEM()
RATIONAL_B_SPLINE_SURFACE(((1.,0.823611972863976,1.),(1.,0.845893785267301,
1.),(1.,0.857904423541755,1.),(1.,0.857904423581089,1.)))
REPRESENTATION_ITEM('')
SURFACE()
);
#29=(
BOUNDED_SURFACE()
B_SPLINE_SURFACE(3,2,((#2951,#2952,#2953),(#2954,#2955,#2956),(#2957,#2958,
#2959),(#2960,#2961,#2962),(#2963,#2964,#2965),(#2966,#2967,#2968),(#2969,
#2970,#2971),(#2972,#2973,#2974),(#2975,#2976,#2977),(#2978,#2979,#2980),
(#2981,#2982,#2983),(#2984,#2985,#2986),(#2987,#2988,#2989),(#2990,#2991,
#2992),(#2993,#2994,#2995),(#2996,#2997,#2998),(#2999,#3000,#3001),(#3002,
#3003,#3004),(#3005,#3006,#3007),(#3008,#3009,#3010)),.UNSPECIFIED.,.F.,
 .F.,.F.)
B_SPLINE_SURFACE_WITH_KNOTS((4,1,1,1,1,1,1,1,1,1,1,1,1,1,1,1,1,4),(3,3),
(-0.000118856629172868,0.00392597649333194,0.00797080961583676,0.0160604758608464,
0.024150142105856,0.0322398083508656,0.0403294745958753,0.0484191408408849,
0.0565088070858945,0.0645984733309041,0.0726881395759137,0.0807778058209234,
0.088867472065933,0.0969571383109426,0.105046804555952,0.113136470800962,
0.121226137045972,0.129315803290981),(0.,0.500000000000004),
 .UNSPECIFIED.)
GEOMETRIC_REPRESENTATION_ITEM()
RATIONAL_B_SPLINE_SURFACE(((1.,1.,1.),(1.,1.,1.),(1.,0.999994379202986,
0.999994379202986),(1.,0.999961206259664,0.999961206259664),(1.,0.999879341908133,
0.999879341908133),(1.,0.999716646372573,0.999716646372573),(1.,0.999484759808066,
0.999484759808066),(1.,0.999189724735191,0.999189724735191),(1.,0.998829930429452,
0.998829930429452),(1.,0.998399107787554,0.998399107787554),(1.,0.997902052816653,
0.997902052816653),(1.,0.997342551011163,0.997342551011163),(1.,0.996736194117025,
0.996736194117025),(1.,0.99610209614999,0.99610209614999),(1.,0.995459975437862,
0.995459975437862),(1.,0.994851261871054,0.994851261871054),(1.,0.994349850635091,
0.994349850635091),(1.,0.994009014908061,0.994009014908061),(1.,0.993926571636354,
0.993926571636354),(1.,0.993926576549078,0.993926576549078)))
REPRESENTATION_ITEM('')
SURFACE()
);
#30=(
BOUNDED_SURFACE()
B_SPLINE_SURFACE(3,2,((#3046,#3047,#3048),(#3049,#3050,#3051),(#3052,#3053,
#3054),(#3055,#3056,#3057),(#3058,#3059,#3060)),.UNSPECIFIED.,.F.,.F.,.F.)
B_SPLINE_SURFACE_WITH_KNOTS((4,1,4),(3,3),(-2.42861286636753E-17,0.00747294171521502,
0.0149458834304301),(0.,1.),.UNSPECIFIED.)
GEOMETRIC_REPRESENTATION_ITEM()
RATIONAL_B_SPLINE_SURFACE(((1.,0.707106781186548,1.),(1.,0.707106781186548,
1.),(1.,0.707106781186547,1.),(1.,0.707106781186548,1.),(1.,0.707106781186548,
1.)))
REPRESENTATION_ITEM('')
SURFACE()
);
#31=(
BOUNDED_SURFACE()
B_SPLINE_SURFACE(3,2,((#3067,#3068,#3069),(#3070,#3071,#3072),(#3073,#3074,
#3075),(#3076,#3077,#3078)),.UNSPECIFIED.,.F.,.F.,.F.)
B_SPLINE_SURFACE_WITH_KNOTS((4,4),(3,3),(0.0162864618661586,0.032534007243852),
(0.,1.),.PIECEWISE_BEZIER_KNOTS.)
GEOMETRIC_REPRESENTATION_ITEM()
RATIONAL_B_SPLINE_SURFACE(((1.,0.707106781186548,1.),(1.,0.707106781186548,
1.),(1.,0.707106781186547,1.),(1.,0.707106781186547,1.)))
REPRESENTATION_ITEM('')
SURFACE()
);
#32=(
BOUNDED_SURFACE()
B_SPLINE_SURFACE(3,2,((#3090,#3091,#3092),(#3093,#3094,#3095),(#3096,#3097,
#3098),(#3099,#3100,#3101),(#3102,#3103,#3104),(#3105,#3106,#3107)),
 .UNSPECIFIED.,.F.,.F.,.F.)
B_SPLINE_SURFACE_WITH_KNOTS((4,1,1,4),(3,3),(-6.24500451351651E-17,0.00808449884050044,
0.016168997681001,0.032337995362002),(0.,1.),.UNSPECIFIED.)
GEOMETRIC_REPRESENTATION_ITEM()
RATIONAL_B_SPLINE_SURFACE(((1.,0.707106781186548,1.),(1.,0.707106781186548,
1.),(1.,0.707106781186548,1.),(1.,0.707106781186548,1.),(1.,0.707106781186547,
1.),(1.,0.707106781186547,1.)))
REPRESENTATION_ITEM('')
SURFACE()
);
#33=(
BOUNDED_SURFACE()
B_SPLINE_SURFACE(3,2,((#3127,#3128,#3129),(#3130,#3131,#3132),(#3133,#3134,
#3135),(#3136,#3137,#3138),(#3139,#3140,#3141),(#3142,#3143,#3144),(#3145,
#3146,#3147),(#3148,#3149,#3150),(#3151,#3152,#3153),(#3154,#3155,#3156),
(#3157,#3158,#3159),(#3160,#3161,#3162),(#3163,#3164,#3165),(#3166,#3167,
#3168),(#3169,#3170,#3171),(#3172,#3173,#3174),(#3175,#3176,#3177),(#3178,
#3179,#3180),(#3181,#3182,#3183),(#3184,#3185,#3186),(#3187,#3188,#3189),
(#3190,#3191,#3192)),.UNSPECIFIED.,.F.,.F.,.F.)
B_SPLINE_SURFACE_WITH_KNOTS((4,1,1,1,1,1,1,1,1,1,1,1,1,1,1,1,1,1,1,4),(3,
3),(-6.93889390390723E-16,0.00651958392356481,0.00977937588534757,0.0130391678471303,
0.0162989598089131,0.0195587517706958,0.0228185437324786,0.0260783356942613,
0.0293381276560441,0.0325979196178268,0.0391175035413924,0.0456370874649579,
0.0521566713885234,0.0586762553120889,0.0651958392356544,0.0717154231592199,
0.0782350070827854,0.0847545910063509,0.0912741749299164,0.104313342777047),
(0.,1.),.UNSPECIFIED.)
GEOMETRIC_REPRESENTATION_ITEM()
RATIONAL_B_SPLINE_SURFACE(((1.,0.707106781186547,1.),(1.,0.707106781186547,
1.),(1.,0.707106781186548,1.),(1.,0.707106781186547,1.),(1.,0.707106781186548,
1.),(1.,0.707106781186548,1.),(1.,0.707106781186548,1.),(1.,0.707106781186547,
1.),(1.,0.707106781186548,1.),(1.,0.707106781186548,1.),(1.,0.707106781186548,
1.),(1.,0.707106781186548,1.),(1.,0.707106781186548,1.),(1.,0.707106781186547,
1.),(1.,0.707106781186548,1.),(1.,0.707106781186547,1.),(1.,0.707106781186548,
1.),(1.,0.707106781186548,1.),(1.,0.707106781186548,1.),(1.,0.707106781186547,
1.),(1.,0.707106781186548,1.),(1.,0.707106781186548,1.)))
REPRESENTATION_ITEM('')
SURFACE()
);
#34=(
BOUNDED_SURFACE()
B_SPLINE_SURFACE(3,2,((#3193,#3194,#3195),(#3196,#3197,#3198),(#3199,#3200,
#3201),(#3202,#3203,#3204)),.UNSPECIFIED.,.F.,.F.,.F.)
B_SPLINE_SURFACE_WITH_KNOTS((4,4),(3,3),(0.0164586478399543,0.0239865513681233),
(0.,1.),.PIECEWISE_BEZIER_KNOTS.)
GEOMETRIC_REPRESENTATION_ITEM()
RATIONAL_B_SPLINE_SURFACE(((1.,0.707106781186548,1.),(1.,0.707106781186548,
1.),(1.,0.707106781186548,1.),(1.,0.707106781186548,1.)))
REPRESENTATION_ITEM('')
SURFACE()
);
#35=(
BOUNDED_SURFACE()
B_SPLINE_SURFACE(3,2,((#3205,#3206,#3207),(#3208,#3209,#3210),(#3211,#3212,
#3213),(#3214,#3215,#3216)),.UNSPECIFIED.,.F.,.F.,.F.)
B_SPLINE_SURFACE_WITH_KNOTS((4,4),(3,3),(-4.33680868994202E-18,0.0058396757795588),
(0.,1.),.PIECEWISE_BEZIER_KNOTS.)
GEOMETRIC_REPRESENTATION_ITEM()
RATIONAL_B_SPLINE_SURFACE(((1.,0.707106781186547,1.),(1.,0.707106781186547,
1.),(1.,0.707106781186548,1.),(1.,0.707106781186548,1.)))
REPRESENTATION_ITEM('')
SURFACE()
);
#36=(
BOUNDED_SURFACE()
B_SPLINE_SURFACE(3,2,((#3217,#3218,#3219),(#3220,#3221,#3222),(#3223,#3224,
#3225),(#3226,#3227,#3228),(#3229,#3230,#3231),(#3232,#3233,#3234),(#3235,
#3236,#3237),(#3238,#3239,#3240),(#3241,#3242,#3243),(#3244,#3245,#3246),
(#3247,#3248,#3249),(#3250,#3251,#3252),(#3253,#3254,#3255),(#3256,#3257,
#3258),(#3259,#3260,#3261),(#3262,#3263,#3264),(#3265,#3266,#3267),(#3268,
#3269,#3270),(#3271,#3272,#3273),(#3274,#3275,#3276),(#3277,#3278,#3279),
(#3280,#3281,#3282),(#3283,#3284,#3285),(#3286,#3287,#3288),(#3289,#3290,
#3291),(#3292,#3293,#3294),(#3295,#3296,#3297),(#3298,#3299,#3300),(#3301,
#3302,#3303)),.UNSPECIFIED.,.F.,.F.,.F.)
B_SPLINE_SURFACE_WITH_KNOTS((4,1,1,1,1,1,1,1,1,1,1,1,1,1,1,1,1,1,1,1,1,
1,1,1,1,1,4),(3,3),(1.11022302462516E-16,0.00463530463310878,0.00927060926621746,
0.0139059138993261,0.0185412185324348,0.0231765231655435,0.0278118277986521,
0.0301294801152065,0.0324471324317608,0.0370824370648695,0.0417177416979782,
0.0463530463310868,0.0509883509641955,0.0556236555973042,0.0648942648635215,
0.0695295694966302,0.0741648741297389,0.0834354833959562,0.0927060926621736,
0.0973413972952822,0.101976701928391,0.1066120065615,0.111247311194608,
0.120517920460826,0.129788529727043,0.13905913899326,0.148329748259478),
(0.,1.),.UNSPECIFIED.)
GEOMETRIC_REPRESENTATION_ITEM()
RATIONAL_B_SPLINE_SURFACE(((1.,0.707106781186548,1.),(1.,0.707106781186548,
1.),(1.,0.707106781186548,1.),(1.,0.707106781186547,1.),(1.,0.707106781186548,
1.),(1.,0.707106781186547,1.),(1.,0.707106781186549,1.),(1.,0.707106781186547,
1.),(1.,0.707106781186548,1.),(1.,0.707106781186548,1.),(1.,0.707106781186548,
1.),(1.,0.707106781186547,1.),(1.,0.707106781186548,1.),(1.,0.707106781186548,
1.),(1.,0.707106781186546,1.),(1.,0.707106781186548,1.),(1.,0.707106781186547,
1.),(1.,0.707106781186547,1.),(1.,0.707106781186548,1.),(1.,0.707106781186547,
1.),(1.,0.707106781186548,1.),(1.,0.707106781186548,1.),(1.,0.707106781186547,
1.),(1.,0.707106781186547,1.),(1.,0.707106781186547,1.),(1.,0.707106781186548,
1.),(1.,0.707106781186547,1.),(1.,0.707106781186548,1.),(1.,0.707106781186548,
1.)))
REPRESENTATION_ITEM('')
SURFACE()
);
#37=(
BOUNDED_SURFACE()
B_SPLINE_SURFACE(3,2,((#3313,#3314,#3315),(#3316,#3317,#3318),(#3319,#3320,
#3321),(#3322,#3323,#3324),(#3325,#3326,#3327),(#3328,#3329,#3330),(#3331,
#3332,#3333),(#3334,#3335,#3336),(#3337,#3338,#3339),(#3340,#3341,#3342),
(#3343,#3344,#3345)),.UNSPECIFIED.,.F.,.F.,.F.)
B_SPLINE_SURFACE_WITH_KNOTS((4,1,1,1,1,1,1,1,4),(3,3),(0.0250838583489367,
0.0258712144216904,0.0266585704944442,0.0282332826399516,0.029807994785459,
0.0313827069309665,0.032957419076474,0.0345321312219814,0.0376815555129963),
(0.,1.),.UNSPECIFIED.)
GEOMETRIC_REPRESENTATION_ITEM()
RATIONAL_B_SPLINE_SURFACE(((1.,0.988610049975422,1.),(1.,0.988610048875744,
1.),(1.,0.983873393034741,1.),(1.,0.966719152926606,1.),(1.,0.940922845388385,
1.),(1.,0.907064113988686,1.),(1.,0.871242173324489,1.),(1.,0.833676717812625,
1.),(1.,0.780878944117809,1.),(1.,0.737883980901966,1.),(1.,0.707106781187279,
1.)))
REPRESENTATION_ITEM('')
SURFACE()
);
#38=(
BOUNDED_SURFACE()
B_SPLINE_SURFACE(3,2,((#3353,#3354,#3355),(#3356,#3357,#3358),(#3359,#3360,
#3361),(#3362,#3363,#3364),(#3365,#3366,#3367)),.UNSPECIFIED.,.F.,.F.,.F.)
B_SPLINE_SURFACE_WITH_KNOTS((4,1,4),(3,3),(-6.07153216591882E-17,0.00448215091748532,
0.0089643018349707),(0.,1.),.UNSPECIFIED.)
GEOMETRIC_REPRESENTATION_ITEM()
RATIONAL_B_SPLINE_SURFACE(((1.,0.823611972863851,1.),(1.,0.808607362441829,
1.),(1.,0.773629990066224,1.),(1.,0.729976526512349,1.),(1.,0.707106781187009,
1.)))
REPRESENTATION_ITEM('')
SURFACE()
);
#39=(
BOUNDED_SURFACE()
B_SPLINE_SURFACE(3,2,((#3368,#3369,#3370),(#3371,#3372,#3373),(#3374,#3375,
#3376),(#3377,#3378,#3379),(#3380,#3381,#3382),(#3383,#3384,#3385),(#3386,
#3387,#3388),(#3389,#3390,#3391),(#3392,#3393,#3394)),.UNSPECIFIED.,.F.,
 .F.,.F.)
B_SPLINE_SURFACE_WITH_KNOTS((4,1,1,1,1,1,4),(3,3),(0.0188188949526183,0.0233914941384724,
0.0256777937313994,0.0279640933243265,0.0302503929172535,0.0325366925101805,
0.0371092916960346),(0.620240399973979,1.),.UNSPECIFIED.)
GEOMETRIC_REPRESENTATION_ITEM()
RATIONAL_B_SPLINE_SURFACE(((0.980699100358559,0.984440791310716,1.),(0.985486733791786,
0.988300289525785,1.),(0.991266345681591,0.992959460300574,1.),(0.995568237649544,
0.996427383357613,1.),(0.996705918082548,0.997344511968593,1.),(0.995318329862684,
0.996225922934468,1.),(0.990865285013162,0.992636149638736,1.),(0.985065840150817,
0.987960990730522,1.),(0.980307005219109,0.984124708111792,1.)))
REPRESENTATION_ITEM('')
SURFACE()
);
#40=(
BOUNDED_SURFACE()
B_SPLINE_SURFACE(3,2,((#3395,#3396,#3397),(#3398,#3399,#3400),(#3401,#3402,
#3403),(#3404,#3405,#3406)),.UNSPECIFIED.,.F.,.F.,.F.)
B_SPLINE_SURFACE_WITH_KNOTS((4,4),(3,3),(0.253020622665104,0.255966574103126),
(0.,1.),.PIECEWISE_BEZIER_KNOTS.)
GEOMETRIC_REPRESENTATION_ITEM()
RATIONAL_B_SPLINE_SURFACE(((1.,0.975027143033353,1.),(1.,0.976915004962522,
1.),(1.,0.975270490568315,1.),(1.,0.971320177223242,1.)))
REPRESENTATION_ITEM('')
SURFACE()
);
#41=B_SPLINE_SURFACE_WITH_KNOTS('',3,1,((#1715,#1716),(#1717,#1718),(#1719,
#1720),(#1721,#1722),(#1723,#1724)),.SURF_OF_LINEAR_EXTRUSION.,.F.,.F.,
 .F.,(4,1,4),(2,2),(0.426080908504005,0.439754384490959,0.453427860477914),
(0.,1.),.UNSPECIFIED.);
#42=B_SPLINE_SURFACE_WITH_KNOTS('',3,1,((#1752,#1753),(#1754,#1755),(#1756,
#1757),(#1758,#1759)),.SURF_OF_LINEAR_EXTRUSION.,.F.,.F.,.F.,(4,4),(2,2),
(0.403664513258181,0.427643420770808),(0.,1.),.PIECEWISE_BEZIER_KNOTS.);
#43=B_SPLINE_SURFACE_WITH_KNOTS('',3,1,((#1775,#1776),(#1777,#1778),(#1779,
#1780),(#1781,#1782),(#1783,#1784),(#1785,#1786),(#1787,#1788),(#1789,#1790),
(#1791,#1792),(#1793,#1794),(#1795,#1796),(#1797,#1798),(#1799,#1800),(#1801,
#1802)),.SURF_OF_LINEAR_EXTRUSION.,.F.,.F.,.F.,(4,1,1,1,1,1,1,1,1,1,1,4),
(2,2),(0.0385733823321956,0.0733107460551598,0.108048109778124,0.142785473501088,
0.177522837224052,0.194891519085534,0.212260200947016,0.229628882808499,
0.246997564669981,0.281734928392945,0.299103610254427,0.316472292115909),
(0.,1.),.UNSPECIFIED.);
#44=B_SPLINE_SURFACE_WITH_KNOTS('',3,1,((#1837,#1838),(#1839,#1840),(#1841,
#1842),(#1843,#1844),(#1845,#1846),(#1847,#1848),(#1849,#1850),(#1851,#1852),
(#1853,#1854),(#1855,#1856),(#1857,#1858),(#1859,#1860),(#1861,#1862),(#1863,
#1864),(#1865,#1866),(#1867,#1868),(#1869,#1870),(#1871,#1872),(#1873,#1874),
(#1875,#1876),(#1877,#1878),(#1879,#1880),(#1881,#1882),(#1883,#1884)),
 .SURF_OF_LINEAR_EXTRUSION.,.F.,.F.,.F.,(4,1,1,1,1,1,1,1,1,1,1,1,1,1,1,
1,1,1,1,1,1,4),(2,2),(0.000962501874927373,0.0275324022892447,0.0541023027035621,
0.0806722031178794,0.0939571533250381,0.107242103532197,0.133812003946514,
0.160381904360831,0.186951804775149,0.213521705189466,0.240091605603784,
0.266661506018101,0.293231406432418,0.306516356639577,0.319801306846736,
0.333086257053894,0.346371207261053,0.359656157468212,0.37294110767537,
0.386226057882529,0.399511008089688,0.426080908504005),(0.,1.),
 .UNSPECIFIED.);
#45=B_SPLINE_SURFACE_WITH_KNOTS('',3,1,((#1980,#1981),(#1982,#1983),(#1984,
#1985),(#1986,#1987),(#1988,#1989),(#1990,#1991),(#1992,#1993),(#1994,#1995),
(#1996,#1997),(#1998,#1999),(#2000,#2001),(#2002,#2003),(#2004,#2005),(#2006,
#2007),(#2008,#2009),(#2010,#2011),(#2012,#2013),(#2014,#2015),(#2016,#2017),
(#2018,#2019),(#2020,#2021),(#2022,#2023)),.SURF_OF_LINEAR_EXTRUSION.,.F.,
 .F.,.F.,(4,1,1,1,1,1,1,1,1,1,1,1,1,1,1,1,1,1,1,4),(2,2),(-0.0139095187373363,
-0.00479050534605355,0.00432850804522924,0.0225665348277948,0.0316855482190776,
0.0408045616103604,0.059042588392926,0.0772806151754916,0.0863996285667744,
0.0955186419580571,0.10463765534934,0.113756668740623,0.131994695523188,
0.150232722305754,0.168470749088319,0.186708775870885,0.204946802653451,
0.223184829436016,0.241422856218582,0.277898909783713),(0.,1.),
 .UNSPECIFIED.);
#46=B_SPLINE_SURFACE_WITH_KNOTS('',3,1,((#2064,#2065),(#2066,#2067),(#2068,
#2069),(#2070,#2071),(#2072,#2073),(#2074,#2075),(#2076,#2077),(#2078,#2079),
(#2080,#2081),(#2082,#2083),(#2084,#2085),(#2086,#2087),(#2088,#2089),(#2090,
#2091),(#2092,#2093),(#2094,#2095),(#2096,#2097),(#2098,#2099),(#2100,#2101),
(#2102,#2103),(#2104,#2105),(#2106,#2107),(#2108,#2109),(#2110,#2111),(#2112,
#2113),(#2114,#2115),(#2116,#2117)),.SURF_OF_LINEAR_EXTRUSION.,.F.,.F.,
 .F.,(4,1,1,1,1,1,1,1,1,1,1,1,1,1,1,1,1,1,1,1,1,1,1,1,4),(2,2),(0.00123371737230408,
0.0277866668180354,0.0543396162637667,0.080892565709498,0.0941690404323637,
0.107445515155229,0.133998464600961,0.160551414046692,0.187104363492423,
0.213657312938155,0.22693378766102,0.240210262383886,0.253486737106752,
0.266763211829617,0.280039686552483,0.293316161275348,0.306592635998214,
0.31986911072108,0.346422060166811,0.359698534889677,0.372975009612542,
0.386251484335408,0.399527959058274,0.412804433781139,0.426080908504005),
(0.,1.),.UNSPECIFIED.);
#47=B_SPLINE_SURFACE_WITH_KNOTS('',3,1,((#2170,#2171),(#2172,#2173),(#2174,
#2175),(#2176,#2177),(#2178,#2179),(#2180,#2181)),
 .SURF_OF_LINEAR_EXTRUSION.,.F.,.F.,.F.,(4,1,1,4),(2,2),(0.426080908504005,
0.438014313700932,0.443981016299396,0.44994771889786),(0.,1.),
 .UNSPECIFIED.);
#48=B_SPLINE_SURFACE_WITH_KNOTS('',3,1,((#2438,#2439),(#2440,#2441),(#2442,
#2443),(#2444,#2445)),.SURF_OF_LINEAR_EXTRUSION.,.F.,.F.,.F.,(4,4),(2,2),
(0.38812592574067,0.403664513258206),(0.,1.),.PIECEWISE_BEZIER_KNOTS.);
#49=B_SPLINE_SURFACE_WITH_KNOTS('',3,1,((#2450,#2451),(#2452,#2453),(#2454,
#2455),(#2456,#2457)),.SURF_OF_LINEAR_EXTRUSION.,.F.,.F.,.F.,(4,4),(2,2),
(0.316472292115909,0.330123968177572),(0.,1.),.PIECEWISE_BEZIER_KNOTS.);
#50=B_SPLINE_SURFACE_WITH_KNOTS('',3,1,((#3022,#3023),(#3024,#3025),(#3026,
#3027),(#3028,#3029)),.SURF_OF_LINEAR_EXTRUSION.,.F.,.F.,.F.,(4,4),(2,2),
(0.38812592574067,0.403664513258206),(0.,1.),.PIECEWISE_BEZIER_KNOTS.);
#51=B_SPLINE_SURFACE_WITH_KNOTS('',3,1,((#3034,#3035),(#3036,#3037),(#3038,
#3039),(#3040,#3041)),.SURF_OF_LINEAR_EXTRUSION.,.F.,.F.,.F.,(4,4),(2,2),
(0.316472292115909,0.330123968177572),(0.,1.),.PIECEWISE_BEZIER_KNOTS.);
#52=VERTEX_LOOP('',#728);
#53=VERTEX_LOOP('',#739);
#54=CONICAL_SURFACE('',#1168,0.0189338396977381,0.484642123070394);
#55=CONICAL_SURFACE('',#1169,0.,0.440319171196753);
#56=CYLINDRICAL_SURFACE('',#1157,0.0125);
#57=CYLINDRICAL_SURFACE('',#1161,0.08255);
#58=CYLINDRICAL_SURFACE('',#1165,0.0762);
#59=CYLINDRICAL_SURFACE('',#1170,85.3413069948144);
#60=CYLINDRICAL_SURFACE('',#1171,0.003);
#61=CYLINDRICAL_SURFACE('',#1185,0.003);
#62=CYLINDRICAL_SURFACE('',#1190,6.09232013781168);
#63=CYLINDRICAL_SURFACE('',#1204,0.003);
#64=CYLINDRICAL_SURFACE('',#1209,6.09232013781168);
#65=CIRCLE('',#1156,0.08255);
#66=CIRCLE('',#1158,0.0125);
#67=CIRCLE('',#1159,0.0125);
#68=CIRCLE('',#1160,0.0125);
#69=CIRCLE('',#1162,0.08255);
#70=CIRCLE('',#1166,0.0762);
#71=CIRCLE('',#1167,0.0762);
#72=CIRCLE('',#1172,0.003);
#73=CIRCLE('',#1173,0.003);
#74=CIRCLE('',#1174,0.007);
#75=CIRCLE('',#1175,0.007);
#76=CIRCLE('',#1179,0.003);
#77=CIRCLE('',#1180,0.007);
#78=CIRCLE('',#1181,0.007);
#79=CIRCLE('',#1182,0.003);
#80=CIRCLE('',#1186,0.003);
#81=CIRCLE('',#1187,0.007);
#82=CIRCLE('',#1188,0.00635);
#83=CIRCLE('',#1189,0.00635);
#84=CIRCLE('',#1191,0.00635);
#85=CIRCLE('',#1192,0.00635);
#86=CIRCLE('',#1194,0.0195);
#87=CIRCLE('',#1196,0.007);
#88=CIRCLE('',#1205,0.003);
#89=CIRCLE('',#1206,0.007);
#90=CIRCLE('',#1207,0.00635);
#91=CIRCLE('',#1208,0.00635);
#92=CIRCLE('',#1210,0.00635);
#93=CIRCLE('',#1211,0.00635);
#94=CIRCLE('',#1213,0.0195);
#95=CIRCLE('',#1215,0.007);
#96=B_SPLINE_CURVE_WITH_KNOTS('',3,(#1406,#1407,#1408,#1409,#1410,#1411,
#1412),.UNSPECIFIED.,.F.,.F.,(4,3,4),(0.426080908504005,0.439412504758553,
0.44994771889786),.PIECEWISE_BEZIER_KNOTS.);
#97=B_SPLINE_CURVE_WITH_KNOTS('',3,(#1414,#1415,#1416,#1417,#1418,#1419,
#1420,#1421,#1422,#1423,#1424,#1425,#1426,#1427,#1428,#1429,#1430,#1431,
#1432,#1433,#1434,#1435,#1436,#1437,#1438,#1439,#1440,#1441,#1442,#1443,
#1444,#1445,#1446,#1447,#1448,#1449,#1450,#1451,#1452,#1453,#1454,#1455,
#1456,#1457,#1458,#1459,#1460,#1461,#1462,#1463),.UNSPECIFIED.,.F.,.F.,
(4,1,1,1,1,1,1,1,1,1,1,1,1,1,1,1,1,1,1,1,1,1,1,1,1,1,1,1,1,1,1,1,1,1,1,
1,1,1,1,1,1,1,1,1,1,1,1,4),(0.00123371737230408,0.0275324024392498,0.0408173526414083,
0.0541023028435668,0.0673872530457253,0.0806722032478838,0.0939571534500423,
0.100599628551122,0.107242103652201,0.11388457875328,0.120527053854359,
0.133812004056518,0.147096954258676,0.160381904460835,0.167024379561914,
0.173666854662994,0.180309329764072,0.186951804865152,0.20023675506731,
0.213521705269469,0.226806655471627,0.233449130572706,0.240091605673786,
0.246734080774865,0.253376555875944,0.260019030977024,0.266661506078103,
0.279946456280261,0.29323140648242,0.299873881583499,0.306516356684578,
0.309837594235118,0.313158831785658,0.316480069336197,0.319801306886737,
0.326443781987816,0.333086257088895,0.346371207291054,0.359656157493213,
0.372941107695371,0.376262345245911,0.37958358279645,0.382904820346989,
0.38622605789753,0.392868532998608,0.399511008099688,0.412795958301847,
0.426080908504005),.UNSPECIFIED.);
#98=B_SPLINE_CURVE_WITH_KNOTS('',3,(#1471,#1472,#1473,#1474,#1475,#1476,
#1477,#1478,#1479,#1480,#1481,#1482,#1483,#1484,#1485,#1486,#1487,#1488,
#1489,#1490,#1491,#1492,#1493,#1494,#1495,#1496,#1497,#1498,#1499,#1500,
#1501,#1502,#1503,#1504,#1505,#1506,#1507,#1508,#1509,#1510),
 .UNSPECIFIED.,.F.,.F.,(4,3,1,1,1,1,1,1,1,1,1,1,1,1,1,1,1,1,1,1,1,1,1,1,
1,1,1,1,1,1,1,1,1,1,1,4),(-0.0139095187373363,0.,0.00868434093074103,0.017368681861482,
0.0217108523268526,0.0260530227922231,0.0303951932575936,0.0347373637229642,
0.0434217046537052,0.0521060455844462,0.0694747274459283,0.0781590683766693,
0.0825012388420398,0.0868434093074103,0.0911855797727808,0.0955277502381514,
0.0998699207035219,0.104212091168892,0.112896432099633,0.121580773030374,
0.130265113961115,0.138949454891856,0.147633795822597,0.156318136753338,
0.165002477684079,0.16934464814945,0.17368681861482,0.182371159545561,0.191055500476302,
0.208424182337785,0.225792864199267,0.234477205130008,0.243161546060749,
0.25184588699149,0.260530227922231,0.277898909783713),.UNSPECIFIED.);
#99=B_SPLINE_CURVE_WITH_KNOTS('',3,(#1517,#1518,#1519,#1520),
 .UNSPECIFIED.,.F.,.F.,(4,4),(1.10066283898444E-14,0.00396286202564709),
 .UNSPECIFIED.);
#100=B_SPLINE_CURVE_WITH_KNOTS('',3,(#1522,#1523,#1524,#1525,#1526),
 .UNSPECIFIED.,.F.,.F.,(4,1,4),(0.,0.0028882649721179,0.0057765299442358),
 .UNSPECIFIED.);
#101=B_SPLINE_CURVE_WITH_KNOTS('',3,(#1530,#1531,#1532,#1533,#1534,#1535,
#1536),.UNSPECIFIED.,.F.,.F.,(4,1,1,1,4),(0.,0.00296932188736834,0.00593864377473667,
0.008907965662105,0.0118772875494733),.UNSPECIFIED.);
#102=B_SPLINE_CURVE_WITH_KNOTS('',3,(#1540,#1541,#1542,#1543,#1544),
 .UNSPECIFIED.,.F.,.F.,(4,1,4),(0.,0.0028882649721179,0.00577652994423579),
 .UNSPECIFIED.);
#103=B_SPLINE_CURVE_WITH_KNOTS('',3,(#1546,#1547,#1548,#1549),
 .UNSPECIFIED.,.F.,.F.,(4,4),(1.10098774721299E-14,0.00396286202564709),
 .UNSPECIFIED.);
#104=B_SPLINE_CURVE_WITH_KNOTS('',3,(#1576,#1577,#1578,#1579,#1580,#1581,
#1582,#1583,#1584,#1585),.UNSPECIFIED.,.F.,.F.,(4,1,1,1,1,1,1,4),(-0.0129949034443984,
-0.00974613635801795,-0.00649736927163746,-0.00324860218525697,1.64901123524304E-7,
0.00324893198750402,0.00649769907388451,0.0129952332466455),
 .UNSPECIFIED.);
#105=B_SPLINE_CURVE_WITH_KNOTS('',3,(#1588,#1589,#1590,#1591,#1592,#1593,
#1594,#1595,#1596,#1597,#1598),.UNSPECIFIED.,.F.,.F.,(4,1,1,1,1,1,1,1,4),
(1.55158384577955E-17,0.00525961100615154,0.0078894165092273,0.0105192220123031,
0.0118341247638409,0.0131490275153788,0.0157788330184546,0.0184086385215303,
0.0210384440246061),.UNSPECIFIED.);
#106=B_SPLINE_CURVE_WITH_KNOTS('',3,(#1600,#1601,#1602,#1603,#1604),
 .UNSPECIFIED.,.F.,.F.,(4,1,4),(1.73472347597681E-17,0.00341244202659685,
0.00682488405319369),.UNSPECIFIED.);
#107=B_SPLINE_CURVE_WITH_KNOTS('',3,(#1606,#1607,#1608,#1609,#1610,#1611),
 .UNSPECIFIED.,.F.,.F.,(4,1,1,4),(0.,0.00307899025732857,0.00615798051465715,
0.0123159610293143),.UNSPECIFIED.);
#108=B_SPLINE_CURVE_WITH_KNOTS('',3,(#1613,#1614,#1615,#1616,#1617),
 .UNSPECIFIED.,.F.,.F.,(4,1,4),(1.64798730217797E-17,0.00341243888437974,
0.00682487776875946),.UNSPECIFIED.);
#109=B_SPLINE_CURVE_WITH_KNOTS('',3,(#1619,#1620,#1621,#1622,#1623,#1624,
#1625,#1626,#1627,#1628,#1629),.UNSPECIFIED.,.F.,.F.,(4,1,1,1,1,1,1,1,4),
(1.59226449305808E-17,0.00525961100615154,0.0078894165092273,0.0105192220123031,
0.0118341247638409,0.0131490275153788,0.0157788330184546,0.0184086385215303,
0.0210384440246061),.UNSPECIFIED.);
#110=B_SPLINE_CURVE_WITH_KNOTS('',3,(#1632,#1633,#1634,#1635,#1636,#1637),
 .UNSPECIFIED.,.F.,.F.,(4,1,1,4),(0.,0.00315789608824106,0.00631579217648212,
0.0126315843529642),.UNSPECIFIED.);
#111=B_SPLINE_CURVE_WITH_KNOTS('',3,(#1640,#1641,#1642,#1643,#1644,#1645),
 .UNSPECIFIED.,.F.,.F.,(4,1,1,4),(0.,0.00315789608824106,0.00631579217648212,
0.0126315843529642),.UNSPECIFIED.);
#112=B_SPLINE_CURVE_WITH_KNOTS('',3,(#1647,#1648,#1649,#1650,#1651,#1652,
#1653,#1654,#1655),.UNSPECIFIED.,.F.,.F.,(4,1,1,1,1,1,4),(0.00494146169157405,
0.00620482629765545,0.00746819090373684,0.00873155550981824,0.00999492011589963,
0.0125216493280624,0.0150483785402252),.UNSPECIFIED.);
#113=B_SPLINE_CURVE_WITH_KNOTS('',3,(#1657,#1658,#1659,#1660),
 .UNSPECIFIED.,.F.,.F.,(4,4),(1.25284991306844E-16,0.00484702312040536),
 .UNSPECIFIED.);
#114=B_SPLINE_CURVE_WITH_KNOTS('',3,(#1662,#1663,#1664,#1665,#1666,#1667,
#1668,#1669,#1670,#1671),.UNSPECIFIED.,.F.,.F.,(4,1,1,1,1,1,1,4),(0.,0.00275759952073991,
0.00551519904147983,0.00689399880184978,0.00827279856221974,0.0096515983225897,
0.0103409982027747,0.0110303980829597),.UNSPECIFIED.);
#115=B_SPLINE_CURVE_WITH_KNOTS('',3,(#1673,#1674,#1675,#1676,#1677,#1678,
#1679),.UNSPECIFIED.,.F.,.F.,(4,1,1,1,4),(9.81307786677359E-17,0.00318664882097857,
0.00637329764195703,0.0095599464629355,0.012746595283914),.UNSPECIFIED.);
#116=B_SPLINE_CURVE_WITH_KNOTS('',3,(#1681,#1682,#1683,#1684,#1685,#1686,
#1687),.UNSPECIFIED.,.F.,.F.,(4,1,1,1,4),(9.81307786677359E-17,0.00318664882097856,
0.00637329764195703,0.0095599464629355,0.012746595283914),.UNSPECIFIED.);
#117=B_SPLINE_CURVE_WITH_KNOTS('',3,(#1689,#1690,#1691,#1692,#1693,#1694,
#1695,#1696,#1697,#1698),.UNSPECIFIED.,.F.,.F.,(4,1,1,1,1,1,1,4),(0.,0.00275759952073991,
0.00551519904147983,0.00689399880184978,0.00827279856221974,0.0096515983225897,
0.0103409982027747,0.0110303980829597),.UNSPECIFIED.);
#118=B_SPLINE_CURVE_WITH_KNOTS('',3,(#1700,#1701,#1702,#1703),
 .UNSPECIFIED.,.F.,.F.,(4,4),(1.25370953008289E-16,0.00484702312040536),
 .UNSPECIFIED.);
#119=B_SPLINE_CURVE_WITH_KNOTS('',3,(#1705,#1706,#1707,#1708,#1709,#1710,
#1711,#1712,#1713),.UNSPECIFIED.,.F.,.F.,(4,1,1,1,1,1,4),(0.00494146169157404,
0.00620482629765543,0.00746819090373682,0.00873155550981821,0.00999492011589959,
0.0125216493280624,0.0150483785402251),.UNSPECIFIED.);
#120=B_SPLINE_CURVE_WITH_KNOTS('',3,(#1728,#1729,#1730,#1731),
 .UNSPECIFIED.,.F.,.F.,(4,4),(0.,0.00977379696209124),.UNSPECIFIED.);
#121=B_SPLINE_CURVE_WITH_KNOTS('',3,(#1732,#1733,#1734,#1735),
 .UNSPECIFIED.,.F.,.F.,(4,4),(0.,0.00977379696209124),.UNSPECIFIED.);
#122=B_SPLINE_CURVE_WITH_KNOTS('',3,(#1739,#1740,#1741,#1742),
 .UNSPECIFIED.,.F.,.F.,(4,4),(0.,0.00580415451684717),.UNSPECIFIED.);
#123=B_SPLINE_CURVE_WITH_KNOTS('',3,(#1746,#1747,#1748,#1749),
 .UNSPECIFIED.,.F.,.F.,(4,4),(0.,0.00580415451684717),.UNSPECIFIED.);
#124=B_SPLINE_CURVE_WITH_KNOTS('',3,(#1763,#1764,#1765,#1766),
 .UNSPECIFIED.,.F.,.F.,(4,4),(0.0168987284864623,0.0240203959320963),
 .UNSPECIFIED.);
#125=B_SPLINE_CURVE_WITH_KNOTS('',3,(#1771,#1772,#1773,#1774),
 .UNSPECIFIED.,.F.,.F.,(4,4),(0.0168987284864623,0.0240203959320963),
 .UNSPECIFIED.);
#126=B_SPLINE_CURVE_WITH_KNOTS('',3,(#1807,#1808,#1809,#1810,#1811,#1812,
#1813,#1814,#1815,#1816,#1817,#1818,#1819,#1820,#1821),.UNSPECIFIED.,.F.,
 .F.,(4,1,1,1,1,1,1,1,1,1,1,1,4),(7.03297204578016E-16,0.0052546696370992,
0.0105093392741977,0.0157640089112962,0.0210186785483947,0.0262733481854932,
0.0315280178225917,0.0367826874596902,0.0420373570967886,0.0525466963709856,
0.0630560356451826,0.0735653749193796,0.0840747141935766),.UNSPECIFIED.);
#127=B_SPLINE_CURVE_WITH_KNOTS('',3,(#1822,#1823,#1824,#1825,#1826,#1827,
#1828,#1829,#1830,#1831,#1832,#1833,#1834,#1835,#1836),.UNSPECIFIED.,.F.,
 .F.,(4,1,1,1,1,1,1,1,1,1,1,1,4),(7.03297204578016E-16,0.0052546696370992,
0.0105093392741977,0.0157640089112962,0.0210186785483947,0.0262733481854932,
0.0315280178225917,0.0367826874596902,0.0420373570967886,0.0525466963709856,
0.0630560356451826,0.0735653749193796,0.0840747141935766),.UNSPECIFIED.);
#128=B_SPLINE_CURVE_WITH_KNOTS('',3,(#1888,#1889,#1890,#1891,#1892,#1893,
#1894,#1895,#1896,#1897,#1898,#1899,#1900,#1901,#1902,#1903,#1904,#1905,
#1906,#1907,#1908,#1909,#1910),.UNSPECIFIED.,.F.,.F.,(4,1,1,1,1,1,1,1,1,
1,1,1,1,1,1,1,1,1,1,1,4),(0.000455796270753946,0.018774161944751,0.0279333447817495,
0.0370925276187481,0.0416721190372473,0.0462517104557466,0.0554108932927451,
0.0645700761297437,0.0737292589667422,0.0828884418037407,0.0920476246407393,
0.101206807477738,0.105786398896237,0.110365990314736,0.114945581733236,
0.119525173151735,0.128684355988733,0.133263947407233,0.137843538825732,
0.142423130244231,0.14700272166273),.UNSPECIFIED.);
#129=B_SPLINE_CURVE_WITH_KNOTS('',3,(#1911,#1912,#1913,#1914,#1915,#1916,
#1917,#1918,#1919,#1920,#1921,#1922,#1923,#1924,#1925,#1926,#1927,#1928,
#1929,#1930,#1931,#1932,#1933),.UNSPECIFIED.,.F.,.F.,(4,1,1,1,1,1,1,1,1,
1,1,1,1,1,1,1,1,1,1,1,4),(0.000455796270753946,0.018774161944751,0.0279333447817495,
0.0370925276187481,0.0416721190372473,0.0462517104557466,0.0554108932927451,
0.0645700761297437,0.0737292589667422,0.0828884418037407,0.0920476246407393,
0.101206807477738,0.105786398896237,0.110365990314736,0.114945581733236,
0.119525173151735,0.128684355988733,0.133263947407233,0.137843538825732,
0.142423130244231,0.14700272166273),.UNSPECIFIED.);
#130=B_SPLINE_CURVE_WITH_KNOTS('',3,(#1935,#1936,#1937,#1938,#1939),
 .UNSPECIFIED.,.F.,.F.,(4,1,4),(4.86960085019993E-17,0.00898350571308619,
0.0179670114261723),.UNSPECIFIED.);
#131=B_SPLINE_CURVE_WITH_KNOTS('',3,(#2024,#2025,#2026,#2027,#2028,#2029,
#2030,#2031,#2032,#2033,#2034,#2035,#2036,#2037,#2038,#2039,#2040,#2041,
#2042,#2043,#2044,#2045,#2046,#2047,#2048,#2049,#2050,#2051,#2052,#2053,
#2054,#2055,#2056,#2057,#2058,#2059,#2060,#2061,#2062,#2063),
 .UNSPECIFIED.,.F.,.F.,(4,3,1,1,1,1,1,1,1,1,1,1,1,1,1,1,1,1,1,1,1,1,1,1,
1,1,1,1,1,1,1,1,1,1,1,4),(-0.0139095187373363,0.,0.00868434093074103,0.017368681861482,
0.0217108523268526,0.0260530227922231,0.0303951932575936,0.0347373637229642,
0.0434217046537052,0.0521060455844462,0.0694747274459283,0.0781590683766693,
0.0825012388420398,0.0868434093074103,0.0911855797727808,0.0955277502381514,
0.0998699207035219,0.104212091168892,0.112896432099633,0.121580773030374,
0.130265113961115,0.138949454891856,0.147633795822597,0.156318136753338,
0.165002477684079,0.16934464814945,0.17368681861482,0.182371159545561,0.191055500476302,
0.208424182337785,0.225792864199267,0.234477205130008,0.243161546060749,
0.25184588699149,0.260530227922231,0.277898909783713),.UNSPECIFIED.);
#132=B_SPLINE_CURVE_WITH_KNOTS('',3,(#2120,#2121,#2122,#2123,#2124,#2125,
#2126,#2127,#2128,#2129,#2130,#2131,#2132,#2133,#2134,#2135,#2136,#2137,
#2138,#2139,#2140,#2141,#2142,#2143,#2144,#2145,#2146,#2147,#2148,#2149,
#2150,#2151,#2152,#2153,#2154,#2155,#2156,#2157,#2158,#2159,#2160,#2161,
#2162,#2163,#2164,#2165,#2166,#2167,#2168,#2169),.UNSPECIFIED.,.F.,.F.,
(4,1,1,1,1,1,1,1,1,1,1,1,1,1,1,1,1,1,1,1,1,1,1,1,1,1,1,1,1,1,1,1,1,1,1,
1,1,1,1,1,1,1,1,1,1,1,1,4),(0.00123371737230408,0.0275324024392498,0.0408173526414083,
0.0541023028435668,0.0673872530457253,0.0806722032478838,0.0939571534500423,
0.100599628551122,0.107242103652201,0.11388457875328,0.120527053854359,
0.133812004056518,0.147096954258676,0.160381904460835,0.167024379561914,
0.173666854662994,0.180309329764072,0.186951804865152,0.20023675506731,
0.213521705269469,0.226806655471627,0.233449130572706,0.240091605673786,
0.246734080774865,0.253376555875944,0.260019030977024,0.266661506078103,
0.279946456280261,0.29323140648242,0.299873881583499,0.306516356684578,
0.309837594235118,0.313158831785658,0.316480069336197,0.319801306886737,
0.326443781987816,0.333086257088895,0.346371207291054,0.359656157493213,
0.372941107695371,0.376262345245911,0.37958358279645,0.382904820346989,
0.38622605789753,0.392868532998608,0.399511008099688,0.412795958301847,
0.426080908504005),.UNSPECIFIED.);
#133=B_SPLINE_CURVE_WITH_KNOTS('',3,(#2184,#2185,#2186,#2187,#2188,#2189,
#2190),.UNSPECIFIED.,.F.,.F.,(4,3,4),(0.426080908504005,0.439412504758553,
0.44994771889786),.PIECEWISE_BEZIER_KNOTS.);
#134=B_SPLINE_CURVE_WITH_KNOTS('',3,(#2197,#2198,#2199,#2200,#2201),
 .UNSPECIFIED.,.F.,.F.,(4,1,4),(0.,0.00519945443897685,0.0103989088779537),
 .UNSPECIFIED.);
#135=B_SPLINE_CURVE_WITH_KNOTS('',3,(#2214,#2215,#2216,#2217,#2218),
 .UNSPECIFIED.,.F.,.F.,(4,1,4),(0.,0.00519945443897685,0.0103989088779537),
 .UNSPECIFIED.);
#136=B_SPLINE_CURVE_WITH_KNOTS('',3,(#2220,#2221,#2222,#2223,#2224,#2225),
 .UNSPECIFIED.,.F.,.F.,(4,1,1,4),(0.,0.00248106086308745,0.0049621217261749,
0.0099242434523498),.UNSPECIFIED.);
#137=B_SPLINE_CURVE_WITH_KNOTS('',3,(#2229,#2230,#2231,#2232,#2233,#2234),
 .UNSPECIFIED.,.F.,.F.,(4,1,1,4),(0.,0.00248026107411283,0.00496052214822566,
0.00992104429645131),.UNSPECIFIED.);
#138=B_SPLINE_CURVE_WITH_KNOTS('',3,(#2235,#2236,#2237,#2238,#2239,#2240),
 .UNSPECIFIED.,.F.,.F.,(4,1,1,4),(0.,0.00248026107411283,0.00496052214822566,
0.00992104429645133),.UNSPECIFIED.);
#139=B_SPLINE_CURVE_WITH_KNOTS('',3,(#2244,#2245,#2246,#2247,#2248,#2249),
 .UNSPECIFIED.,.F.,.F.,(4,1,1,4),(1.95506181687638E-19,0.00248106086308745,
0.00496212172617491,0.00992424345234982),.UNSPECIFIED.);
#140=B_SPLINE_CURVE_WITH_KNOTS('',3,(#2259,#2260,#2261,#2262),
 .UNSPECIFIED.,.F.,.F.,(4,4),(0.0207102914228573,0.026243594860043),
 .UNSPECIFIED.);
#141=B_SPLINE_CURVE_WITH_KNOTS('',3,(#2264,#2265,#2266,#2267),
 .UNSPECIFIED.,.F.,.F.,(4,4),(0.,0.0074831381696967),.UNSPECIFIED.);
#142=B_SPLINE_CURVE_WITH_KNOTS('',3,(#2269,#2270,#2271,#2272,#2273),
 .UNSPECIFIED.,.F.,.F.,(4,1,4),(0.0176511544447705,0.0250685540132638,0.0324859535817571),
 .UNSPECIFIED.);
#143=B_SPLINE_CURVE_WITH_KNOTS('',3,(#2275,#2276,#2277,#2278),
 .UNSPECIFIED.,.F.,.F.,(4,4),(5.05159101305033E-17,0.00152685726168256),
 .UNSPECIFIED.);
#144=B_SPLINE_CURVE_WITH_KNOTS('',3,(#2280,#2281,#2282,#2283),
 .UNSPECIFIED.,.F.,.F.,(4,4),(0.,0.0161267865676244),.UNSPECIFIED.);
#145=B_SPLINE_CURVE_WITH_KNOTS('',3,(#2285,#2286,#2287,#2288,#2289,#2290,
#2291,#2292,#2293,#2294,#2295,#2296,#2297,#2298,#2299,#2300,#2301),
 .UNSPECIFIED.,.F.,.F.,(4,1,1,1,1,1,1,1,1,1,1,1,1,1,4),(0.,0.0130015316473534,
0.0260030632947068,0.0325038291183836,0.0390045949420603,0.045505360765737,
0.0520061265894137,0.0585068924130904,0.0650076582367671,0.0715084240604438,
0.0780091898841205,0.0845099557077973,0.091010721531474,0.0975114873551507,
0.104012253178827),.UNSPECIFIED.);
#146=B_SPLINE_CURVE_WITH_KNOTS('',3,(#2304,#2305,#2306,#2307,#2308,#2309,
#2310,#2311,#2312,#2313,#2314,#2315,#2316,#2317,#2318,#2319,#2320,#2321,
#2322,#2323,#2324,#2325,#2326,#2327,#2328),.UNSPECIFIED.,.F.,.F.,(4,1,1,
1,1,1,1,1,1,1,1,1,1,1,1,1,1,1,1,1,1,1,4),(0.,0.00460632857938693,0.00921265715877386,
0.0138189857381608,0.0184253143175477,0.0230316428969346,0.0276379714763216,
0.0322443000557085,0.0368506286350954,0.0414569572144824,0.0460632857938693,
0.0506696143732562,0.0552759429526431,0.064488600111417,0.0737012572701909,
0.0829139144289647,0.0921265715877386,0.0967329001671255,0.101339228746512,
0.110551885905286,0.11976454306406,0.128977200222834,0.147402514540382),
 .UNSPECIFIED.);
#147=B_SPLINE_CURVE_WITH_KNOTS('',3,(#2330,#2331,#2332,#2333),
 .UNSPECIFIED.,.F.,.F.,(4,4),(0.0219733406065483,0.0323407383318504),
 .UNSPECIFIED.);
#148=B_SPLINE_CURVE_WITH_KNOTS('',3,(#2335,#2336,#2337,#2338,#2339,#2340,
#2341),.UNSPECIFIED.,.F.,.F.,(4,1,1,1,4),(-0.00742847553123341,-0.0032323443064761,
0.000963786918281201,0.00515991814303851,0.00935604936779581),
 .UNSPECIFIED.);
#149=B_SPLINE_CURVE_WITH_KNOTS('',3,(#2343,#2344,#2345,#2346),
 .UNSPECIFIED.,.F.,.F.,(4,4),(0.,0.00528317238837865),.UNSPECIFIED.);
#150=B_SPLINE_CURVE_WITH_KNOTS('',3,(#2348,#2349,#2350,#2351),
 .UNSPECIFIED.,.F.,.F.,(4,4),(0.00607335468599647,0.0121468566869785),
 .UNSPECIFIED.);
#151=B_SPLINE_CURVE_WITH_KNOTS('',3,(#2427,#2428,#2429,#2430,#2431,#2432,
#2433,#2434,#2435,#2436,#2437),.UNSPECIFIED.,.F.,.F.,(4,1,1,1,1,1,1,1,4),
(0.,0.00104100965253701,0.00208201930507401,0.00416403861014803,0.00624605791522204,
0.00832807722029605,0.0104100965253701,0.0124921158304441,0.0166561544405921),
 .UNSPECIFIED.);
#152=B_SPLINE_CURVE_WITH_KNOTS('',3,(#2446,#2447,#2448,#2449),
 .UNSPECIFIED.,.F.,.F.,(4,4),(0.,0.0047895530019355),.UNSPECIFIED.);
#153=B_SPLINE_CURVE_WITH_KNOTS('',3,(#2458,#2459,#2460,#2461),
 .UNSPECIFIED.,.F.,.F.,(4,4),(0.0254765992725419,0.0304473339410008),
 .UNSPECIFIED.);
#154=B_SPLINE_CURVE_WITH_KNOTS('',3,(#2478,#2479,#2480,#2481,#2482),
 .UNSPECIFIED.,.F.,.F.,(4,1,4),(1.61105292483382E-17,0.00187430205686178,
0.00374860411372353),.UNSPECIFIED.);
#155=B_SPLINE_CURVE_WITH_KNOTS('',3,(#2496,#2497,#2498,#2499,#2500),
 .UNSPECIFIED.,.F.,.F.,(4,1,4),(1.65457208777074E-17,0.00174438690268531,
0.00348877380537059),.UNSPECIFIED.);
#156=B_SPLINE_CURVE_WITH_KNOTS('',3,(#2502,#2503,#2504,#2505),
 .UNSPECIFIED.,.F.,.F.,(4,4),(0.0285248594779204,0.0326639450995503),
 .UNSPECIFIED.);
#157=B_SPLINE_CURVE_WITH_KNOTS('',3,(#2526,#2527,#2528,#2529,#2530,#2531,
#2532),.UNSPECIFIED.,.F.,.F.,(4,1,1,1,4),(2.01653638930856E-21,0.00424923615118184,
0.00849847230236368,0.0127477084535455,0.0169969446047274),
 .UNSPECIFIED.);
#158=B_SPLINE_CURVE_WITH_KNOTS('',3,(#2534,#2535,#2536,#2537,#2538,#2539,
#2540),.UNSPECIFIED.,.F.,.F.,(4,1,1,1,4),(0.013790789434863,0.0149399471769539,
0.0160891049190449,0.0172382626611358,0.0183874204032267),.UNSPECIFIED.);
#159=B_SPLINE_CURVE_WITH_KNOTS('',3,(#2720,#2721,#2722,#2723,#2724,#2725,
#2726,#2727,#2728),.UNSPECIFIED.,.F.,.F.,(4,1,1,1,1,1,4),(1.93947980722443E-17,
0.0019218945590369,0.00384378911807378,0.00576568367711066,0.00768757823614754,
0.0115313673542213,0.0153751564722951),.UNSPECIFIED.);
#160=B_SPLINE_CURVE_WITH_KNOTS('',3,(#2762,#2763,#2764,#2765,#2766),
 .UNSPECIFIED.,.F.,.F.,(4,1,4),(5.03439917583408E-15,0.00396540501419733,
0.00793081002838963),.UNSPECIFIED.);
#161=B_SPLINE_CURVE_WITH_KNOTS('',3,(#2843,#2844,#2845,#2846),
 .UNSPECIFIED.,.F.,.F.,(4,4),(0.0207102914228573,0.026243594860043),
 .UNSPECIFIED.);
#162=B_SPLINE_CURVE_WITH_KNOTS('',3,(#2848,#2849,#2850,#2851),
 .UNSPECIFIED.,.F.,.F.,(4,4),(0.,0.00528317238837865),.UNSPECIFIED.);
#163=B_SPLINE_CURVE_WITH_KNOTS('',3,(#2853,#2854,#2855,#2856,#2857,#2858,
#2859),.UNSPECIFIED.,.F.,.F.,(4,1,1,1,4),(-0.00742847553123341,-0.00323234430647611,
0.000963786918281197,0.0051599181430385,0.0093560493677958),
 .UNSPECIFIED.);
#164=B_SPLINE_CURVE_WITH_KNOTS('',3,(#2861,#2862,#2863,#2864),
 .UNSPECIFIED.,.F.,.F.,(4,4),(0.0219733406065483,0.0323407383318504),
 .UNSPECIFIED.);
#165=B_SPLINE_CURVE_WITH_KNOTS('',3,(#2866,#2867,#2868,#2869,#2870,#2871,
#2872,#2873,#2874,#2875,#2876,#2877,#2878,#2879,#2880,#2881,#2882,#2883,
#2884,#2885,#2886,#2887,#2888,#2889,#2890),.UNSPECIFIED.,.F.,.F.,(4,1,1,
1,1,1,1,1,1,1,1,1,1,1,1,1,1,1,1,1,1,1,4),(0.,0.00460632857938693,0.00921265715877386,
0.0138189857381608,0.0184253143175477,0.0230316428969346,0.0276379714763216,
0.0322443000557085,0.0368506286350954,0.0414569572144824,0.0460632857938693,
0.0506696143732562,0.0552759429526431,0.064488600111417,0.0737012572701909,
0.0829139144289647,0.0921265715877386,0.0967329001671255,0.101339228746512,
0.110551885905286,0.11976454306406,0.128977200222834,0.147402514540382),
 .UNSPECIFIED.);
#166=B_SPLINE_CURVE_WITH_KNOTS('',3,(#2893,#2894,#2895,#2896,#2897,#2898,
#2899,#2900,#2901,#2902,#2903,#2904,#2905,#2906,#2907,#2908,#2909),
 .UNSPECIFIED.,.F.,.F.,(4,1,1,1,1,1,1,1,1,1,1,1,1,1,4),(0.,0.0130015316473534,
0.0260030632947068,0.0325038291183836,0.0390045949420603,0.045505360765737,
0.0520061265894137,0.0585068924130904,0.0650076582367671,0.0715084240604438,
0.0780091898841205,0.0845099557077973,0.091010721531474,0.0975114873551507,
0.104012253178827),.UNSPECIFIED.);
#167=B_SPLINE_CURVE_WITH_KNOTS('',3,(#2911,#2912,#2913,#2914),
 .UNSPECIFIED.,.F.,.F.,(4,4),(0.,0.0161267865676244),.UNSPECIFIED.);
#168=B_SPLINE_CURVE_WITH_KNOTS('',3,(#2916,#2917,#2918,#2919),
 .UNSPECIFIED.,.F.,.F.,(4,4),(5.05159101305033E-17,0.00152685726168256),
 .UNSPECIFIED.);
#169=B_SPLINE_CURVE_WITH_KNOTS('',3,(#2921,#2922,#2923,#2924,#2925),
 .UNSPECIFIED.,.F.,.F.,(4,1,4),(0.0176511544447705,0.0250685540132638,0.0324859535817571),
 .UNSPECIFIED.);
#170=B_SPLINE_CURVE_WITH_KNOTS('',3,(#2927,#2928,#2929,#2930),
 .UNSPECIFIED.,.F.,.F.,(4,4),(0.,0.0074831381696967),.UNSPECIFIED.);
#171=B_SPLINE_CURVE_WITH_KNOTS('',3,(#2932,#2933,#2934,#2935),
 .UNSPECIFIED.,.F.,.F.,(4,4),(0.00607335468599647,0.0121468566869785),
 .UNSPECIFIED.);
#172=B_SPLINE_CURVE_WITH_KNOTS('',3,(#3011,#3012,#3013,#3014,#3015,#3016,
#3017,#3018,#3019,#3020,#3021),.UNSPECIFIED.,.F.,.F.,(4,1,1,1,1,1,1,1,4),
(0.,0.00104100965253701,0.00208201930507401,0.00416403861014803,0.00624605791522204,
0.00832807722029605,0.0104100965253701,0.0124921158304441,0.0166561544405921),
 .UNSPECIFIED.);
#173=B_SPLINE_CURVE_WITH_KNOTS('',3,(#3030,#3031,#3032,#3033),
 .UNSPECIFIED.,.F.,.F.,(4,4),(0.,0.0047895530019355),.UNSPECIFIED.);
#174=B_SPLINE_CURVE_WITH_KNOTS('',3,(#3042,#3043,#3044,#3045),
 .UNSPECIFIED.,.F.,.F.,(4,4),(0.0254765992725419,0.0304473339410008),
 .UNSPECIFIED.);
#175=B_SPLINE_CURVE_WITH_KNOTS('',3,(#3061,#3062,#3063,#3064,#3065),
 .UNSPECIFIED.,.F.,.F.,(4,1,4),(1.69967494438815E-17,0.00187430205686177,
0.00374860411372353),.UNSPECIFIED.);
#176=B_SPLINE_CURVE_WITH_KNOTS('',3,(#3079,#3080,#3081,#3082,#3083),
 .UNSPECIFIED.,.F.,.F.,(4,1,4),(2.94392336003208E-17,0.00174438690268531,
0.00348877380537059),.UNSPECIFIED.);
#177=B_SPLINE_CURVE_WITH_KNOTS('',3,(#3086,#3087,#3088,#3089),
 .UNSPECIFIED.,.F.,.F.,(4,4),(0.0285248594779204,0.0326639450995503),
 .UNSPECIFIED.);
#178=B_SPLINE_CURVE_WITH_KNOTS('',3,(#3108,#3109,#3110,#3111,#3112,#3113,
#3114),.UNSPECIFIED.,.F.,.F.,(4,1,1,1,4),(0.,0.00424923615118184,0.00849847230236368,
0.0127477084535455,0.0169969446047274),.UNSPECIFIED.);
#179=B_SPLINE_CURVE_WITH_KNOTS('',3,(#3120,#3121,#3122,#3123,#3124,#3125,
#3126),.UNSPECIFIED.,.F.,.F.,(4,1,1,1,4),(0.013790789434863,0.014939947176954,
0.0160891049190449,0.0172382626611358,0.0183874204032267),.UNSPECIFIED.);
#180=B_SPLINE_CURVE_WITH_KNOTS('',3,(#3304,#3305,#3306,#3307,#3308,#3309,
#3310,#3311,#3312),.UNSPECIFIED.,.F.,.F.,(4,1,1,1,1,1,4),(1.76907777093865E-17,
0.0019218945590369,0.00384378911807377,0.00576568367711065,0.00768757823614753,
0.0115313673542213,0.015375156472295),.UNSPECIFIED.);
#181=B_SPLINE_CURVE_WITH_KNOTS('',3,(#3346,#3347,#3348,#3349,#3350),
 .UNSPECIFIED.,.F.,.F.,(4,1,4),(5.03906684293755E-15,0.00396540501419734,
0.00793081002838963),.UNSPECIFIED.);
#182=ORIENTED_EDGE('',*,*,#524,.F.);
#183=ORIENTED_EDGE('',*,*,#525,.T.);
#184=ORIENTED_EDGE('',*,*,#526,.T.);
#185=ORIENTED_EDGE('',*,*,#527,.F.);
#186=ORIENTED_EDGE('',*,*,#528,.F.);
#187=ORIENTED_EDGE('',*,*,#529,.F.);
#188=ORIENTED_EDGE('',*,*,#530,.F.);
#189=ORIENTED_EDGE('',*,*,#531,.F.);
#190=ORIENTED_EDGE('',*,*,#532,.F.);
#191=ORIENTED_EDGE('',*,*,#533,.F.);
#192=ORIENTED_EDGE('',*,*,#534,.F.);
#193=ORIENTED_EDGE('',*,*,#535,.F.);
#194=ORIENTED_EDGE('',*,*,#536,.T.);
#195=ORIENTED_EDGE('',*,*,#537,.T.);
#196=ORIENTED_EDGE('',*,*,#538,.F.);
#197=ORIENTED_EDGE('',*,*,#539,.F.);
#198=ORIENTED_EDGE('',*,*,#540,.F.);
#199=ORIENTED_EDGE('',*,*,#541,.T.);
#200=ORIENTED_EDGE('',*,*,#542,.T.);
#201=ORIENTED_EDGE('',*,*,#543,.F.);
#202=ORIENTED_EDGE('',*,*,#544,.F.);
#203=ORIENTED_EDGE('',*,*,#545,.T.);
#204=ORIENTED_EDGE('',*,*,#531,.T.);
#205=ORIENTED_EDGE('',*,*,#546,.F.);
#206=ORIENTED_EDGE('',*,*,#547,.F.);
#207=ORIENTED_EDGE('',*,*,#548,.F.);
#208=ORIENTED_EDGE('',*,*,#529,.T.);
#209=ORIENTED_EDGE('',*,*,#549,.F.);
#210=ORIENTED_EDGE('',*,*,#533,.T.);
#211=ORIENTED_EDGE('',*,*,#550,.T.);
#212=ORIENTED_EDGE('',*,*,#551,.T.);
#213=ORIENTED_EDGE('',*,*,#552,.T.);
#214=ORIENTED_EDGE('',*,*,#553,.F.);
#215=ORIENTED_EDGE('',*,*,#554,.F.);
#216=ORIENTED_EDGE('',*,*,#555,.F.);
#217=ORIENTED_EDGE('',*,*,#556,.T.);
#218=ORIENTED_EDGE('',*,*,#557,.F.);
#219=ORIENTED_EDGE('',*,*,#558,.F.);
#220=ORIENTED_EDGE('',*,*,#559,.T.);
#221=ORIENTED_EDGE('',*,*,#560,.T.);
#222=ORIENTED_EDGE('',*,*,#561,.F.);
#223=ORIENTED_EDGE('',*,*,#562,.F.);
#224=ORIENTED_EDGE('',*,*,#563,.T.);
#225=ORIENTED_EDGE('',*,*,#564,.F.);
#226=ORIENTED_EDGE('',*,*,#565,.F.);
#227=ORIENTED_EDGE('',*,*,#566,.T.);
#228=ORIENTED_EDGE('',*,*,#567,.T.);
#229=ORIENTED_EDGE('',*,*,#568,.F.);
#230=ORIENTED_EDGE('',*,*,#569,.T.);
#231=ORIENTED_EDGE('',*,*,#570,.F.);
#232=ORIENTED_EDGE('',*,*,#571,.T.);
#233=ORIENTED_EDGE('',*,*,#554,.T.);
#234=ORIENTED_EDGE('',*,*,#572,.F.);
#235=ORIENTED_EDGE('',*,*,#557,.T.);
#236=ORIENTED_EDGE('',*,*,#573,.T.);
#237=ORIENTED_EDGE('',*,*,#574,.T.);
#238=ORIENTED_EDGE('',*,*,#575,.T.);
#239=ORIENTED_EDGE('',*,*,#576,.F.);
#240=ORIENTED_EDGE('',*,*,#577,.F.);
#241=ORIENTED_EDGE('',*,*,#578,.F.);
#242=ORIENTED_EDGE('',*,*,#579,.T.);
#243=ORIENTED_EDGE('',*,*,#580,.F.);
#244=ORIENTED_EDGE('',*,*,#581,.T.);
#245=ORIENTED_EDGE('',*,*,#582,.F.);
#246=ORIENTED_EDGE('',*,*,#583,.F.);
#247=ORIENTED_EDGE('',*,*,#584,.T.);
#248=ORIENTED_EDGE('',*,*,#585,.T.);
#249=ORIENTED_EDGE('',*,*,#550,.F.);
#250=ORIENTED_EDGE('',*,*,#586,.F.);
#251=ORIENTED_EDGE('',*,*,#587,.F.);
#252=ORIENTED_EDGE('',*,*,#588,.T.);
#253=ORIENTED_EDGE('',*,*,#570,.T.);
#254=ORIENTED_EDGE('',*,*,#589,.F.);
#255=ORIENTED_EDGE('',*,*,#590,.F.);
#256=ORIENTED_EDGE('',*,*,#591,.F.);
#257=ORIENTED_EDGE('',*,*,#592,.F.);
#258=ORIENTED_EDGE('',*,*,#587,.T.);
#259=ORIENTED_EDGE('',*,*,#593,.T.);
#260=ORIENTED_EDGE('',*,*,#594,.T.);
#261=ORIENTED_EDGE('',*,*,#538,.T.);
#262=ORIENTED_EDGE('',*,*,#595,.F.);
#263=ORIENTED_EDGE('',*,*,#590,.T.);
#264=ORIENTED_EDGE('',*,*,#596,.T.);
#265=ORIENTED_EDGE('',*,*,#597,.F.);
#266=ORIENTED_EDGE('',*,*,#598,.F.);
#267=ORIENTED_EDGE('',*,*,#599,.T.);
#268=ORIENTED_EDGE('',*,*,#524,.T.);
#269=ORIENTED_EDGE('',*,*,#545,.F.);
#270=ORIENTED_EDGE('',*,*,#600,.F.);
#271=ORIENTED_EDGE('',*,*,#597,.T.);
#272=ORIENTED_EDGE('',*,*,#532,.T.);
#273=ORIENTED_EDGE('',*,*,#601,.F.);
#274=ORIENTED_EDGE('',*,*,#602,.F.);
#275=ORIENTED_EDGE('',*,*,#546,.T.);
#276=ORIENTED_EDGE('',*,*,#528,.T.);
#277=ORIENTED_EDGE('',*,*,#603,.F.);
#278=ORIENTED_EDGE('',*,*,#604,.F.);
#279=ORIENTED_EDGE('',*,*,#601,.T.);
#280=ORIENTED_EDGE('',*,*,#527,.T.);
#281=ORIENTED_EDGE('',*,*,#605,.F.);
#282=ORIENTED_EDGE('',*,*,#606,.T.);
#283=ORIENTED_EDGE('',*,*,#603,.T.);
#284=ORIENTED_EDGE('',*,*,#526,.F.);
#285=ORIENTED_EDGE('',*,*,#607,.F.);
#286=ORIENTED_EDGE('',*,*,#543,.T.);
#287=ORIENTED_EDGE('',*,*,#530,.T.);
#288=ORIENTED_EDGE('',*,*,#548,.T.);
#289=ORIENTED_EDGE('',*,*,#552,.F.);
#290=ORIENTED_EDGE('',*,*,#608,.T.);
#291=ORIENTED_EDGE('',*,*,#609,.T.);
#292=ORIENTED_EDGE('',*,*,#610,.F.);
#293=ORIENTED_EDGE('',*,*,#611,.T.);
#294=ORIENTED_EDGE('',*,*,#534,.T.);
#295=ORIENTED_EDGE('',*,*,#549,.T.);
#296=ORIENTED_EDGE('',*,*,#542,.F.);
#297=ORIENTED_EDGE('',*,*,#612,.F.);
#298=ORIENTED_EDGE('',*,*,#613,.T.);
#299=ORIENTED_EDGE('',*,*,#614,.F.);
#300=ORIENTED_EDGE('',*,*,#615,.F.);
#301=ORIENTED_EDGE('',*,*,#575,.F.);
#302=ORIENTED_EDGE('',*,*,#616,.F.);
#303=ORIENTED_EDGE('',*,*,#617,.T.);
#304=ORIENTED_EDGE('',*,*,#618,.F.);
#305=ORIENTED_EDGE('',*,*,#578,.T.);
#306=ORIENTED_EDGE('',*,*,#619,.T.);
#307=ORIENTED_EDGE('',*,*,#620,.F.);
#308=ORIENTED_EDGE('',*,*,#621,.T.);
#309=ORIENTED_EDGE('',*,*,#622,.F.);
#310=ORIENTED_EDGE('',*,*,#623,.T.);
#311=ORIENTED_EDGE('',*,*,#624,.T.);
#312=ORIENTED_EDGE('',*,*,#625,.F.);
#313=ORIENTED_EDGE('',*,*,#626,.F.);
#314=ORIENTED_EDGE('',*,*,#620,.T.);
#315=ORIENTED_EDGE('',*,*,#627,.F.);
#316=ORIENTED_EDGE('',*,*,#628,.F.);
#317=ORIENTED_EDGE('',*,*,#629,.F.);
#318=ORIENTED_EDGE('',*,*,#630,.F.);
#319=ORIENTED_EDGE('',*,*,#631,.F.);
#320=ORIENTED_EDGE('',*,*,#614,.T.);
#321=ORIENTED_EDGE('',*,*,#632,.T.);
#322=ORIENTED_EDGE('',*,*,#633,.F.);
#323=ORIENTED_EDGE('',*,*,#634,.F.);
#324=ORIENTED_EDGE('',*,*,#635,.F.);
#325=ORIENTED_EDGE('',*,*,#636,.F.);
#326=ORIENTED_EDGE('',*,*,#637,.T.);
#327=ORIENTED_EDGE('',*,*,#638,.F.);
#328=ORIENTED_EDGE('',*,*,#632,.F.);
#329=ORIENTED_EDGE('',*,*,#613,.F.);
#330=ORIENTED_EDGE('',*,*,#612,.T.);
#331=ORIENTED_EDGE('',*,*,#541,.F.);
#332=ORIENTED_EDGE('',*,*,#639,.F.);
#333=ORIENTED_EDGE('',*,*,#637,.F.);
#334=ORIENTED_EDGE('',*,*,#615,.T.);
#335=ORIENTED_EDGE('',*,*,#640,.T.);
#336=ORIENTED_EDGE('',*,*,#553,.T.);
#337=ORIENTED_EDGE('',*,*,#641,.F.);
#338=ORIENTED_EDGE('',*,*,#581,.F.);
#339=ORIENTED_EDGE('',*,*,#560,.F.);
#340=ORIENTED_EDGE('',*,*,#583,.T.);
#341=ORIENTED_EDGE('',*,*,#642,.F.);
#342=ORIENTED_EDGE('',*,*,#566,.F.);
#343=ORIENTED_EDGE('',*,*,#628,.T.);
#344=ORIENTED_EDGE('',*,*,#643,.T.);
#345=ORIENTED_EDGE('',*,*,#641,.T.);
#346=ORIENTED_EDGE('',*,*,#569,.F.);
#347=ORIENTED_EDGE('',*,*,#644,.F.);
#348=ORIENTED_EDGE('',*,*,#642,.T.);
#349=ORIENTED_EDGE('',*,*,#645,.F.);
#350=ORIENTED_EDGE('',*,*,#630,.T.);
#351=ORIENTED_EDGE('',*,*,#646,.F.);
#352=ORIENTED_EDGE('',*,*,#567,.F.);
#353=ORIENTED_EDGE('',*,*,#558,.T.);
#354=ORIENTED_EDGE('',*,*,#577,.T.);
#355=ORIENTED_EDGE('',*,*,#647,.F.);
#356=ORIENTED_EDGE('',*,*,#634,.T.);
#357=ORIENTED_EDGE('',*,*,#648,.T.);
#358=ORIENTED_EDGE('',*,*,#572,.T.);
#359=ORIENTED_EDGE('',*,*,#559,.F.);
#360=ORIENTED_EDGE('',*,*,#647,.T.);
#361=ORIENTED_EDGE('',*,*,#649,.F.);
#362=ORIENTED_EDGE('',*,*,#636,.T.);
#363=ORIENTED_EDGE('',*,*,#650,.F.);
#364=ORIENTED_EDGE('',*,*,#594,.F.);
#365=ORIENTED_EDGE('',*,*,#651,.F.);
#366=ORIENTED_EDGE('',*,*,#652,.F.);
#367=ORIENTED_EDGE('',*,*,#631,.T.);
#368=ORIENTED_EDGE('',*,*,#645,.T.);
#369=ORIENTED_EDGE('',*,*,#586,.T.);
#370=ORIENTED_EDGE('',*,*,#640,.F.);
#371=ORIENTED_EDGE('',*,*,#619,.F.);
#372=ORIENTED_EDGE('',*,*,#582,.T.);
#373=ORIENTED_EDGE('',*,*,#643,.F.);
#374=ORIENTED_EDGE('',*,*,#627,.T.);
#375=ORIENTED_EDGE('',*,*,#621,.F.);
#376=ORIENTED_EDGE('',*,*,#626,.T.);
#377=ORIENTED_EDGE('',*,*,#649,.T.);
#378=ORIENTED_EDGE('',*,*,#576,.T.);
#379=ORIENTED_EDGE('',*,*,#589,.T.);
#380=ORIENTED_EDGE('',*,*,#648,.F.);
#381=ORIENTED_EDGE('',*,*,#633,.T.);
#382=ORIENTED_EDGE('',*,*,#653,.F.);
#383=ORIENTED_EDGE('',*,*,#651,.T.);
#384=ORIENTED_EDGE('',*,*,#593,.F.);
#385=ORIENTED_EDGE('',*,*,#653,.T.);
#386=ORIENTED_EDGE('',*,*,#638,.T.);
#387=ORIENTED_EDGE('',*,*,#654,.F.);
#388=ORIENTED_EDGE('',*,*,#596,.F.);
#389=ORIENTED_EDGE('',*,*,#652,.T.);
#390=ORIENTED_EDGE('',*,*,#655,.T.);
#391=ORIENTED_EDGE('',*,*,#539,.T.);
#392=ORIENTED_EDGE('',*,*,#655,.F.);
#393=ORIENTED_EDGE('',*,*,#654,.T.);
#394=ORIENTED_EDGE('',*,*,#639,.T.);
#395=ORIENTED_EDGE('',*,*,#540,.T.);
#396=ORIENTED_EDGE('',*,*,#650,.T.);
#397=ORIENTED_EDGE('',*,*,#635,.T.);
#398=ORIENTED_EDGE('',*,*,#646,.T.);
#399=ORIENTED_EDGE('',*,*,#629,.T.);
#400=ORIENTED_EDGE('',*,*,#644,.T.);
#401=ORIENTED_EDGE('',*,*,#568,.T.);
#402=ORIENTED_EDGE('',*,*,#599,.F.);
#403=ORIENTED_EDGE('',*,*,#656,.T.);
#404=ORIENTED_EDGE('',*,*,#605,.T.);
#405=ORIENTED_EDGE('',*,*,#525,.F.);
#406=ORIENTED_EDGE('',*,*,#657,.F.);
#407=ORIENTED_EDGE('',*,*,#658,.F.);
#408=ORIENTED_EDGE('',*,*,#659,.T.);
#409=ORIENTED_EDGE('',*,*,#625,.T.);
#410=ORIENTED_EDGE('',*,*,#658,.T.);
#411=ORIENTED_EDGE('',*,*,#660,.T.);
#412=ORIENTED_EDGE('',*,*,#661,.F.);
#413=ORIENTED_EDGE('',*,*,#662,.F.);
#414=ORIENTED_EDGE('',*,*,#663,.F.);
#415=ORIENTED_EDGE('',*,*,#623,.F.);
#416=ORIENTED_EDGE('',*,*,#664,.T.);
#417=ORIENTED_EDGE('',*,*,#661,.T.);
#418=ORIENTED_EDGE('',*,*,#624,.F.);
#419=ORIENTED_EDGE('',*,*,#663,.T.);
#420=ORIENTED_EDGE('',*,*,#660,.F.);
#421=ORIENTED_EDGE('',*,*,#657,.T.);
#422=ORIENTED_EDGE('',*,*,#598,.T.);
#423=ORIENTED_EDGE('',*,*,#600,.T.);
#424=ORIENTED_EDGE('',*,*,#544,.T.);
#425=ORIENTED_EDGE('',*,*,#607,.T.);
#426=ORIENTED_EDGE('',*,*,#547,.T.);
#427=ORIENTED_EDGE('',*,*,#602,.T.);
#428=ORIENTED_EDGE('',*,*,#604,.T.);
#429=ORIENTED_EDGE('',*,*,#606,.F.);
#430=ORIENTED_EDGE('',*,*,#656,.F.);
#431=ORIENTED_EDGE('',*,*,#665,.T.);
#432=ORIENTED_EDGE('',*,*,#666,.T.);
#433=ORIENTED_EDGE('',*,*,#667,.T.);
#434=ORIENTED_EDGE('',*,*,#668,.T.);
#435=ORIENTED_EDGE('',*,*,#669,.T.);
#436=ORIENTED_EDGE('',*,*,#670,.F.);
#437=ORIENTED_EDGE('',*,*,#609,.F.);
#438=ORIENTED_EDGE('',*,*,#671,.T.);
#439=ORIENTED_EDGE('',*,*,#672,.T.);
#440=ORIENTED_EDGE('',*,*,#673,.T.);
#441=ORIENTED_EDGE('',*,*,#674,.T.);
#442=ORIENTED_EDGE('',*,*,#675,.T.);
#443=ORIENTED_EDGE('',*,*,#617,.F.);
#444=ORIENTED_EDGE('',*,*,#676,.F.);
#445=ORIENTED_EDGE('',*,*,#610,.T.);
#446=ORIENTED_EDGE('',*,*,#670,.T.);
#447=ORIENTED_EDGE('',*,*,#677,.T.);
#448=ORIENTED_EDGE('',*,*,#611,.F.);
#449=ORIENTED_EDGE('',*,*,#676,.T.);
#450=ORIENTED_EDGE('',*,*,#678,.T.);
#451=ORIENTED_EDGE('',*,*,#535,.T.);
#452=ORIENTED_EDGE('',*,*,#608,.F.);
#453=ORIENTED_EDGE('',*,*,#551,.F.);
#454=ORIENTED_EDGE('',*,*,#679,.F.);
#455=ORIENTED_EDGE('',*,*,#680,.T.);
#456=ORIENTED_EDGE('',*,*,#561,.T.);
#457=ORIENTED_EDGE('',*,*,#580,.T.);
#458=ORIENTED_EDGE('',*,*,#584,.F.);
#459=ORIENTED_EDGE('',*,*,#565,.T.);
#460=ORIENTED_EDGE('',*,*,#681,.T.);
#461=ORIENTED_EDGE('',*,*,#674,.F.);
#462=ORIENTED_EDGE('',*,*,#682,.T.);
#463=ORIENTED_EDGE('',*,*,#562,.T.);
#464=ORIENTED_EDGE('',*,*,#680,.F.);
#465=ORIENTED_EDGE('',*,*,#683,.F.);
#466=ORIENTED_EDGE('',*,*,#681,.F.);
#467=ORIENTED_EDGE('',*,*,#564,.T.);
#468=ORIENTED_EDGE('',*,*,#684,.T.);
#469=ORIENTED_EDGE('',*,*,#672,.F.);
#470=ORIENTED_EDGE('',*,*,#685,.T.);
#471=ORIENTED_EDGE('',*,*,#556,.F.);
#472=ORIENTED_EDGE('',*,*,#686,.T.);
#473=ORIENTED_EDGE('',*,*,#573,.F.);
#474=ORIENTED_EDGE('',*,*,#668,.F.);
#475=ORIENTED_EDGE('',*,*,#687,.T.);
#476=ORIENTED_EDGE('',*,*,#666,.F.);
#477=ORIENTED_EDGE('',*,*,#688,.T.);
#478=ORIENTED_EDGE('',*,*,#686,.F.);
#479=ORIENTED_EDGE('',*,*,#555,.T.);
#480=ORIENTED_EDGE('',*,*,#571,.F.);
#481=ORIENTED_EDGE('',*,*,#689,.F.);
#482=ORIENTED_EDGE('',*,*,#591,.T.);
#483=ORIENTED_EDGE('',*,*,#690,.T.);
#484=ORIENTED_EDGE('',*,*,#691,.T.);
#485=ORIENTED_EDGE('',*,*,#671,.F.);
#486=ORIENTED_EDGE('',*,*,#679,.T.);
#487=ORIENTED_EDGE('',*,*,#585,.F.);
#488=ORIENTED_EDGE('',*,*,#685,.F.);
#489=ORIENTED_EDGE('',*,*,#618,.T.);
#490=ORIENTED_EDGE('',*,*,#675,.F.);
#491=ORIENTED_EDGE('',*,*,#683,.T.);
#492=ORIENTED_EDGE('',*,*,#579,.F.);
#493=ORIENTED_EDGE('',*,*,#616,.T.);
#494=ORIENTED_EDGE('',*,*,#574,.F.);
#495=ORIENTED_EDGE('',*,*,#688,.F.);
#496=ORIENTED_EDGE('',*,*,#665,.F.);
#497=ORIENTED_EDGE('',*,*,#588,.F.);
#498=ORIENTED_EDGE('',*,*,#692,.T.);
#499=ORIENTED_EDGE('',*,*,#669,.F.);
#500=ORIENTED_EDGE('',*,*,#689,.T.);
#501=ORIENTED_EDGE('',*,*,#691,.F.);
#502=ORIENTED_EDGE('',*,*,#693,.T.);
#503=ORIENTED_EDGE('',*,*,#677,.F.);
#504=ORIENTED_EDGE('',*,*,#692,.F.);
#505=ORIENTED_EDGE('',*,*,#592,.T.);
#506=ORIENTED_EDGE('',*,*,#595,.T.);
#507=ORIENTED_EDGE('',*,*,#537,.F.);
#508=ORIENTED_EDGE('',*,*,#694,.F.);
#509=ORIENTED_EDGE('',*,*,#690,.F.);
#510=ORIENTED_EDGE('',*,*,#694,.T.);
#511=ORIENTED_EDGE('',*,*,#536,.F.);
#512=ORIENTED_EDGE('',*,*,#678,.F.);
#513=ORIENTED_EDGE('',*,*,#693,.F.);
#514=ORIENTED_EDGE('',*,*,#687,.F.);
#515=ORIENTED_EDGE('',*,*,#667,.F.);
#516=ORIENTED_EDGE('',*,*,#684,.F.);
#517=ORIENTED_EDGE('',*,*,#563,.F.);
#518=ORIENTED_EDGE('',*,*,#682,.F.);
#519=ORIENTED_EDGE('',*,*,#673,.F.);
#520=ORIENTED_EDGE('',*,*,#622,.T.);
#521=ORIENTED_EDGE('',*,*,#659,.F.);
#522=ORIENTED_EDGE('',*,*,#662,.T.);
#523=ORIENTED_EDGE('',*,*,#664,.F.);
#524=EDGE_CURVE('',#695,#696,#803,.T.);
#525=EDGE_CURVE('',#695,#697,#804,.T.);
#526=EDGE_CURVE('',#697,#698,#805,.T.);
#527=EDGE_CURVE('',#699,#698,#96,.T.);
#528=EDGE_CURVE('',#700,#699,#97,.T.);
#529=EDGE_CURVE('',#701,#700,#806,.T.);
#530=EDGE_CURVE('',#702,#701,#807,.T.);
#531=EDGE_CURVE('',#703,#702,#65,.T.);
#532=EDGE_CURVE('',#696,#703,#98,.T.);
#533=EDGE_CURVE('',#704,#705,#66,.T.);
#534=EDGE_CURVE('',#706,#704,#808,.F.);
#535=EDGE_CURVE('',#707,#706,#99,.T.);
#536=EDGE_CURVE('',#707,#708,#100,.T.);
#537=EDGE_CURVE('',#708,#709,#67,.T.);
#538=EDGE_CURVE('',#710,#709,#101,.T.);
#539=EDGE_CURVE('',#711,#710,#68,.T.);
#540=EDGE_CURVE('',#712,#711,#102,.T.);
#541=EDGE_CURVE('',#712,#713,#103,.T.);
#542=EDGE_CURVE('',#713,#705,#809,.F.);
#543=EDGE_CURVE('',#714,#702,#810,.T.);
#544=EDGE_CURVE('',#715,#714,#69,.T.);
#545=EDGE_CURVE('',#715,#703,#811,.T.);
#546=EDGE_CURVE('',#716,#700,#812,.T.);
#547=EDGE_CURVE('',#717,#716,#813,.T.);
#548=EDGE_CURVE('',#701,#717,#814,.T.);
#549=EDGE_CURVE('',#704,#705,#815,.T.);
#550=EDGE_CURVE('',#718,#719,#816,.F.);
#551=EDGE_CURVE('',#719,#720,#70,.T.);
#552=EDGE_CURVE('',#720,#721,#817,.T.);
#553=EDGE_CURVE('',#718,#721,#71,.T.);
#554=EDGE_CURVE('',#722,#723,#104,.T.);
#555=EDGE_CURVE('',#724,#722,#105,.T.);
#556=EDGE_CURVE('',#724,#725,#106,.T.);
#557=EDGE_CURVE('',#726,#725,#107,.T.);
#558=EDGE_CURVE('',#727,#726,#108,.T.);
#559=EDGE_CURVE('',#727,#723,#109,.T.);
#560=EDGE_CURVE('',#729,#730,#110,.T.);
#561=EDGE_CURVE('',#731,#730,#111,.T.);
#562=EDGE_CURVE('',#732,#731,#112,.T.);
#563=EDGE_CURVE('',#732,#733,#113,.T.);
#564=EDGE_CURVE('',#734,#733,#114,.T.);
#565=EDGE_CURVE('',#735,#734,#115,.T.);
#566=EDGE_CURVE('',#735,#736,#116,.T.);
#567=EDGE_CURVE('',#736,#737,#117,.T.);
#568=EDGE_CURVE('',#738,#737,#118,.T.);
#569=EDGE_CURVE('',#738,#729,#119,.T.);
#570=EDGE_CURVE('',#740,#741,#818,.T.);
#571=EDGE_CURVE('',#740,#722,#120,.T.);
#572=EDGE_CURVE('',#741,#723,#121,.T.);
#573=EDGE_CURVE('',#725,#742,#819,.T.);
#574=EDGE_CURVE('',#742,#743,#122,.T.);
#575=EDGE_CURVE('',#743,#744,#820,.T.);
#576=EDGE_CURVE('',#745,#744,#123,.T.);
#577=EDGE_CURVE('',#726,#745,#821,.T.);
#578=EDGE_CURVE('',#746,#747,#822,.T.);
#579=EDGE_CURVE('',#746,#748,#124,.T.);
#580=EDGE_CURVE('',#730,#748,#823,.T.);
#581=EDGE_CURVE('',#730,#749,#824,.T.);
#582=EDGE_CURVE('',#747,#749,#125,.T.);
#583=EDGE_CURVE('',#735,#750,#825,.T.);
#584=EDGE_CURVE('',#735,#751,#826,.T.);
#585=EDGE_CURVE('',#751,#719,#126,.T.);
#586=EDGE_CURVE('',#750,#718,#127,.T.);
#587=EDGE_CURVE('',#752,#753,#827,.T.);
#588=EDGE_CURVE('',#752,#740,#128,.T.);
#589=EDGE_CURVE('',#753,#741,#129,.T.);
#590=EDGE_CURVE('',#754,#755,#130,.T.);
#591=EDGE_CURVE('',#756,#754,#828,.T.);
#592=EDGE_CURVE('',#752,#756,#72,.T.);
#593=EDGE_CURVE('',#753,#757,#73,.T.);
#594=EDGE_CURVE('',#757,#755,#829,.T.);
#595=EDGE_CURVE('',#754,#709,#74,.T.);
#596=EDGE_CURVE('',#755,#710,#75,.T.);
#597=EDGE_CURVE('',#758,#696,#830,.T.);
#598=EDGE_CURVE('',#759,#758,#831,.T.);
#599=EDGE_CURVE('',#759,#695,#832,.T.);
#600=EDGE_CURVE('',#758,#715,#131,.T.);
#601=EDGE_CURVE('',#760,#699,#833,.T.);
#602=EDGE_CURVE('',#716,#760,#132,.T.);
#603=EDGE_CURVE('',#761,#698,#834,.T.);
#604=EDGE_CURVE('',#760,#761,#133,.T.);
#605=EDGE_CURVE('',#762,#697,#835,.T.);
#606=EDGE_CURVE('',#762,#761,#836,.T.);
#607=EDGE_CURVE('',#714,#717,#837,.T.);
#608=EDGE_CURVE('',#720,#763,#134,.T.);
#609=EDGE_CURVE('',#763,#764,#838,.T.);
#610=EDGE_CURVE('',#765,#764,#76,.F.);
#611=EDGE_CURVE('',#765,#706,#77,.F.);
#612=EDGE_CURVE('',#766,#713,#78,.F.);
#613=EDGE_CURVE('',#766,#767,#79,.F.);
#614=EDGE_CURVE('',#768,#767,#839,.T.);
#615=EDGE_CURVE('',#721,#768,#135,.T.);
#616=EDGE_CURVE('',#769,#743,#136,.T.);
#617=EDGE_CURVE('',#769,#770,#840,.T.);
#618=EDGE_CURVE('',#746,#770,#137,.T.);
#619=EDGE_CURVE('',#747,#771,#138,.T.);
#620=EDGE_CURVE('',#772,#771,#841,.T.);
#621=EDGE_CURVE('',#772,#744,#139,.T.);
#622=EDGE_CURVE('',#773,#774,#842,.T.);
#623=EDGE_CURVE('',#773,#775,#843,.T.);
#624=EDGE_CURVE('',#775,#776,#844,.T.);
#625=EDGE_CURVE('',#774,#776,#845,.T.);
#626=EDGE_CURVE('',#772,#777,#140,.T.);
#627=EDGE_CURVE('',#778,#771,#141,.T.);
#628=EDGE_CURVE('',#779,#778,#142,.T.);
#629=EDGE_CURVE('',#780,#779,#143,.T.);
#630=EDGE_CURVE('',#781,#780,#144,.T.);
#631=EDGE_CURVE('',#768,#781,#145,.T.);
#632=EDGE_CURVE('',#767,#782,#846,.F.);
#633=EDGE_CURVE('',#783,#782,#146,.T.);
#634=EDGE_CURVE('',#784,#783,#147,.T.);
#635=EDGE_CURVE('',#785,#784,#148,.T.);
#636=EDGE_CURVE('',#777,#785,#149,.T.);
#637=EDGE_CURVE('',#766,#786,#150,.T.);
#638=EDGE_CURVE('',#782,#786,#80,.T.);
#639=EDGE_CURVE('',#786,#712,#81,.T.);
#640=EDGE_CURVE('',#768,#718,#151,.F.);
#641=EDGE_CURVE('',#749,#729,#152,.T.);
#642=EDGE_CURVE('',#736,#750,#153,.T.);
#643=EDGE_CURVE('',#778,#749,#82,.T.);
#644=EDGE_CURVE('',#779,#738,#154,.F.);
#645=EDGE_CURVE('',#781,#750,#83,.T.);
#646=EDGE_CURVE('',#737,#780,#155,.T.);
#647=EDGE_CURVE('',#727,#745,#156,.T.);
#648=EDGE_CURVE('',#783,#741,#84,.T.);
#649=EDGE_CURVE('',#777,#745,#85,.T.);
#650=EDGE_CURVE('',#784,#785,#157,.T.);
#651=EDGE_CURVE('',#787,#757,#158,.T.);
#652=EDGE_CURVE('',#755,#787,#86,.F.);
#653=EDGE_CURVE('',#753,#782,#159,.T.);
#654=EDGE_CURVE('',#787,#786,#160,.T.);
#655=EDGE_CURVE('',#787,#711,#87,.T.);
#656=EDGE_CURVE('',#759,#762,#847,.T.);
#657=EDGE_CURVE('',#788,#776,#848,.T.);
#658=EDGE_CURVE('',#789,#788,#849,.T.);
#659=EDGE_CURVE('',#789,#774,#850,.T.);
#660=EDGE_CURVE('',#788,#790,#851,.T.);
#661=EDGE_CURVE('',#791,#790,#852,.T.);
#662=EDGE_CURVE('',#789,#791,#853,.T.);
#663=EDGE_CURVE('',#775,#790,#854,.T.);
#664=EDGE_CURVE('',#773,#791,#855,.T.);
#665=EDGE_CURVE('',#769,#792,#161,.T.);
#666=EDGE_CURVE('',#792,#793,#162,.T.);
#667=EDGE_CURVE('',#793,#794,#163,.T.);
#668=EDGE_CURVE('',#794,#795,#164,.T.);
#669=EDGE_CURVE('',#795,#796,#165,.T.);
#670=EDGE_CURVE('',#764,#796,#856,.F.);
#671=EDGE_CURVE('',#763,#797,#166,.T.);
#672=EDGE_CURVE('',#797,#798,#167,.T.);
#673=EDGE_CURVE('',#798,#799,#168,.T.);
#674=EDGE_CURVE('',#799,#800,#169,.T.);
#675=EDGE_CURVE('',#800,#770,#170,.T.);
#676=EDGE_CURVE('',#765,#801,#171,.T.);
#677=EDGE_CURVE('',#796,#801,#88,.T.);
#678=EDGE_CURVE('',#801,#707,#89,.T.);
#679=EDGE_CURVE('',#763,#719,#172,.F.);
#680=EDGE_CURVE('',#748,#731,#173,.T.);
#681=EDGE_CURVE('',#734,#751,#174,.T.);
#682=EDGE_CURVE('',#799,#732,#175,.F.);
#683=EDGE_CURVE('',#800,#748,#90,.T.);
#684=EDGE_CURVE('',#733,#798,#176,.T.);
#685=EDGE_CURVE('',#797,#751,#91,.T.);
#686=EDGE_CURVE('',#724,#742,#177,.T.);
#687=EDGE_CURVE('',#794,#793,#178,.T.);
#688=EDGE_CURVE('',#792,#742,#92,.T.);
#689=EDGE_CURVE('',#795,#740,#93,.T.);
#690=EDGE_CURVE('',#754,#802,#94,.F.);
#691=EDGE_CURVE('',#802,#756,#179,.T.);
#692=EDGE_CURVE('',#752,#796,#180,.T.);
#693=EDGE_CURVE('',#802,#801,#181,.T.);
#694=EDGE_CURVE('',#802,#708,#95,.T.);
#695=VERTEX_POINT('',#1400);
#696=VERTEX_POINT('',#1401);
#697=VERTEX_POINT('',#1403);
#698=VERTEX_POINT('',#1405);
#699=VERTEX_POINT('',#1413);
#700=VERTEX_POINT('',#1464);
#701=VERTEX_POINT('',#1466);
#702=VERTEX_POINT('',#1468);
#703=VERTEX_POINT('',#1470);
#704=VERTEX_POINT('',#1513);
#705=VERTEX_POINT('',#1514);
#706=VERTEX_POINT('',#1516);
#707=VERTEX_POINT('',#1521);
#708=VERTEX_POINT('',#1527);
#709=VERTEX_POINT('',#1529);
#710=VERTEX_POINT('',#1537);
#711=VERTEX_POINT('',#1539);
#712=VERTEX_POINT('',#1545);
#713=VERTEX_POINT('',#1550);
#714=VERTEX_POINT('',#1554);
#715=VERTEX_POINT('',#1556);
#716=VERTEX_POINT('',#1560);
#717=VERTEX_POINT('',#1562);
#718=VERTEX_POINT('',#1568);
#719=VERTEX_POINT('',#1569);
#720=VERTEX_POINT('',#1571);
#721=VERTEX_POINT('',#1573);
#722=VERTEX_POINT('',#1586);
#723=VERTEX_POINT('',#1587);
#724=VERTEX_POINT('',#1599);
#725=VERTEX_POINT('',#1605);
#726=VERTEX_POINT('',#1612);
#727=VERTEX_POINT('',#1618);
#728=VERTEX_POINT('',#1630);
#729=VERTEX_POINT('',#1638);
#730=VERTEX_POINT('',#1639);
#731=VERTEX_POINT('',#1646);
#732=VERTEX_POINT('',#1656);
#733=VERTEX_POINT('',#1661);
#734=VERTEX_POINT('',#1672);
#735=VERTEX_POINT('',#1680);
#736=VERTEX_POINT('',#1688);
#737=VERTEX_POINT('',#1699);
#738=VERTEX_POINT('',#1704);
#739=VERTEX_POINT('',#1714);
#740=VERTEX_POINT('',#1726);
#741=VERTEX_POINT('',#1727);
#742=VERTEX_POINT('',#1738);
#743=VERTEX_POINT('',#1743);
#744=VERTEX_POINT('',#1745);
#745=VERTEX_POINT('',#1750);
#746=VERTEX_POINT('',#1761);
#747=VERTEX_POINT('',#1762);
#748=VERTEX_POINT('',#1767);
#749=VERTEX_POINT('',#1770);
#750=VERTEX_POINT('',#1804);
#751=VERTEX_POINT('',#1806);
#752=VERTEX_POINT('',#1886);
#753=VERTEX_POINT('',#1887);
#754=VERTEX_POINT('',#1940);
#755=VERTEX_POINT('',#1941);
#756=VERTEX_POINT('',#1943);
#757=VERTEX_POINT('',#1946);
#758=VERTEX_POINT('',#1976);
#759=VERTEX_POINT('',#1978);
#760=VERTEX_POINT('',#2119);
#761=VERTEX_POINT('',#2183);
#762=VERTEX_POINT('',#2193);
#763=VERTEX_POINT('',#2202);
#764=VERTEX_POINT('',#2204);
#765=VERTEX_POINT('',#2206);
#766=VERTEX_POINT('',#2209);
#767=VERTEX_POINT('',#2211);
#768=VERTEX_POINT('',#2213);
#769=VERTEX_POINT('',#2226);
#770=VERTEX_POINT('',#2228);
#771=VERTEX_POINT('',#2241);
#772=VERTEX_POINT('',#2243);
#773=VERTEX_POINT('',#2251);
#774=VERTEX_POINT('',#2252);
#775=VERTEX_POINT('',#2254);
#776=VERTEX_POINT('',#2256);
#777=VERTEX_POINT('',#2263);
#778=VERTEX_POINT('',#2268);
#779=VERTEX_POINT('',#2274);
#780=VERTEX_POINT('',#2279);
#781=VERTEX_POINT('',#2284);
#782=VERTEX_POINT('',#2303);
#783=VERTEX_POINT('',#2329);
#784=VERTEX_POINT('',#2334);
#785=VERTEX_POINT('',#2342);
#786=VERTEX_POINT('',#2352);
#787=VERTEX_POINT('',#2541);
#788=VERTEX_POINT('',#2827);
#789=VERTEX_POINT('',#2829);
#790=VERTEX_POINT('',#2833);
#791=VERTEX_POINT('',#2835);
#792=VERTEX_POINT('',#2847);
#793=VERTEX_POINT('',#2852);
#794=VERTEX_POINT('',#2860);
#795=VERTEX_POINT('',#2865);
#796=VERTEX_POINT('',#2891);
#797=VERTEX_POINT('',#2910);
#798=VERTEX_POINT('',#2915);
#799=VERTEX_POINT('',#2920);
#800=VERTEX_POINT('',#2926);
#801=VERTEX_POINT('',#2936);
#802=VERTEX_POINT('',#3119);
#803=LINE('',#1399,#857);
#804=LINE('',#1402,#858);
#805=LINE('',#1404,#859);
#806=LINE('',#1465,#860);
#807=LINE('',#1467,#861);
#808=LINE('',#1515,#862);
#809=LINE('',#1551,#863);
#810=LINE('',#1553,#864);
#811=LINE('',#1557,#865);
#812=LINE('',#1559,#866);
#813=LINE('',#1561,#867);
#814=LINE('',#1563,#868);
#815=LINE('',#1565,#869);
#816=LINE('',#1567,#870);
#817=LINE('',#1572,#871);
#818=LINE('',#1725,#872);
#819=LINE('',#1737,#873);
#820=LINE('',#1744,#874);
#821=LINE('',#1751,#875);
#822=LINE('',#1760,#876);
#823=LINE('',#1768,#877);
#824=LINE('',#1769,#878);
#825=LINE('',#1803,#879);
#826=LINE('',#1805,#880);
#827=LINE('',#1885,#881);
#828=LINE('',#1942,#882);
#829=LINE('',#1947,#883);
#830=LINE('',#1975,#884);
#831=LINE('',#1977,#885);
#832=LINE('',#1979,#886);
#833=LINE('',#2118,#887);
#834=LINE('',#2182,#888);
#835=LINE('',#2192,#889);
#836=LINE('',#2194,#890);
#837=LINE('',#2196,#891);
#838=LINE('',#2203,#892);
#839=LINE('',#2212,#893);
#840=LINE('',#2227,#894);
#841=LINE('',#2242,#895);
#842=LINE('',#2250,#896);
#843=LINE('',#2253,#897);
#844=LINE('',#2255,#898);
#845=LINE('',#2257,#899);
#846=LINE('',#2302,#900);
#847=LINE('',#2824,#901);
#848=LINE('',#2826,#902);
#849=LINE('',#2828,#903);
#850=LINE('',#2830,#904);
#851=LINE('',#2832,#905);
#852=LINE('',#2834,#906);
#853=LINE('',#2836,#907);
#854=LINE('',#2838,#908);
#855=LINE('',#2839,#909);
#856=LINE('',#2892,#910);
#857=VECTOR('',#1221,1.);
#858=VECTOR('',#1222,1.);
#859=VECTOR('',#1223,1.);
#860=VECTOR('',#1224,1.);
#861=VECTOR('',#1225,1.);
#862=VECTOR('',#1232,1.);
#863=VECTOR('',#1237,1.);
#864=VECTOR('',#1240,1.);
#865=VECTOR('',#1243,1.);
#866=VECTOR('',#1246,1.);
#867=VECTOR('',#1247,1.);
#868=VECTOR('',#1248,1.);
#869=VECTOR('',#1251,1.);
#870=VECTOR('',#1254,1.);
#871=VECTOR('',#1257,1.);
#872=VECTOR('',#1264,1.);
#873=VECTOR('',#1267,1.);
#874=VECTOR('',#1268,1.);
#875=VECTOR('',#1269,1.);
#876=VECTOR('',#1270,1.);
#877=VECTOR('',#1271,1.);
#878=VECTOR('',#1272,1.);
#879=VECTOR('',#1273,1.);
#880=VECTOR('',#1274,1.);
#881=VECTOR('',#1275,1.);
#882=VECTOR('',#1278,1.);
#883=VECTOR('',#1283,1.);
#884=VECTOR('',#1290,1.);
#885=VECTOR('',#1291,1.);
#886=VECTOR('',#1292,1.);
#887=VECTOR('',#1293,1.);
#888=VECTOR('',#1294,1.);
#889=VECTOR('',#1297,1.);
#890=VECTOR('',#1298,1.);
#891=VECTOR('',#1301,1.);
#892=VECTOR('',#1302,1.);
#893=VECTOR('',#1311,1.);
#894=VECTOR('',#1314,1.);
#895=VECTOR('',#1315,1.);
#896=VECTOR('',#1316,1.);
#897=VECTOR('',#1317,1.);
#898=VECTOR('',#1318,1.);
#899=VECTOR('',#1319,1.);
#900=VECTOR('',#1322,1.);
#901=VECTOR('',#1349,1.);
#902=VECTOR('',#1352,1.);
#903=VECTOR('',#1353,1.);
#904=VECTOR('',#1354,1.);
#905=VECTOR('',#1357,1.);
#906=VECTOR('',#1358,1.);
#907=VECTOR('',#1359,1.);
#908=VECTOR('',#1362,1.);
#909=VECTOR('',#1363,1.);
#910=VECTOR('',#1370,1.);
#911=EDGE_LOOP('',(#182,#183,#184,#185,#186,#187,#188,#189,#190));
#912=EDGE_LOOP('',(#191,#192,#193,#194,#195,#196,#197,#198,#199,#200));
#913=EDGE_LOOP('',(#201,#202,#203,#204));
#914=EDGE_LOOP('',(#205,#206,#207,#208));
#915=EDGE_LOOP('',(#209,#210));
#916=EDGE_LOOP('',(#211,#212,#213,#214));
#917=EDGE_LOOP('',(#215,#216,#217,#218,#219,#220));
#918=EDGE_LOOP('',(#221,#222,#223,#224,#225,#226,#227,#228,#229,#230));
#919=EDGE_LOOP('',(#231,#232,#233,#234));
#920=EDGE_LOOP('',(#235,#236,#237,#238,#239,#240));
#921=EDGE_LOOP('',(#241,#242,#243,#244,#245));
#922=EDGE_LOOP('',(#246,#247,#248,#249,#250));
#923=EDGE_LOOP('',(#251,#252,#253,#254));
#924=EDGE_LOOP('',(#255,#256,#257,#258,#259,#260));
#925=EDGE_LOOP('',(#261,#262,#263,#264));
#926=EDGE_LOOP('',(#265,#266,#267,#268));
#927=EDGE_LOOP('',(#269,#270,#271,#272));
#928=EDGE_LOOP('',(#273,#274,#275,#276));
#929=EDGE_LOOP('',(#277,#278,#279,#280));
#930=EDGE_LOOP('',(#281,#282,#283,#284));
#931=EDGE_LOOP('',(#285,#286,#287,#288));
#932=EDGE_LOOP('',(#289,#290,#291,#292,#293,#294,#295,#296,#297,#298,#299,
#300));
#933=EDGE_LOOP('',(#301,#302,#303,#304,#305,#306,#307,#308));
#934=EDGE_LOOP('',(#309,#310,#311,#312));
#935=EDGE_LOOP('',(#313,#314,#315,#316,#317,#318,#319,#320,#321,#322,#323,
#324,#325));
#936=EDGE_LOOP('',(#326,#327,#328,#329));
#937=EDGE_LOOP('',(#330,#331,#332,#333));
#938=EDGE_LOOP('',(#334,#335,#336));
#939=EDGE_LOOP('',(#337,#338,#339));
#940=EDGE_LOOP('',(#340,#341,#342));
#941=EDGE_LOOP('',(#343,#344,#345,#346,#347));
#942=EDGE_LOOP('',(#348,#349,#350,#351,#352));
#943=EDGE_LOOP('',(#353,#354,#355));
#944=EDGE_LOOP('',(#356,#357,#358,#359,#360,#361,#362,#363));
#945=EDGE_LOOP('',(#364,#365,#366));
#946=EDGE_LOOP('',(#367,#368,#369,#370));
#947=EDGE_LOOP('',(#371,#372,#373,#374));
#948=EDGE_LOOP('',(#375,#376,#377,#378));
#949=EDGE_LOOP('',(#379,#380,#381,#382));
#950=EDGE_LOOP('',(#383,#384,#385,#386,#387));
#951=EDGE_LOOP('',(#388,#389,#390,#391));
#952=EDGE_LOOP('',(#392,#393,#394,#395));
#953=EDGE_LOOP('',(#396,#397));
#954=EDGE_LOOP('',(#398,#399,#400,#401));
#955=EDGE_LOOP('',(#402,#403,#404,#405));
#956=EDGE_LOOP('',(#406,#407,#408,#409));
#957=EDGE_LOOP('',(#410,#411,#412,#413));
#958=EDGE_LOOP('',(#414,#415,#416,#417));
#959=EDGE_LOOP('',(#418,#419,#420,#421));
#960=EDGE_LOOP('',(#422,#423,#424,#425,#426,#427,#428,#429,#430));
#961=EDGE_LOOP('',(#431,#432,#433,#434,#435,#436,#437,#438,#439,#440,#441,
#442,#443));
#962=EDGE_LOOP('',(#444,#445,#446,#447));
#963=EDGE_LOOP('',(#448,#449,#450,#451));
#964=EDGE_LOOP('',(#452,#453,#454));
#965=EDGE_LOOP('',(#455,#456,#457));
#966=EDGE_LOOP('',(#458,#459,#460));
#967=EDGE_LOOP('',(#461,#462,#463,#464,#465));
#968=EDGE_LOOP('',(#466,#467,#468,#469,#470));
#969=EDGE_LOOP('',(#471,#472,#473));
#970=EDGE_LOOP('',(#474,#475,#476,#477,#478,#479,#480,#481));
#971=EDGE_LOOP('',(#482,#483,#484));
#972=EDGE_LOOP('',(#485,#486,#487,#488));
#973=EDGE_LOOP('',(#489,#490,#491,#492));
#974=EDGE_LOOP('',(#493,#494,#495,#496));
#975=EDGE_LOOP('',(#497,#498,#499,#500));
#976=EDGE_LOOP('',(#501,#502,#503,#504,#505));
#977=EDGE_LOOP('',(#506,#507,#508,#509));
#978=EDGE_LOOP('',(#510,#511,#512,#513));
#979=EDGE_LOOP('',(#514,#515));
#980=EDGE_LOOP('',(#516,#517,#518,#519));
#981=EDGE_LOOP('',(#520,#521,#522,#523));
#982=FACE_BOUND('',#911,.T.);
#983=FACE_BOUND('',#912,.T.);
#984=FACE_BOUND('',#913,.T.);
#985=FACE_BOUND('',#914,.T.);
#986=FACE_BOUND('',#915,.T.);
#987=FACE_BOUND('',#916,.T.);
#988=FACE_BOUND('',#917,.T.);
#989=FACE_BOUND('',#52,.T.);
#990=FACE_BOUND('',#918,.T.);
#991=FACE_BOUND('',#53,.T.);
#992=FACE_BOUND('',#919,.T.);
#993=FACE_BOUND('',#920,.T.);
#994=FACE_BOUND('',#921,.T.);
#995=FACE_BOUND('',#922,.T.);
#996=FACE_BOUND('',#923,.T.);
#997=FACE_BOUND('',#924,.T.);
#998=FACE_BOUND('',#925,.T.);
#999=FACE_BOUND('',#926,.T.);
#1000=FACE_BOUND('',#927,.T.);
#1001=FACE_BOUND('',#928,.T.);
#1002=FACE_BOUND('',#929,.T.);
#1003=FACE_BOUND('',#930,.T.);
#1004=FACE_BOUND('',#931,.T.);
#1005=FACE_BOUND('',#932,.T.);
#1006=FACE_BOUND('',#933,.T.);
#1007=FACE_BOUND('',#934,.T.);
#1008=FACE_BOUND('',#935,.T.);
#1009=FACE_BOUND('',#936,.T.);
#1010=FACE_BOUND('',#937,.T.);
#1011=FACE_BOUND('',#938,.T.);
#1012=FACE_BOUND('',#939,.T.);
#1013=FACE_BOUND('',#940,.T.);
#1014=FACE_BOUND('',#941,.T.);
#1015=FACE_BOUND('',#942,.T.);
#1016=FACE_BOUND('',#943,.T.);
#1017=FACE_BOUND('',#944,.T.);
#1018=FACE_BOUND('',#945,.T.);
#1019=FACE_BOUND('',#946,.T.);
#1020=FACE_BOUND('',#947,.T.);
#1021=FACE_BOUND('',#948,.T.);
#1022=FACE_BOUND('',#949,.T.);
#1023=FACE_BOUND('',#950,.T.);
#1024=FACE_BOUND('',#951,.T.);
#1025=FACE_BOUND('',#952,.T.);
#1026=FACE_BOUND('',#953,.T.);
#1027=FACE_BOUND('',#954,.T.);
#1028=FACE_BOUND('',#955,.T.);
#1029=FACE_BOUND('',#956,.T.);
#1030=FACE_BOUND('',#957,.T.);
#1031=FACE_BOUND('',#958,.T.);
#1032=FACE_BOUND('',#959,.T.);
#1033=FACE_BOUND('',#960,.T.);
#1034=FACE_BOUND('',#961,.T.);
#1035=FACE_BOUND('',#962,.T.);
#1036=FACE_BOUND('',#963,.T.);
#1037=FACE_BOUND('',#964,.T.);
#1038=FACE_BOUND('',#965,.T.);
#1039=FACE_BOUND('',#966,.T.);
#1040=FACE_BOUND('',#967,.T.);
#1041=FACE_BOUND('',#968,.T.);
#1042=FACE_BOUND('',#969,.T.);
#1043=FACE_BOUND('',#970,.T.);
#1044=FACE_BOUND('',#971,.T.);
#1045=FACE_BOUND('',#972,.T.);
#1046=FACE_BOUND('',#973,.T.);
#1047=FACE_BOUND('',#974,.T.);
#1048=FACE_BOUND('',#975,.T.);
#1049=FACE_BOUND('',#976,.T.);
#1050=FACE_BOUND('',#977,.T.);
#1051=FACE_BOUND('',#978,.T.);
#1052=FACE_BOUND('',#979,.T.);
#1053=FACE_BOUND('',#980,.T.);
#1054=FACE_BOUND('',#981,.T.);
#1055=PLANE('',#1155);
#1056=PLANE('',#1163);
#1057=PLANE('',#1164);
#1058=PLANE('',#1176);
#1059=PLANE('',#1177);
#1060=PLANE('',#1178);
#1061=PLANE('',#1183);
#1062=PLANE('',#1184);
#1063=PLANE('',#1193);
#1064=PLANE('',#1197);
#1065=PLANE('',#1198);
#1066=PLANE('',#1199);
#1067=PLANE('',#1200);
#1068=PLANE('',#1201);
#1069=PLANE('',#1202);
#1070=PLANE('',#1203);
#1071=PLANE('',#1212);
#1072=PLANE('',#1216);
#1073=ADVANCED_FACE('',(#982),#1055,.T.);
#1074=ADVANCED_FACE('',(#983),#56,.T.);
#1075=ADVANCED_FACE('',(#984),#57,.T.);
#1076=ADVANCED_FACE('',(#985),#1056,.F.);
#1077=ADVANCED_FACE('',(#986),#1057,.T.);
#1078=ADVANCED_FACE('',(#987),#58,.F.);
#1079=ADVANCED_FACE('',(#988,#989),#54,.T.);
#1080=ADVANCED_FACE('',(#990,#991),#55,.T.);
#1081=ADVANCED_FACE('',(#992),#41,.T.);
#1082=ADVANCED_FACE('',(#993),#59,.T.);
#1083=ADVANCED_FACE('',(#994),#42,.F.);
#1084=ADVANCED_FACE('',(#995),#43,.F.);
#1085=ADVANCED_FACE('',(#996),#44,.T.);
#1086=ADVANCED_FACE('',(#997),#60,.T.);
#1087=ADVANCED_FACE('',(#998),#14,.F.);
#1088=ADVANCED_FACE('',(#999),#1058,.F.);
#1089=ADVANCED_FACE('',(#1000),#45,.F.);
#1090=ADVANCED_FACE('',(#1001),#46,.F.);
#1091=ADVANCED_FACE('',(#1002),#47,.F.);
#1092=ADVANCED_FACE('',(#1003),#1059,.T.);
#1093=ADVANCED_FACE('',(#1004,#1005),#1060,.T.);
#1094=ADVANCED_FACE('',(#1006,#1007),#1061,.F.);
#1095=ADVANCED_FACE('',(#1008),#1062,.F.);
#1096=ADVANCED_FACE('',(#1009),#61,.T.);
#1097=ADVANCED_FACE('',(#1010),#15,.F.);
#1098=ADVANCED_FACE('',(#1011),#16,.F.);
#1099=ADVANCED_FACE('',(#1012),#48,.F.);
#1100=ADVANCED_FACE('',(#1013),#49,.F.);
#1101=ADVANCED_FACE('',(#1014),#17,.T.);
#1102=ADVANCED_FACE('',(#1015),#18,.T.);
#1103=ADVANCED_FACE('',(#1016),#62,.T.);
#1104=ADVANCED_FACE('',(#1017),#19,.T.);
#1105=ADVANCED_FACE('',(#1018),#1063,.T.);
#1106=ADVANCED_FACE('',(#1019),#20,.T.);
#1107=ADVANCED_FACE('',(#1020),#21,.T.);
#1108=ADVANCED_FACE('',(#1021),#22,.T.);
#1109=ADVANCED_FACE('',(#1022),#23,.T.);
#1110=ADVANCED_FACE('',(#1023),#24,.T.);
#1111=ADVANCED_FACE('',(#1024),#12,.F.);
#1112=ADVANCED_FACE('',(#1025),#25,.F.);
#1113=ADVANCED_FACE('',(#1026),#26,.F.);
#1114=ADVANCED_FACE('',(#1027),#27,.T.);
#1115=ADVANCED_FACE('',(#1028),#1064,.T.);
#1116=ADVANCED_FACE('',(#1029),#1065,.T.);
#1117=ADVANCED_FACE('',(#1030),#1066,.F.);
#1118=ADVANCED_FACE('',(#1031),#1067,.T.);
#1119=ADVANCED_FACE('',(#1032),#1068,.F.);
#1120=ADVANCED_FACE('',(#1033),#1069,.T.);
#1121=ADVANCED_FACE('',(#1034),#1070,.F.);
#1122=ADVANCED_FACE('',(#1035),#63,.T.);
#1123=ADVANCED_FACE('',(#1036),#28,.F.);
#1124=ADVANCED_FACE('',(#1037),#29,.F.);
#1125=ADVANCED_FACE('',(#1038),#50,.T.);
#1126=ADVANCED_FACE('',(#1039),#51,.T.);
#1127=ADVANCED_FACE('',(#1040),#30,.T.);
#1128=ADVANCED_FACE('',(#1041),#31,.T.);
#1129=ADVANCED_FACE('',(#1042),#64,.T.);
#1130=ADVANCED_FACE('',(#1043),#32,.T.);
#1131=ADVANCED_FACE('',(#1044),#1071,.T.);
#1132=ADVANCED_FACE('',(#1045),#33,.T.);
#1133=ADVANCED_FACE('',(#1046),#34,.T.);
#1134=ADVANCED_FACE('',(#1047),#35,.T.);
#1135=ADVANCED_FACE('',(#1048),#36,.T.);
#1136=ADVANCED_FACE('',(#1049),#37,.T.);
#1137=ADVANCED_FACE('',(#1050),#13,.F.);
#1138=ADVANCED_FACE('',(#1051),#38,.F.);
#1139=ADVANCED_FACE('',(#1052),#39,.F.);
#1140=ADVANCED_FACE('',(#1053),#40,.T.);
#1141=ADVANCED_FACE('',(#1054),#1072,.F.);
#1142=CLOSED_SHELL('',(#1073,#1074,#1075,#1076,#1077,#1078,#1079,#1080,
#1081,#1082,#1083,#1084,#1085,#1086,#1087,#1088,#1089,#1090,#1091,#1092,
#1093,#1094,#1095,#1096,#1097,#1098,#1099,#1100,#1101,#1102,#1103,#1104,
#1105,#1106,#1107,#1108,#1109,#1110,#1111,#1112,#1113,#1114,#1115,#1116,
#1117,#1118,#1119,#1120,#1121,#1122,#1123,#1124,#1125,#1126,#1127,#1128,
#1129,#1130,#1131,#1132,#1133,#1134,#1135,#1136,#1137,#1138,#1139,#1140,
#1141));
#1143=STYLED_ITEM('',(#1144),#1151);
#1144=PRESENTATION_STYLE_ASSIGNMENT((#1145));
#1145=SURFACE_STYLE_USAGE(.BOTH.,#1146);
#1146=SURFACE_SIDE_STYLE('',(#1147));
#1147=SURFACE_STYLE_FILL_AREA(#1148);
#1148=FILL_AREA_STYLE('',(#1149));
#1149=FILL_AREA_STYLE_COLOUR('',#1150);
#1150=COLOUR_RGB('',0.615686274509804,0.811764705882353,0.929411764705882);
#1151=MANIFOLD_SOLID_BREP('Horn Base 1',#1142);
#1152=SHAPE_DEFINITION_REPRESENTATION(#3414,#1153);
#1153=SHAPE_REPRESENTATION('Horn Base 1',(#1154),#3409);
#1154=AXIS2_PLACEMENT_3D('',#1397,#1217,#1218);
#1155=AXIS2_PLACEMENT_3D('',#1398,#1219,#1220);
#1156=AXIS2_PLACEMENT_3D('',#1469,#1226,#1227);
#1157=AXIS2_PLACEMENT_3D('',#1511,#1228,#1229);
#1158=AXIS2_PLACEMENT_3D('',#1512,#1230,#1231);
#1159=AXIS2_PLACEMENT_3D('',#1528,#1233,#1234);
#1160=AXIS2_PLACEMENT_3D('',#1538,#1235,#1236);
#1161=AXIS2_PLACEMENT_3D('',#1552,#1238,#1239);
#1162=AXIS2_PLACEMENT_3D('',#1555,#1241,#1242);
#1163=AXIS2_PLACEMENT_3D('',#1558,#1244,#1245);
#1164=AXIS2_PLACEMENT_3D('',#1564,#1249,#1250);
#1165=AXIS2_PLACEMENT_3D('',#1566,#1252,#1253);
#1166=AXIS2_PLACEMENT_3D('',#1570,#1255,#1256);
#1167=AXIS2_PLACEMENT_3D('',#1574,#1258,#1259);
#1168=AXIS2_PLACEMENT_3D('',#1575,#1260,#1261);
#1169=AXIS2_PLACEMENT_3D('',#1631,#1262,#1263);
#1170=AXIS2_PLACEMENT_3D('',#1736,#1265,#1266);
#1171=AXIS2_PLACEMENT_3D('',#1934,#1276,#1277);
#1172=AXIS2_PLACEMENT_3D('',#1944,#1279,#1280);
#1173=AXIS2_PLACEMENT_3D('',#1945,#1281,#1282);
#1174=AXIS2_PLACEMENT_3D('',#1972,#1284,#1285);
#1175=AXIS2_PLACEMENT_3D('',#1973,#1286,#1287);
#1176=AXIS2_PLACEMENT_3D('',#1974,#1288,#1289);
#1177=AXIS2_PLACEMENT_3D('',#2191,#1295,#1296);
#1178=AXIS2_PLACEMENT_3D('',#2195,#1299,#1300);
#1179=AXIS2_PLACEMENT_3D('',#2205,#1303,#1304);
#1180=AXIS2_PLACEMENT_3D('',#2207,#1305,#1306);
#1181=AXIS2_PLACEMENT_3D('',#2208,#1307,#1308);
#1182=AXIS2_PLACEMENT_3D('',#2210,#1309,#1310);
#1183=AXIS2_PLACEMENT_3D('',#2219,#1312,#1313);
#1184=AXIS2_PLACEMENT_3D('',#2258,#1320,#1321);
#1185=AXIS2_PLACEMENT_3D('',#2347,#1323,#1324);
#1186=AXIS2_PLACEMENT_3D('',#2353,#1325,#1326);
#1187=AXIS2_PLACEMENT_3D('',#2366,#1327,#1328);
#1188=AXIS2_PLACEMENT_3D('',#2477,#1329,#1330);
#1189=AXIS2_PLACEMENT_3D('',#2495,#1331,#1332);
#1190=AXIS2_PLACEMENT_3D('',#2501,#1333,#1334);
#1191=AXIS2_PLACEMENT_3D('',#2524,#1335,#1336);
#1192=AXIS2_PLACEMENT_3D('',#2525,#1337,#1338);
#1193=AXIS2_PLACEMENT_3D('',#2533,#1339,#1340);
#1194=AXIS2_PLACEMENT_3D('',#2542,#1341,#1342);
#1195=AXIS2_PLACEMENT_3D('',#2767,#1343,#1344);
#1196=AXIS2_PLACEMENT_3D('',#2768,#1345,#1346);
#1197=AXIS2_PLACEMENT_3D('',#2823,#1347,#1348);
#1198=AXIS2_PLACEMENT_3D('',#2825,#1350,#1351);
#1199=AXIS2_PLACEMENT_3D('',#2831,#1355,#1356);
#1200=AXIS2_PLACEMENT_3D('',#2837,#1360,#1361);
#1201=AXIS2_PLACEMENT_3D('',#2840,#1364,#1365);
#1202=AXIS2_PLACEMENT_3D('',#2841,#1366,#1367);
#1203=AXIS2_PLACEMENT_3D('',#2842,#1368,#1369);
#1204=AXIS2_PLACEMENT_3D('',#2931,#1371,#1372);
#1205=AXIS2_PLACEMENT_3D('',#2937,#1373,#1374);
#1206=AXIS2_PLACEMENT_3D('',#2950,#1375,#1376);
#1207=AXIS2_PLACEMENT_3D('',#3066,#1377,#1378);
#1208=AXIS2_PLACEMENT_3D('',#3084,#1379,#1380);
#1209=AXIS2_PLACEMENT_3D('',#3085,#1381,#1382);
#1210=AXIS2_PLACEMENT_3D('',#3115,#1383,#1384);
#1211=AXIS2_PLACEMENT_3D('',#3116,#1385,#1386);
#1212=AXIS2_PLACEMENT_3D('',#3117,#1387,#1388);
#1213=AXIS2_PLACEMENT_3D('',#3118,#1389,#1390);
#1214=AXIS2_PLACEMENT_3D('',#3351,#1391,#1392);
#1215=AXIS2_PLACEMENT_3D('',#3352,#1393,#1394);
#1216=AXIS2_PLACEMENT_3D('',#3407,#1395,#1396);
#1217=DIRECTION('',(0.,0.,1.));
#1218=DIRECTION('',(1.,0.,0.));
#1219=DIRECTION('',(0.,0.,1.));
#1220=DIRECTION('',(1.,0.,0.));
#1221=DIRECTION('',(0.20361969195007,-0.979050060543463,0.));
#1222=DIRECTION('',(-1.,0.,0.));
#1223=DIRECTION('',(0.0475127734266405,-0.998870630442856,0.));
#1224=DIRECTION('',(-1.,1.21952819256755E-12,0.));
#1225=DIRECTION('',(-4.3586833219487E-17,-1.,0.));
#1226=DIRECTION('',(0.,0.,1.));
#1227=DIRECTION('',(-1.,0.,0.));
#1228=DIRECTION('',(0.,1.,0.));
#1229=DIRECTION('',(0.,0.,1.));
#1230=DIRECTION('',(0.,-1.,0.));
#1231=DIRECTION('',(0.,0.,-1.));
#1232=DIRECTION('',(0.,1.,0.));
#1233=DIRECTION('',(-3.66129399043691E-16,-1.,0.));
#1234=DIRECTION('',(0.,0.,1.));
#1235=DIRECTION('',(3.66129399043691E-16,1.,0.));
#1236=DIRECTION('',(0.,0.,-1.));
#1237=DIRECTION('',(0.,1.,0.));
#1238=DIRECTION('',(0.,0.,-1.));
#1239=DIRECTION('',(-1.,0.,0.));
#1240=DIRECTION('',(0.,0.,-1.));
#1241=DIRECTION('',(0.,0.,1.));
#1242=DIRECTION('',(-1.,0.,0.));
#1243=DIRECTION('',(0.,0.,-1.));
#1244=DIRECTION('',(-1.21952819256755E-12,-1.,0.));
#1245=DIRECTION('',(1.,-1.21952819256755E-12,0.));
#1246=DIRECTION('',(0.,0.,-1.));
#1247=DIRECTION('',(-1.,1.21952819256755E-12,0.));
#1248=DIRECTION('',(0.,0.,1.));
#1249=DIRECTION('',(0.,-1.,0.));
#1250=DIRECTION('',(1.,0.,0.));
#1251=DIRECTION('',(0.,0.,-1.));
#1252=DIRECTION('',(0.,0.,-1.));
#1253=DIRECTION('',(-1.,0.,0.));
#1254=DIRECTION('',(0.,0.,-1.));
#1255=DIRECTION('',(4.39513896253438E-16,3.45679920276675E-16,1.));
#1256=DIRECTION('',(1.,-3.66129399043691E-16,-4.39513896253438E-16));
#1257=DIRECTION('',(0.,0.,-1.));
#1258=DIRECTION('',(-4.39513896253438E-16,-3.45679920276675E-16,1.));
#1259=DIRECTION('',(1.,-3.66129399043691E-16,4.39513896253438E-16));
#1260=DIRECTION('',(0.99934174801451,0.036277688395256,0.));
#1261=DIRECTION('',(0.036277688395256,-0.99934174801451,0.));
#1262=DIRECTION('',(-0.995301981741737,-0.0968192395186581,0.));
#1263=DIRECTION('',(-0.0968192395186581,0.995301981741737,0.));
#1264=DIRECTION('',(0.,0.,-1.));
#1265=DIRECTION('',(0.,0.,-1.));
#1266=DIRECTION('',(-1.,0.,0.));
#1267=DIRECTION('',(0.,0.,1.));
#1268=DIRECTION('',(0.,0.,-1.));
#1269=DIRECTION('',(0.,0.,-1.));
#1270=DIRECTION('',(0.,0.,-1.));
#1271=DIRECTION('',(0.,0.,1.));
#1272=DIRECTION('',(0.,0.,-1.));
#1273=DIRECTION('',(0.,0.,-1.));
#1274=DIRECTION('',(0.,0.,1.));
#1275=DIRECTION('',(0.,0.,-1.));
#1276=DIRECTION('',(0.,0.,-1.));
#1277=DIRECTION('',(1.,-3.66129399043691E-16,0.));
#1278=DIRECTION('',(0.,0.,-1.));
#1279=DIRECTION('',(7.42070248900346E-15,-2.31296463463572E-15,1.));
#1280=DIRECTION('',(1.,-3.66129399043691E-16,-7.42070248900346E-15));
#1281=DIRECTION('',(-7.42070248900346E-15,2.31296463463572E-15,1.));
#1282=DIRECTION('',(1.,-3.66129399043691E-16,7.42070248900346E-15));
#1283=DIRECTION('',(0.,0.,1.));
#1284=DIRECTION('',(-0.45911642892326,-1.20462880333827E-15,-0.888376105426499));
#1285=DIRECTION('',(-0.888376105426499,3.25260609604579E-16,0.45911642892326));
#1286=DIRECTION('',(0.45911642892326,1.20462880333827E-15,-0.888376105426499));
#1287=DIRECTION('',(-0.888376105426499,3.25260609604579E-16,-0.45911642892326));
#1288=DIRECTION('',(0.979050060543463,0.20361969195007,0.));
#1289=DIRECTION('',(-0.20361969195007,0.979050060543463,0.));
#1290=DIRECTION('',(0.,0.,-1.));
#1291=DIRECTION('',(0.20361969195007,-0.979050060543463,0.));
#1292=DIRECTION('',(0.,0.,-1.));
#1293=DIRECTION('',(0.,0.,-1.));
#1294=DIRECTION('',(0.,0.,-1.));
#1295=DIRECTION('',(0.998870630442856,0.0475127734266405,0.));
#1296=DIRECTION('',(-0.0475127734266405,0.998870630442856,0.));
#1297=DIRECTION('',(0.,0.,-1.));
#1298=DIRECTION('',(0.0475127734266405,-0.998870630442856,0.));
#1299=DIRECTION('',(1.,-4.3586833219487E-17,0.));
#1300=DIRECTION('',(4.3586833219487E-17,1.,0.));
#1301=DIRECTION('',(-4.3586833219487E-17,-1.,0.));
#1302=DIRECTION('',(-4.3586833219487E-17,-1.,0.));
#1303=DIRECTION('',(1.,-4.3586833219487E-17,0.));
#1304=DIRECTION('',(4.3586833219487E-17,1.,0.));
#1305=DIRECTION('',(1.,-4.3586833219487E-17,0.));
#1306=DIRECTION('',(4.3586833219487E-17,1.,0.));
#1307=DIRECTION('',(-1.,4.3586833219487E-17,0.));
#1308=DIRECTION('',(4.3586833219487E-17,1.,0.));
#1309=DIRECTION('',(-1.,4.3586833219487E-17,0.));
#1310=DIRECTION('',(4.3586833219487E-17,1.,0.));
#1311=DIRECTION('',(-4.3586833219487E-17,-1.,0.));
#1312=DIRECTION('',(0.,-1.,0.));
#1313=DIRECTION('',(1.,0.,0.));
#1314=DIRECTION('',(1.,0.,0.));
#1315=DIRECTION('',(1.,0.,0.));
#1316=DIRECTION('',(1.,0.,0.));
#1317=DIRECTION('',(0.,0.,-1.));
#1318=DIRECTION('',(1.,0.,0.));
#1319=DIRECTION('',(0.,0.,-1.));
#1320=DIRECTION('',(0.,0.,1.));
#1321=DIRECTION('',(1.,0.,0.));
#1322=DIRECTION('',(1.,0.,0.));
#1323=DIRECTION('',(-1.,0.,0.));
#1324=DIRECTION('',(0.,0.,1.));
#1325=DIRECTION('',(-1.,6.55249978373145E-16,-3.02420125978624E-13));
#1326=DIRECTION('',(-3.02420125978624E-13,1.10724898983271E-28,1.));
#1327=DIRECTION('',(0.942956293884715,0.124939034508365,-0.308583320157329));
#1328=DIRECTION('',(-0.311020344739795,1.13873691909943E-16,-0.950403253970618));
#1329=DIRECTION('',(0.0568719707060373,-0.998381479669977,0.));
#1330=DIRECTION('',(0.998381479669977,0.0568719707060373,0.));
#1331=DIRECTION('',(0.375973212824707,-0.926630532217813,0.));
#1332=DIRECTION('',(0.926630532217813,0.375973212824707,0.));
#1333=DIRECTION('',(0.,0.,-1.));
#1334=DIRECTION('',(-1.,0.,0.));
#1335=DIRECTION('',(-0.0938237408105669,0.995588823591502,0.));
#1336=DIRECTION('',(-0.995588823591502,-0.0938237408105669,0.));
#1337=DIRECTION('',(-0.0426085824370335,0.999091841975855,0.));
#1338=DIRECTION('',(-0.999091841975855,-0.0426085824370335,0.));
#1339=DIRECTION('',(-3.66129399043691E-16,-1.,0.));
#1340=DIRECTION('',(0.,0.,-1.));
#1341=DIRECTION('',(3.66129399043691E-16,1.,0.));
#1342=DIRECTION('',(0.,0.,-1.));
#1343=DIRECTION('',(-3.66129399043691E-16,-1.,0.));
#1344=DIRECTION('',(0.,0.,-1.));
#1345=DIRECTION('',(0.712709990854086,-2.60944080643841E-16,-0.701458814854278));
#1346=DIRECTION('',(-0.701458814854278,2.56824694336497E-16,-0.712709990854086));
#1347=DIRECTION('',(0.,-1.,0.));
#1348=DIRECTION('',(0.,0.,-1.));
#1349=DIRECTION('',(-1.,0.,0.));
#1350=DIRECTION('',(1.,0.,0.));
#1351=DIRECTION('',(0.,0.,-1.));
#1352=DIRECTION('',(0.,-1.,0.));
#1353=DIRECTION('',(0.,0.,-1.));
#1354=DIRECTION('',(0.,-1.,0.));
#1355=DIRECTION('',(0.,-1.,0.));
#1356=DIRECTION('',(0.,0.,-1.));
#1357=DIRECTION('',(-1.,0.,0.));
#1358=DIRECTION('',(0.,0.,-1.));
#1359=DIRECTION('',(-1.,0.,0.));
#1360=DIRECTION('',(-1.,0.,0.));
#1361=DIRECTION('',(0.,0.,1.));
#1362=DIRECTION('',(0.,1.,0.));
#1363=DIRECTION('',(0.,1.,0.));
#1364=DIRECTION('',(0.,0.,1.));
#1365=DIRECTION('',(1.,0.,0.));
#1366=DIRECTION('',(0.,0.,-1.));
#1367=DIRECTION('',(1.,0.,0.));
#1368=DIRECTION('',(0.,0.,-1.));
#1369=DIRECTION('',(1.,0.,0.));
#1370=DIRECTION('',(1.,0.,0.));
#1371=DIRECTION('',(-1.,0.,0.));
#1372=DIRECTION('',(0.,0.,-1.));
#1373=DIRECTION('',(1.,-6.55249978373145E-16,-3.02420125978624E-13));
#1374=DIRECTION('',(-3.02420125978624E-13,1.10724898983271E-28,-1.));
#1375=DIRECTION('',(-0.942956293884715,-0.124939034508365,-0.308583320157329));
#1376=DIRECTION('',(-0.311020344739795,1.13873691909943E-16,0.950403253970618));
#1377=DIRECTION('',(-0.0568719707060373,0.998381479669977,0.));
#1378=DIRECTION('',(0.998381479669977,0.0568719707060373,0.));
#1379=DIRECTION('',(-0.375973212824707,0.926630532217813,0.));
#1380=DIRECTION('',(0.926630532217813,0.375973212824707,0.));
#1381=DIRECTION('',(0.,0.,-1.));
#1382=DIRECTION('',(-1.,0.,0.));
#1383=DIRECTION('',(0.0426085824370335,-0.999091841975855,0.));
#1384=DIRECTION('',(-0.999091841975855,-0.0426085824370335,0.));
#1385=DIRECTION('',(0.0938237408105669,-0.995588823591502,0.));
#1386=DIRECTION('',(-0.995588823591502,-0.0938237408105669,0.));
#1387=DIRECTION('',(-3.66129399043691E-16,-1.,0.));
#1388=DIRECTION('',(0.,0.,1.));
#1389=DIRECTION('',(-3.66129399043691E-16,-1.,0.));
#1390=DIRECTION('',(0.,0.,1.));
#1391=DIRECTION('',(-3.66129399043691E-16,-1.,0.));
#1392=DIRECTION('',(0.,0.,1.));
#1393=DIRECTION('',(-0.712709990854086,2.60944080643841E-16,-0.701458814854278));
#1394=DIRECTION('',(-0.701458814854278,2.56824694336497E-16,0.712709990854086));
#1395=DIRECTION('',(0.,0.,-1.));
#1396=DIRECTION('',(1.,0.,0.));
#1397=CARTESIAN_POINT('',(0.,0.,0.));
#1398=CARTESIAN_POINT('',(0.00129687816628815,0.0445204488980223,0.00635));
#1399=CARTESIAN_POINT('',(-0.0878763694686417,0.0457093273380677,0.00635));
#1400=CARTESIAN_POINT('',(-0.0899916333533077,0.05588,0.00635));
#1401=CARTESIAN_POINT('',(-0.0855489537167551,0.0345185799650034,0.00635));
#1402=CARTESIAN_POINT('',(-0.104995813957914,0.05588,0.00635));
#1403=CARTESIAN_POINT('',(-0.111096904817675,0.05588,0.00635));
#1404=CARTESIAN_POINT('',(-0.110795182523172,0.049536831273076,0.00635));
#1405=CARTESIAN_POINT('',(-0.1102748100904,0.0385969365352874,0.00635));
#1406=CARTESIAN_POINT('',(-0.109677671016491,0.0307610907531854,0.00635));
#1407=CARTESIAN_POINT('',(-0.109794422167266,0.0319999684599234,0.00635));
#1408=CARTESIAN_POINT('',(-0.109904973342527,0.0333696177581618,0.00635));
#1409=CARTESIAN_POINT('',(-0.110014693350885,0.0349204140573825,0.00635));
#1410=CARTESIAN_POINT('',(-0.110101398930724,0.0361459215500175,0.00635));
#1411=CARTESIAN_POINT('',(-0.110188104510562,0.0373714290426524,0.00635));
#1412=CARTESIAN_POINT('',(-0.1102748100904,0.0385969365352874,0.00635));
#1413=CARTESIAN_POINT('',(-0.109677671016491,0.0307610907531854,0.00635));
#1414=CARTESIAN_POINT('',(-0.0151523866987435,-0.0585844029142834,0.00635));
#1415=CARTESIAN_POINT('',(-0.0191210326905312,-0.0573473585965665,0.00635));
#1416=CARTESIAN_POINT('',(-0.0250497322802995,-0.0554949915381792,0.00635));
#1417=CARTESIAN_POINT('',(-0.032631265468454,-0.05294912246606,0.00635));
#1418=CARTESIAN_POINT('',(-0.0381098706026647,-0.0509733106929546,0.00635));
#1419=CARTESIAN_POINT('',(-0.0432842261529214,-0.0489228954075451,0.00635));
#1420=CARTESIAN_POINT('',(-0.0480834173978014,-0.0467845399719685,0.00635));
#1421=CARTESIAN_POINT('',(-0.0517131616132863,-0.0449220879632763,0.00635));
#1422=CARTESIAN_POINT('',(-0.0543530917252621,-0.0433869946629419,0.00635));
#1423=CARTESIAN_POINT('',(-0.0562392726664919,-0.0421936311692121,0.00635));
#1424=CARTESIAN_POINT('',(-0.0580410082966627,-0.0409620391734377,0.00635));
#1425=CARTESIAN_POINT('',(-0.060346321129967,-0.0392695499456628,0.00635));
#1426=CARTESIAN_POINT('',(-0.0630728733364668,-0.0370623400828875,0.00635));
#1427=CARTESIAN_POINT('',(-0.0661780877737889,-0.0342760960033221,0.00635));
#1428=CARTESIAN_POINT('',(-0.0686912598153016,-0.0318497749520019,0.00635));
#1429=CARTESIAN_POINT('',(-0.0706928347615021,-0.0298569362278755,0.00635));
#1430=CARTESIAN_POINT('',(-0.0722022700100162,-0.0283363824910459,0.00635));
#1431=CARTESIAN_POINT('',(-0.0737132165533225,-0.0268079356969921,0.00635));
#1432=CARTESIAN_POINT('',(-0.0757253168865243,-0.0247666118233523,0.00635));
#1433=CARTESIAN_POINT('',(-0.0782419032542942,-0.0222098728846696,0.00635));
#1434=CARTESIAN_POINT('',(-0.0812739642961537,-0.0191462240883997,0.00635));
#1435=CARTESIAN_POINT('',(-0.0838199071872397,-0.0166067914250205,0.00635));
#1436=CARTESIAN_POINT('',(-0.0858741159743468,-0.0145893756179912,0.00635));
#1437=CARTESIAN_POINT('',(-0.0874238947354269,-0.013085327227253,0.00635));
#1438=CARTESIAN_POINT('',(-0.0889883691981844,-0.0115901909753602,0.00635));
#1439=CARTESIAN_POINT('',(-0.0905234131384694,-0.0101370480314022,0.00635));
#1440=CARTESIAN_POINT('',(-0.0920226892427561,-0.00871111496743918,0.00635));
#1441=CARTESIAN_POINT('',(-0.0939603662882966,-0.00683666900727704,0.00635));
#1442=CARTESIAN_POINT('',(-0.0962456485215296,-0.00452252594304223,0.00635));
#1443=CARTESIAN_POINT('',(-0.0982961869379558,-0.00219827526540036,0.00635));
#1444=CARTESIAN_POINT('',(-0.0997732151888828,-0.000303628499634517,0.00635));
#1445=CARTESIAN_POINT('',(-0.100624885098492,0.000901516076256499,0.00635));
#1446=CARTESIAN_POINT('',(-0.101262733153774,0.00188420542999258,0.00635));
#1447=CARTESIAN_POINT('',(-0.101717059601797,0.00262858682097195,0.00635));
#1448=CARTESIAN_POINT('',(-0.102157855295006,0.00339893735160474,0.00635));
#1449=CARTESIAN_POINT('',(-0.102728575278317,0.00446007103018929,0.00635));
#1450=CARTESIAN_POINT('',(-0.103408100472886,0.0058429956792918,0.00635));
#1451=CARTESIAN_POINT('',(-0.104420340637168,0.00814996145124465,0.00635));
#1452=CARTESIAN_POINT('',(-0.105542139085347,0.0111591564928779,0.00635));
#1453=CARTESIAN_POINT('',(-0.106664568894981,0.0148083147199287,0.00635));
#1454=CARTESIAN_POINT('',(-0.107352646835328,0.0174562827746852,0.00635));
#1455=CARTESIAN_POINT('',(-0.107755286118756,0.0191372632271219,0.00635));
#1456=CARTESIAN_POINT('',(-0.107946233736214,0.0199602719877676,0.00635));
#1457=CARTESIAN_POINT('',(-0.108125798232166,0.0207570372248211,0.00635));
#1458=CARTESIAN_POINT('',(-0.108348769598523,0.0217810827814265,0.00635));
#1459=CARTESIAN_POINT('',(-0.108599782394908,0.0230073021831421,0.00635));
#1460=CARTESIAN_POINT('',(-0.108951403205945,0.0249136583944302,0.00635));
#1461=CARTESIAN_POINT('',(-0.10931642296599,0.0273172129312887,0.00635));
#1462=CARTESIAN_POINT('',(-0.109561328367458,0.0295265477677599,0.00635));
#1463=CARTESIAN_POINT('',(-0.109677671016491,0.0307610907531854,0.00635));
#1464=CARTESIAN_POINT('',(-0.0151523867203562,-0.0585844029839343,0.00635));
#1465=CARTESIAN_POINT('',(0.00129687816622378,-0.0585844029839544,0.00635));
#1466=CARTESIAN_POINT('',(0.00129687816628809,-0.0585844029839544,0.00635));
#1467=CARTESIAN_POINT('',(0.00129687816628809,0.0445204488980223,0.00635));
#1468=CARTESIAN_POINT('',(0.00129687816628809,-0.022472784636532,0.00635));
#1469=CARTESIAN_POINT('',(0.00129687816628808,0.0600772153634679,0.00635));
#1470=CARTESIAN_POINT('',(-0.0115305917839993,-0.0214700624247849,0.00635));
#1471=CARTESIAN_POINT('',(-0.0855489537167551,0.0345185799650035,0.00635));
#1472=CARTESIAN_POINT('',(-0.0848656564188968,0.0328345128102712,0.00635));
#1473=CARTESIAN_POINT('',(-0.0841823591210385,0.0311504456555389,0.00635));
#1474=CARTESIAN_POINT('',(-0.0834990618231801,0.0294663785008066,0.00635));
#1475=CARTESIAN_POINT('',(-0.083072448451164,0.0284149392958899,0.00635));
#1476=CARTESIAN_POINT('',(-0.0821795814311852,0.026345221922176,0.00635));
#1477=CARTESIAN_POINT('',(-0.0809593762708006,0.0238643927076125,0.00635));
#1478=CARTESIAN_POINT('',(-0.0799151086026199,0.0219571989606926,0.00635));
#1479=CARTESIAN_POINT('',(-0.0790953204472755,0.02056786420966,0.00635));
#1480=CARTESIAN_POINT('',(-0.0782373469418202,0.0192262862541158,0.00635));
#1481=CARTESIAN_POINT('',(-0.0770632136438855,0.0175299852265208,0.00635));
#1482=CARTESIAN_POINT('',(-0.0755407111279003,0.0155647983682819,0.00635));
#1483=CARTESIAN_POINT('',(-0.0730274223790113,0.012723605400198,0.00635));
#1484=CARTESIAN_POINT('',(-0.0704587532432394,0.0102762906001108,0.00635));
#1485=CARTESIAN_POINT('',(-0.0682450170145322,0.00834638688195395,0.00635));
#1486=CARTESIAN_POINT('',(-0.0669956383983428,0.0072824001724283,0.00635));
#1487=CARTESIAN_POINT('',(-0.0660679527336111,0.00649894704537611,0.00635));
#1488=CARTESIAN_POINT('',(-0.0651487504097972,0.00572350208043832,0.00635));
#1489=CARTESIAN_POINT('',(-0.0642443657627821,0.0049555575121557,0.00635));
#1490=CARTESIAN_POINT('',(-0.063328898192395,0.00416922442823625,0.00635));
#1491=CARTESIAN_POINT('',(-0.0620855042962,0.00309396917094013,0.00635));
#1492=CARTESIAN_POINT('',(-0.0604909076096175,0.00170805816492682,0.00635));
#1493=CARTESIAN_POINT('',(-0.0585070978698574,-3.69477490740914E-6,0.00635));
#1494=CARTESIAN_POINT('',(-0.0564474577870565,-0.00174470262029111,0.00635));
#1495=CARTESIAN_POINT('',(-0.0543051535353659,-0.00349564510202695,0.00635));
#1496=CARTESIAN_POINT('',(-0.0520726660875815,-0.00523687675488815,0.00635));
#1497=CARTESIAN_POINT('',(-0.0497419266111299,-0.00694816810523647,0.00635));
#1498=CARTESIAN_POINT('',(-0.0477106195934192,-0.00833234721966255,0.00635));
#1499=CARTESIAN_POINT('',(-0.0460281953086426,-0.0094029440578434,0.00635));
#1500=CARTESIAN_POINT('',(-0.0443248319614742,-0.0104370592230897,0.00635));
#1501=CARTESIAN_POINT('',(-0.0421541161796542,-0.0116658145637108,0.00635));
#1502=CARTESIAN_POINT('',(-0.0386052914032474,-0.0134959652307804,0.00635));
#1503=CARTESIAN_POINT('',(-0.034046565650017,-0.015533178146083,0.00635));
#1504=CARTESIAN_POINT('',(-0.0293754568112616,-0.0172437141957404,0.00635));
#1505=CARTESIAN_POINT('',(-0.0256026194547939,-0.0184188039628868,0.00635));
#1506=CARTESIAN_POINT('',(-0.022758796776689,-0.0192046455782534,0.00635));
#1507=CARTESIAN_POINT('',(-0.0199236045949579,-0.0198922235304639,0.00635));
#1508=CARTESIAN_POINT('',(-0.0161671127694876,-0.0206923469964923,0.00635));
#1509=CARTESIAN_POINT('',(-0.0133767277794027,-0.0211796633501932,0.00635));
#1510=CARTESIAN_POINT('',(-0.0115305917839993,-0.0214700624247849,0.00635));
#1511=CARTESIAN_POINT('',(0.00129687816628808,-0.115620921335371,0.01778));
#1512=CARTESIAN_POINT('',(0.00129687816628808,-0.115620921335371,0.01778));
#1513=CARTESIAN_POINT('',(0.00129687816628808,-0.115620921335371,0.03028));
#1514=CARTESIAN_POINT('',(0.00129687816628808,-0.115620921335371,0.00528));
#1515=CARTESIAN_POINT('',(0.00129687816628808,-0.115620921335371,0.03028));
#1516=CARTESIAN_POINT('',(0.00129687816628809,-0.0706369068163028,0.03028));
#1517=CARTESIAN_POINT('',(-0.00259087614295031,-0.0710900106060277,0.0296600406746356));
#1518=CARTESIAN_POINT('',(-0.00133964362772421,-0.0708313863812129,0.0300695076736263));
#1519=CARTESIAN_POINT('',(-4.93764001099043E-5,-0.0706369068163028,0.03028));
#1520=CARTESIAN_POINT('',(0.00129687816628809,-0.0706369068163028,0.03028));
#1521=CARTESIAN_POINT('',(-0.00259087614296075,-0.0710900106060298,0.0296600406746322));
#1522=CARTESIAN_POINT('',(-0.00259087614296075,-0.0710900106060298,0.0296600406746322));
#1523=CARTESIAN_POINT('',(-0.00350166094667542,-0.0712782657951871,0.0293619855044171));
#1524=CARTESIAN_POINT('',(-0.00522070440352802,-0.0716424498495159,0.0285744791223409));
#1525=CARTESIAN_POINT('',(-0.00677376576794332,-0.0718209213353717,0.0273754536326729));
#1526=CARTESIAN_POINT('',(-0.00747135701939038,-0.071820921335371,0.0266888748856761));
#1527=CARTESIAN_POINT('',(-0.00747135701939038,-0.071820921335371,0.0266888748856761));
#1528=CARTESIAN_POINT('',(0.0012968781662881,-0.071820921335371,0.01778));
#1529=CARTESIAN_POINT('',(-0.00980782315154314,-0.071820921335371,0.0235189553615407));
#1530=CARTESIAN_POINT('',(-0.00980782315154314,-0.071820921335371,0.0120410446384593));
#1531=CARTESIAN_POINT('',(-0.0102691315975845,-0.071820921335371,0.0129336622292863));
#1532=CARTESIAN_POINT('',(-0.0109605745721327,-0.0716755624496523,0.0147870375757038));
#1533=CARTESIAN_POINT('',(-0.0113236128371872,-0.0715341459187741,0.0177800990370287));
#1534=CARTESIAN_POINT('',(-0.0109637040553075,-0.0716747732220208,0.0207601601342146));
#1535=CARTESIAN_POINT('',(-0.0102689999773187,-0.071820921335371,0.0226265924518617));
#1536=CARTESIAN_POINT('',(-0.00980782315154315,-0.071820921335371,0.0235189553615408));
#1537=CARTESIAN_POINT('',(-0.00980782315154314,-0.071820921335371,0.0120410446384593));
#1538=CARTESIAN_POINT('',(0.0012968781662881,-0.071820921335371,0.01778));
#1539=CARTESIAN_POINT('',(-0.00747135701939038,-0.071820921335371,0.00887112511432395));
#1540=CARTESIAN_POINT('',(-0.00259087614296075,-0.0710900106060298,0.00589995932536776));
#1541=CARTESIAN_POINT('',(-0.00350166094667541,-0.0712782657951871,0.00619801449558288));
#1542=CARTESIAN_POINT('',(-0.00522070440352802,-0.0716424498495159,0.00698552087765909));
#1543=CARTESIAN_POINT('',(-0.00677376576794332,-0.0718209213353717,0.00818454636732706));
#1544=CARTESIAN_POINT('',(-0.00747135701939038,-0.071820921335371,0.00887112511432395));
#1545=CARTESIAN_POINT('',(-0.00259087614296075,-0.0710900106060298,0.00589995932536776));
#1546=CARTESIAN_POINT('',(-0.00259087614295031,-0.0710900106060277,0.00589995932536434));
#1547=CARTESIAN_POINT('',(-0.00133964362772421,-0.0708313863812129,0.00549049232637373));
#1548=CARTESIAN_POINT('',(-4.93764001099013E-5,-0.0706369068163028,0.00528));
#1549=CARTESIAN_POINT('',(0.00129687816628809,-0.0706369068163028,0.00528));
#1550=CARTESIAN_POINT('',(0.00129687816628809,-0.0706369068163028,0.00528));
#1551=CARTESIAN_POINT('',(0.00129687816628808,-0.115620921335371,0.00528));
#1552=CARTESIAN_POINT('',(0.00129687816628808,0.0600772153634679,0.02921));
#1553=CARTESIAN_POINT('',(0.00129687816628809,-0.022472784636532,0.02921));
#1554=CARTESIAN_POINT('',(0.00129687816628809,-0.022472784636532,0.02921));
#1555=CARTESIAN_POINT('',(0.00129687816628808,0.0600772153634679,0.02921));
#1556=CARTESIAN_POINT('',(-0.0115305917839993,-0.0214700624247849,0.02921));
#1557=CARTESIAN_POINT('',(-0.0115305917839993,-0.0214700624247849,0.02921));
#1558=CARTESIAN_POINT('',(0.00129687816622378,-0.0585844029839544,0.02921));
#1559=CARTESIAN_POINT('',(-0.0151523867203562,-0.0585844029839343,0.02921));
#1560=CARTESIAN_POINT('',(-0.0151523867203562,-0.0585844029839343,0.02921));
#1561=CARTESIAN_POINT('',(0.00129687816622378,-0.0585844029839544,0.02921));
#1562=CARTESIAN_POINT('',(0.00129687816628809,-0.0585844029839544,0.02921));
#1563=CARTESIAN_POINT('',(0.00129687816628809,-0.0585844029839544,0.02921));
#1564=CARTESIAN_POINT('',(0.00129687816628809,-0.115620921335371,0.01778));
#1565=CARTESIAN_POINT('',(0.00129687816628808,-0.115620921335371,0.04318));
#1566=CARTESIAN_POINT('',(0.00129687816628808,0.060077215363468,0.01778));
#1567=CARTESIAN_POINT('',(-0.0105438633262848,-0.0151971949026116,0.00635));
#1568=CARTESIAN_POINT('',(-0.0105438633262849,-0.0151971949026116,0.00635));
#1569=CARTESIAN_POINT('',(-0.0105438633262849,-0.0151971949026116,0.02921));
#1570=CARTESIAN_POINT('',(0.00129687816628821,0.060077215363468,0.02921));
#1571=CARTESIAN_POINT('',(0.00129687816628809,-0.016122784636532,0.02921));
#1572=CARTESIAN_POINT('',(0.00129687816628809,-0.016122784636532,0.04318));
#1573=CARTESIAN_POINT('',(0.00129687816628809,-0.016122784636532,0.00635));
#1574=CARTESIAN_POINT('',(0.00129687816628821,0.060077215363468,0.00635));
#1575=CARTESIAN_POINT('',(-0.109268049189148,0.049657156013816,0.01778));
#1576=CARTESIAN_POINT('',(-0.116692083624504,0.0399145526539231,0.02921));
#1577=CARTESIAN_POINT('',(-0.116643433496866,0.0390627737076969,0.0285156321920822));
#1578=CARTESIAN_POINT('',(-0.116553067849386,0.0375454861587564,0.0269726102212523));
#1579=CARTESIAN_POINT('',(-0.116440502172566,0.0357957092996202,0.0241597560146485));
#1580=CARTESIAN_POINT('',(-0.116366736669488,0.0347227788757839,0.0210813590096064));
#1581=CARTESIAN_POINT('',(-0.116340073454462,0.0343491544038074,0.0177684529047362));
#1582=CARTESIAN_POINT('',(-0.116366128129858,0.0347142055368031,0.0145238242048674));
#1583=CARTESIAN_POINT('',(-0.116465204818489,0.0361539273999606,0.0103604602878707));
#1584=CARTESIAN_POINT('',(-0.116594782900679,0.0382109865579802,0.00773874230329804));
#1585=CARTESIAN_POINT('',(-0.116692083624504,0.0399145526539231,0.00635));
#1586=CARTESIAN_POINT('',(-0.116692083624504,0.0399145526539231,0.02921));
#1587=CARTESIAN_POINT('',(-0.116692083624504,0.0399145526539231,0.00635));
#1588=CARTESIAN_POINT('',(-0.117592006897173,0.0586454642358453,0.02921));
#1589=CARTESIAN_POINT('',(-0.117532544763657,0.0572700217346861,0.0303347231062816));
#1590=CARTESIAN_POINT('',(-0.116996304967483,0.0551196518325855,0.0317889681541781));
#1591=CARTESIAN_POINT('',(-0.116014983086993,0.0519622085551084,0.0330686813317268));
#1592=CARTESIAN_POINT('',(-0.115588016239116,0.0498007482097344,0.0334314900564905));
#1593=CARTESIAN_POINT('',(-0.115628426713575,0.0480151277963261,0.0332904200035269));
#1594=CARTESIAN_POINT('',(-0.115850951923167,0.046314002117178,0.0329134550389595));
#1595=CARTESIAN_POINT('',(-0.11627568333082,0.0442801341687526,0.032108901304204));
#1596=CARTESIAN_POINT('',(-0.116660624431386,0.0420327153660432,0.0308252836781293));
#1597=CARTESIAN_POINT('',(-0.11673135755395,0.0406021707108908,0.0297705443114282));
#1598=CARTESIAN_POINT('',(-0.116692083624504,0.0399145526539231,0.02921));
#1599=CARTESIAN_POINT('',(-0.117592006897173,0.0586454642358453,0.02921));
#1600=CARTESIAN_POINT('',(-0.117592015878232,0.0586454608392759,0.0292099963207165));
#1601=CARTESIAN_POINT('',(-0.117630619167932,0.059538956662202,0.0284793860956787));
#1602=CARTESIAN_POINT('',(-0.117698537252603,0.0611199009878627,0.0268450971288896));
#1603=CARTESIAN_POINT('',(-0.11774927523864,0.062310485839877,0.0248532487146619));
#1604=CARTESIAN_POINT('',(-0.117769289308951,0.0627811385552515,0.0237988673469001));
#1605=CARTESIAN_POINT('',(-0.117769352183327,0.0627811134321905,0.0237988573259865));
#1606=CARTESIAN_POINT('',(-0.117769415318269,0.0627810944305404,0.0117612086223645));
#1607=CARTESIAN_POINT('',(-0.117787503877392,0.0632057319414951,0.0127125561796977));
#1608=CARTESIAN_POINT('',(-0.117814564407926,0.0638411273675509,0.0146640975948941));
#1609=CARTESIAN_POINT('',(-0.117833386245067,0.0642831684415487,0.0188164819575679));
#1610=CARTESIAN_POINT('',(-0.117805591784189,0.0636303541337167,0.0218961491281883));
#1611=CARTESIAN_POINT('',(-0.117769414388385,0.0627810726011342,0.0237988402834711));
#1612=CARTESIAN_POINT('',(-0.117769351738707,0.0627811029782263,0.0117611403607544));
#1613=CARTESIAN_POINT('',(-0.117592015878233,0.0586454608392757,0.00635000367928367));
#1614=CARTESIAN_POINT('',(-0.117630619132386,0.0595389558394603,0.00708061323156693));
#1615=CARTESIAN_POINT('',(-0.117698537162196,0.061119898878917,0.00871490052249528));
#1616=CARTESIAN_POINT('',(-0.11774927512744,0.0623104832296284,0.010706746661613));
#1617=CARTESIAN_POINT('',(-0.117769289198375,0.0627811359549549,0.0117611268277792));
#1618=CARTESIAN_POINT('',(-0.117592006897173,0.0586454642358453,0.00635));
#1619=CARTESIAN_POINT('',(-0.117592006897173,0.0586454642358453,0.00635));
#1620=CARTESIAN_POINT('',(-0.117532544763657,0.0572700217346861,0.00522527689371837));
#1621=CARTESIAN_POINT('',(-0.116996304967483,0.0551196518325855,0.00377103184582192));
#1622=CARTESIAN_POINT('',(-0.116014983086993,0.0519622085551084,0.00249131866827318));
#1623=CARTESIAN_POINT('',(-0.115588016239116,0.0498007482097344,0.0021285099435095));
#1624=CARTESIAN_POINT('',(-0.115628426713574,0.0480151277963261,0.00226957999647306));
#1625=CARTESIAN_POINT('',(-0.115850951923167,0.046314002117178,0.00264654496104046));
#1626=CARTESIAN_POINT('',(-0.11627568333082,0.0442801341687526,0.00345109869579601));
#1627=CARTESIAN_POINT('',(-0.116660624431386,0.0420327153660432,0.00473471632187074));
#1628=CARTESIAN_POINT('',(-0.11673135755395,0.0406021707108908,0.00578945568857183));
#1629=CARTESIAN_POINT('',(-0.116692083624504,0.0399145526539231,0.00635));
#1630=CARTESIAN_POINT('',(-0.145204346687515,0.0483526114920694,0.01778));
#1631=CARTESIAN_POINT('',(-0.0489876750215888,0.0489085771962037,0.01778));
#1632=CARTESIAN_POINT('',(-0.0837272986778637,0.0566870006081767,0.00635));
#1633=CARTESIAN_POINT('',(-0.0838059933259581,0.0574523692313586,0.00709476442689469));
#1634=CARTESIAN_POINT('',(-0.0839260259580265,0.0587991124193779,0.00870900056797461));
#1635=CARTESIAN_POINT('',(-0.0840712318636907,0.0608302617230367,0.0124735519926831));
#1636=CARTESIAN_POINT('',(-0.0841033994430845,0.061462740954916,0.015639758725718));
#1637=CARTESIAN_POINT('',(-0.0841033994430829,0.0614627409548886,0.0177800000002079));
#1638=CARTESIAN_POINT('',(-0.0837272986778637,0.0566870006081767,0.00635));
#1639=CARTESIAN_POINT('',(-0.0841033994430829,0.0614627409548886,0.01778));
#1640=CARTESIAN_POINT('',(-0.0837272986778637,0.0566870006081767,0.02921));
#1641=CARTESIAN_POINT('',(-0.0838059933259581,0.0574523692313586,0.0284652355731053));
#1642=CARTESIAN_POINT('',(-0.0839260259580265,0.0587991124193779,0.0268509994320254));
#1643=CARTESIAN_POINT('',(-0.0840712318636907,0.0608302617230367,0.0230864480073169));
#1644=CARTESIAN_POINT('',(-0.0841033994430845,0.061462740954916,0.019920241274282));
#1645=CARTESIAN_POINT('',(-0.0841033994430829,0.0614627409548886,0.0177799999997921));
#1646=CARTESIAN_POINT('',(-0.0837272986778637,0.0566870006081767,0.02921));
#1647=CARTESIAN_POINT('',(-0.0857584010095546,0.0487168094610588,0.0347004487171087));
#1648=CARTESIAN_POINT('',(-0.0854654949314552,0.0489563302689636,0.0345074275599016));
#1649=CARTESIAN_POINT('',(-0.0850936100035088,0.0496515467383153,0.0341519981242057));
#1650=CARTESIAN_POINT('',(-0.0846738266832624,0.0506983809107312,0.0336023787384836));
#1651=CARTESIAN_POINT('',(-0.0843407032948127,0.0517545693288046,0.0330085371273204));
#1652=CARTESIAN_POINT('',(-0.0839790319806339,0.0531438692634653,0.0321424276765926));
#1653=CARTESIAN_POINT('',(-0.0836859759199785,0.0548347897548005,0.0309101701804807));
#1654=CARTESIAN_POINT('',(-0.0836651609977818,0.0560826617896723,0.0297980696440658));
#1655=CARTESIAN_POINT('',(-0.0837272986778637,0.0566870006081767,0.02921));
#1656=CARTESIAN_POINT('',(-0.0857584010095545,0.0487168094610586,0.0347004487171087));
#1657=CARTESIAN_POINT('',(-0.0857584010095546,0.0487168094610587,0.0347004487171087));
#1658=CARTESIAN_POINT('',(-0.0852140894078879,0.0471998754806688,0.0348218681243693));
#1659=CARTESIAN_POINT('',(-0.0849346345569476,0.0455991359508206,0.0348631556284945));
#1660=CARTESIAN_POINT('',(-0.084947850304842,0.0439834716484439,0.0348093199598651));
#1661=CARTESIAN_POINT('',(-0.084947850304842,0.0439834716484439,0.0348093199598651));
#1662=CARTESIAN_POINT('',(-0.0793344877804248,0.0365155298525927,0.02921));
#1663=CARTESIAN_POINT('',(-0.0795505558882693,0.0371602625614197,0.0298478439398498));
#1664=CARTESIAN_POINT('',(-0.0801590011288008,0.0384396203916856,0.0310199054526867));
#1665=CARTESIAN_POINT('',(-0.0812260093994478,0.0400797398829095,0.0322695013052576));
#1666=CARTESIAN_POINT('',(-0.0822059645105181,0.0413879980911714,0.0331328411537174));
#1667=CARTESIAN_POINT('',(-0.0829999152606334,0.0423553479745653,0.0337183674496313));
#1668=CARTESIAN_POINT('',(-0.0837186425900928,0.0431383459725108,0.0341647278619248));
#1669=CARTESIAN_POINT('',(-0.0843676632528684,0.043704163117711,0.0345196442358505));
#1670=CARTESIAN_POINT('',(-0.0847439415396561,0.0439307359527404,0.0347097532139667));
#1671=CARTESIAN_POINT('',(-0.084947850304842,0.0439834716484438,0.0348093199598651));
#1672=CARTESIAN_POINT('',(-0.0793344877804248,0.0365155298525927,0.02921));
#1673=CARTESIAN_POINT('',(-0.0776149579435973,0.0318538084022441,0.01778));
#1674=CARTESIAN_POINT('',(-0.0776149579435973,0.0318538084022441,0.0188564895291162));
#1675=CARTESIAN_POINT('',(-0.0776976341043066,0.0320561073322807,0.020968633120308));
#1676=CARTESIAN_POINT('',(-0.0780616252482469,0.0329716633460913,0.0240580481022403));
#1677=CARTESIAN_POINT('',(-0.0786143649771201,0.034433800333377,0.026836008411535));
#1678=CARTESIAN_POINT('',(-0.0790850402784437,0.0357711952755613,0.0284736184070079));
#1679=CARTESIAN_POINT('',(-0.0793344877804248,0.0365155298525927,0.02921));
#1680=CARTESIAN_POINT('',(-0.0776149579435976,0.0318538084022446,0.01778));
#1681=CARTESIAN_POINT('',(-0.0776149579435973,0.0318538084022441,0.01778));
#1682=CARTESIAN_POINT('',(-0.0776149579435973,0.0318538084022441,0.0167035104708838));
#1683=CARTESIAN_POINT('',(-0.0776976341043066,0.0320561073322807,0.014591366879692));
#1684=CARTESIAN_POINT('',(-0.0780616252482469,0.0329716633460913,0.0115019518977597));
#1685=CARTESIAN_POINT('',(-0.0786143649771201,0.0344338003333771,0.00872399158846496));
#1686=CARTESIAN_POINT('',(-0.0790850402784437,0.0357711952755613,0.00708638159299212));
#1687=CARTESIAN_POINT('',(-0.0793344877804248,0.0365155298525927,0.00635));
#1688=CARTESIAN_POINT('',(-0.0793344877804248,0.0365155298525927,0.00635));
#1689=CARTESIAN_POINT('',(-0.0793344877804248,0.0365155298525927,0.00635));
#1690=CARTESIAN_POINT('',(-0.0795505558882693,0.0371602625614197,0.00571215606015018));
#1691=CARTESIAN_POINT('',(-0.0801590011288008,0.0384396203916856,0.00454009454731326));
#1692=CARTESIAN_POINT('',(-0.0812260093994478,0.0400797398829094,0.00329049869474243));
#1693=CARTESIAN_POINT('',(-0.0822059645105181,0.0413879980911714,0.00242715884628264));
#1694=CARTESIAN_POINT('',(-0.0829999152606334,0.0423553479745653,0.00184163255036869));
#1695=CARTESIAN_POINT('',(-0.0837186425900928,0.0431383459725108,0.00139527213807518));
#1696=CARTESIAN_POINT('',(-0.0843676632528684,0.043704163117711,0.00104035576414954));
#1697=CARTESIAN_POINT('',(-0.0847439415396561,0.0439307359527404,0.000850246786033291));
#1698=CARTESIAN_POINT('',(-0.084947850304842,0.0439834716484438,0.000750680040134929));
#1699=CARTESIAN_POINT('',(-0.084947850304842,0.0439834716484439,0.000750680040134941));
#1700=CARTESIAN_POINT('',(-0.0857584010095546,0.0487168094610587,0.000859551282891301));
#1701=CARTESIAN_POINT('',(-0.0852140894078879,0.0471998754806688,0.000738131875630714));
#1702=CARTESIAN_POINT('',(-0.0849346345569477,0.0455991359508206,0.000696844371505444));
#1703=CARTESIAN_POINT('',(-0.084947850304842,0.0439834716484439,0.000750680040134934));
#1704=CARTESIAN_POINT('',(-0.0857584010095545,0.0487168094610586,0.000859551282891308));
#1705=CARTESIAN_POINT('',(-0.0857584010095546,0.0487168094610588,0.000859551282891304));
#1706=CARTESIAN_POINT('',(-0.0854654949314552,0.0489563302689636,0.00105257244009836));
#1707=CARTESIAN_POINT('',(-0.0850936100035088,0.0496515467383153,0.00140800187579426));
#1708=CARTESIAN_POINT('',(-0.0846738266832623,0.0506983809107311,0.00195762126151642));
#1709=CARTESIAN_POINT('',(-0.0843407032948128,0.0517545693288046,0.00255146287267957));
#1710=CARTESIAN_POINT('',(-0.0839790319806339,0.0531438692634653,0.00341757232340742));
#1711=CARTESIAN_POINT('',(-0.0836859759199785,0.0548347897548005,0.00464982981951926));
#1712=CARTESIAN_POINT('',(-0.0836651609977818,0.0560826617896723,0.00576193035593425));
#1713=CARTESIAN_POINT('',(-0.0837272986778637,0.0566870006081767,0.00635));
#1714=CARTESIAN_POINT('',(-0.0489876750215888,0.0489085771962037,0.01778));
#1715=CARTESIAN_POINT('',(-0.115999660046297,0.0301653099990383,0.02921));
#1716=CARTESIAN_POINT('',(-0.115999660046297,0.0301653099990383,0.00635));
#1717=CARTESIAN_POINT('',(-0.116125420923695,0.0314997923262259,0.02921));
#1718=CARTESIAN_POINT('',(-0.116125420923695,0.0314997923262259,0.00635));
#1719=CARTESIAN_POINT('',(-0.116359655846374,0.0344194589755045,0.02921));
#1720=CARTESIAN_POINT('',(-0.116359655846374,0.0344194589755045,0.00635));
#1721=CARTESIAN_POINT('',(-0.116585254087671,0.038040206810848,0.02921));
#1722=CARTESIAN_POINT('',(-0.116585254087671,0.038040206810848,0.00635));
#1723=CARTESIAN_POINT('',(-0.11669604926452,0.0399840560445999,0.02921));
#1724=CARTESIAN_POINT('',(-0.11669604926452,0.0399840560445999,0.00635));
#1725=CARTESIAN_POINT('',(-0.115999660046297,0.0301653099990383,0.03556));
#1726=CARTESIAN_POINT('',(-0.115999660046297,0.0301653099990383,0.02921));
#1727=CARTESIAN_POINT('',(-0.115999660046297,0.0301653099990383,0.00635));
#1728=CARTESIAN_POINT('',(-0.115999660046297,0.0301653099990383,0.02921));
#1729=CARTESIAN_POINT('',(-0.116305419116254,0.0334098013199995,0.02921));
#1730=CARTESIAN_POINT('',(-0.116506291036379,0.0366616482400157,0.02921));
#1731=CARTESIAN_POINT('',(-0.116692083624504,0.0399145526539231,0.02921));
#1732=CARTESIAN_POINT('',(-0.115999660046297,0.0301653099990383,0.00635));
#1733=CARTESIAN_POINT('',(-0.116305419116254,0.0334098013199995,0.00635));
#1734=CARTESIAN_POINT('',(-0.116506291036379,0.0366616482400157,0.00635));
#1735=CARTESIAN_POINT('',(-0.116692083624504,0.0399145526539231,0.00635));
#1736=CARTESIAN_POINT('',(85.1462143505388,3.69482624266558,0.024638));
#1737=CARTESIAN_POINT('',(-0.117769391205382,0.062781107145417,0.));
#1738=CARTESIAN_POINT('',(-0.117769352830712,0.0627811286060708,0.02921));
#1739=CARTESIAN_POINT('',(-0.117769391205382,0.062781107145417,0.02921));
#1740=CARTESIAN_POINT('',(-0.117851826816608,0.0647140685807275,0.02921));
#1741=CARTESIAN_POINT('',(-0.117933854139693,0.0666470476535949,0.02921));
#1742=CARTESIAN_POINT('',(-0.118016500148104,0.06858,0.02921));
#1743=CARTESIAN_POINT('',(-0.118016500148103,0.06858,0.02921));
#1744=CARTESIAN_POINT('',(-0.118016237502687,0.06858,0.02921));
#1745=CARTESIAN_POINT('',(-0.118016500148103,0.06858,0.00635));
#1746=CARTESIAN_POINT('',(-0.117769391205382,0.062781107145417,0.00635));
#1747=CARTESIAN_POINT('',(-0.117851826816608,0.0647140685807275,0.00635));
#1748=CARTESIAN_POINT('',(-0.117933854139693,0.0666470476535949,0.00635000000000001));
#1749=CARTESIAN_POINT('',(-0.118016500148104,0.06858,0.00635000000000001));
#1750=CARTESIAN_POINT('',(-0.117769352830712,0.062781128606068,0.00635));
#1751=CARTESIAN_POINT('',(-0.117769391205382,0.062781107145417,0.03556));
#1752=CARTESIAN_POINT('',(-0.0841033994430829,0.0614627409548886,0.02921));
#1753=CARTESIAN_POINT('',(-0.0841033994430829,0.0614627409548886,0.00635));
#1754=CARTESIAN_POINT('',(-0.084241132664682,0.0638806332113505,0.02921));
#1755=CARTESIAN_POINT('',(-0.084241132664682,0.0638806332113505,0.00635));
#1756=CARTESIAN_POINT('',(-0.0843046048440046,0.0662302284774801,0.02921));
#1757=CARTESIAN_POINT('',(-0.0843046048440046,0.0662302284774801,0.00635));
#1758=CARTESIAN_POINT('',(-0.0843592997076741,0.06858,0.02921));
#1759=CARTESIAN_POINT('',(-0.0843592997076741,0.06858,0.00635));
#1760=CARTESIAN_POINT('',(-0.0843592997076741,0.06858,0.01778));
#1761=CARTESIAN_POINT('',(-0.0843592997076741,0.06858,0.02921));
#1762=CARTESIAN_POINT('',(-0.0843592997076741,0.06858,0.00635));
#1763=CARTESIAN_POINT('',(-0.0843592997076741,0.06858,0.02921));
#1764=CARTESIAN_POINT('',(-0.0843040554024476,0.0662066236627455,0.02921));
#1765=CARTESIAN_POINT('',(-0.0842384521492368,0.0638335770439049,0.02921));
#1766=CARTESIAN_POINT('',(-0.0841033994430829,0.0614627409548886,0.02921));
#1767=CARTESIAN_POINT('',(-0.0841033994430829,0.0614627409548886,0.02921));
#1768=CARTESIAN_POINT('',(-0.0841033994430829,0.0614627409548886,0.));
#1769=CARTESIAN_POINT('',(-0.0841033994430829,0.0614627409548886,0.03556));
#1770=CARTESIAN_POINT('',(-0.0841033994430829,0.0614627409548886,0.00635));
#1771=CARTESIAN_POINT('',(-0.0843592997076741,0.06858,0.00635));
#1772=CARTESIAN_POINT('',(-0.0843040554024476,0.0662066236627455,0.00635));
#1773=CARTESIAN_POINT('',(-0.0842384521492368,0.0638335770439049,0.00635));
#1774=CARTESIAN_POINT('',(-0.0841033994430829,0.0614627409548886,0.00635));
#1775=CARTESIAN_POINT('',(-0.0105438633262848,-0.0151971949026115,0.02921));
#1776=CARTESIAN_POINT('',(-0.0105438633262848,-0.0151971949026115,0.00635));
#1777=CARTESIAN_POINT('',(-0.014093276518663,-0.0146388685880948,0.02921));
#1778=CARTESIAN_POINT('',(-0.014093276518663,-0.0146388685880948,0.00635));
#1779=CARTESIAN_POINT('',(-0.0211781697384807,-0.0132785147744893,0.02921));
#1780=CARTESIAN_POINT('',(-0.0211781697384807,-0.0132785147744893,0.00634999999999998));
#1781=CARTESIAN_POINT('',(-0.0317313323317564,-0.00981709714937795,0.02921));
#1782=CARTESIAN_POINT('',(-0.0317313323317564,-0.00981709714937795,0.00635000000000002));
#1783=CARTESIAN_POINT('',(-0.0417070317503878,-0.00495935515779188,0.02921));
#1784=CARTESIAN_POINT('',(-0.0417070317503878,-0.00495935515779188,0.00635));
#1785=CARTESIAN_POINT('',(-0.0490244963419312,0.000320280197822253,0.02921));
#1786=CARTESIAN_POINT('',(-0.0490244963419312,0.000320280197822253,0.00635));
#1787=CARTESIAN_POINT('',(-0.0544003509515031,0.00482156153247609,0.02921));
#1788=CARTESIAN_POINT('',(-0.0544003509515031,0.00482156153247609,0.00635));
#1789=CARTESIAN_POINT('',(-0.0582556919249214,0.00819056221243701,0.02921));
#1790=CARTESIAN_POINT('',(-0.0582556919249214,0.00819056221243701,0.00635));
#1791=CARTESIAN_POINT('',(-0.0619925993480345,0.0113736205557797,0.02921));
#1792=CARTESIAN_POINT('',(-0.0619925993480345,0.0113736205557797,0.00634999999999999));
#1793=CARTESIAN_POINT('',(-0.0668221408483509,0.0154505001799133,0.02921));
#1794=CARTESIAN_POINT('',(-0.0668221408483509,0.0154505001799133,0.00635000000000001));
#1795=CARTESIAN_POINT('',(-0.0712825814543262,0.0199577774417125,0.02921));
#1796=CARTESIAN_POINT('',(-0.0712825814543262,0.0199577774417125,0.00634999999999998));
#1797=CARTESIAN_POINT('',(-0.0751365460826087,0.0262174865954271,0.02921));
#1798=CARTESIAN_POINT('',(-0.0751365460826087,0.0262174865954271,0.00635000000000001));
#1799=CARTESIAN_POINT('',(-0.0768308360092068,0.0299212469840282,0.02921));
#1800=CARTESIAN_POINT('',(-0.0768308360092068,0.0299212469840282,0.00635));
#1801=CARTESIAN_POINT('',(-0.0776149579435973,0.0318538084022441,0.02921));
#1802=CARTESIAN_POINT('',(-0.0776149579435973,0.0318538084022441,0.00635));
#1803=CARTESIAN_POINT('',(-0.0776149579435976,0.0318538084022447,0.03556));
#1804=CARTESIAN_POINT('',(-0.0776149579435976,0.0318538084022447,0.00635));
#1805=CARTESIAN_POINT('',(-0.0776149579435976,0.0318538084022447,0.));
#1806=CARTESIAN_POINT('',(-0.0776149579435976,0.0318538084022447,0.02921));
#1807=CARTESIAN_POINT('',(-0.0776149579435973,0.0318538084022441,0.02921));
#1808=CARTESIAN_POINT('',(-0.0769482903584892,0.0302107271450458,0.02921));
#1809=CARTESIAN_POINT('',(-0.0755030939999591,0.0269900939461892,0.02921));
#1810=CARTESIAN_POINT('',(-0.0728900298404268,0.0224378848653489,0.02921));
#1811=CARTESIAN_POINT('',(-0.0695909774421025,0.0182608728125654,0.02921));
#1812=CARTESIAN_POINT('',(-0.0657635525690233,0.0145417303885521,0.02921));
#1813=CARTESIAN_POINT('',(-0.0617249286499899,0.011155758783636,0.02921));
#1814=CARTESIAN_POINT('',(-0.0577147172387634,0.00771683931241481,0.02921));
#1815=CARTESIAN_POINT('',(-0.0537320354601148,0.00424703808908494,0.02921));
#1816=CARTESIAN_POINT('',(-0.048309010244536,-0.000237024522459438,0.02921));
#1817=CARTESIAN_POINT('',(-0.0411119160316004,-0.00528748014801787,0.02921));
#1818=CARTESIAN_POINT('',(-0.0313497771950421,-0.00995509862995476,0.02921));
#1819=CARTESIAN_POINT('',(-0.0210766377840977,-0.0132945316065481,0.02921));
#1820=CARTESIAN_POINT('',(-0.014070213999399,-0.0146424963458921,0.02921));
#1821=CARTESIAN_POINT('',(-0.0105438633262849,-0.0151971949026115,0.02921));
#1822=CARTESIAN_POINT('',(-0.0776149579435973,0.0318538084022441,0.00635));
#1823=CARTESIAN_POINT('',(-0.0769482903584892,0.0302107271450458,0.00635));
#1824=CARTESIAN_POINT('',(-0.0755030939999591,0.0269900939461892,0.00635000000000002));
#1825=CARTESIAN_POINT('',(-0.0728900298404268,0.0224378848653489,0.00635000000000001));
#1826=CARTESIAN_POINT('',(-0.0695909774421025,0.0182608728125654,0.00635000000000002));
#1827=CARTESIAN_POINT('',(-0.0657635525690233,0.0145417303885521,0.00635));
#1828=CARTESIAN_POINT('',(-0.0617249286499899,0.011155758783636,0.00635));
#1829=CARTESIAN_POINT('',(-0.0577147172387634,0.00771683931241481,0.00635));
#1830=CARTESIAN_POINT('',(-0.0537320354601148,0.00424703808908494,0.00635000000000002));
#1831=CARTESIAN_POINT('',(-0.048309010244536,-0.000237024522459438,0.00634999999999997));
#1832=CARTESIAN_POINT('',(-0.0411119160316004,-0.00528748014801787,0.00634999999999999));
#1833=CARTESIAN_POINT('',(-0.0313497771950421,-0.00995509862995476,0.00635));
#1834=CARTESIAN_POINT('',(-0.0210766377840977,-0.0132945316065481,0.00635));
#1835=CARTESIAN_POINT('',(-0.014070213999399,-0.0146424963458921,0.00635));
#1836=CARTESIAN_POINT('',(-0.0105438633262849,-0.0151971949026115,0.00635));
#1837=CARTESIAN_POINT('',(-0.0169191690976696,-0.064685020343438,0.02921));
#1838=CARTESIAN_POINT('',(-0.0169191690976696,-0.064685020343438,0.00635));
#1839=CARTESIAN_POINT('',(-0.0209313070925841,-0.0634344738749497,0.02921));
#1840=CARTESIAN_POINT('',(-0.0209313070925841,-0.0634344738749497,0.00635));
#1841=CARTESIAN_POINT('',(-0.0289495760156835,-0.0609309270040279,0.02921));
#1842=CARTESIAN_POINT('',(-0.0289495760156835,-0.0609309270040279,0.00634999999999999));
#1843=CARTESIAN_POINT('',(-0.040470523025162,-0.0569687642787509,0.02921));
#1844=CARTESIAN_POINT('',(-0.040470523025162,-0.0569687642787509,0.00634999999999999));
#1845=CARTESIAN_POINT('',(-0.0492392819062674,-0.0533271367381136,0.02921));
#1846=CARTESIAN_POINT('',(-0.0492392819062674,-0.0533271367381136,0.00635));
#1847=CARTESIAN_POINT('',(-0.0555152842500832,-0.0501120333447503,0.02921));
#1848=CARTESIAN_POINT('',(-0.0555152842500832,-0.0501120333447503,0.00634999999999999));
#1849=CARTESIAN_POINT('',(-0.0612005207812775,-0.0466555737958283,0.02921));
#1850=CARTESIAN_POINT('',(-0.0612005207812775,-0.0466555737958283,0.00634999999999999));
#1851=CARTESIAN_POINT('',(-0.0673262122806141,-0.0419362671665628,0.02921));
#1852=CARTESIAN_POINT('',(-0.0673262122806141,-0.0419362671665628,0.00635));
#1853=CARTESIAN_POINT('',(-0.0737035416572301,-0.0358896799367814,0.02921));
#1854=CARTESIAN_POINT('',(-0.0737035416572301,-0.0358896799367814,0.00635));
#1855=CARTESIAN_POINT('',(-0.0797488589372841,-0.0297248229337065,0.02921));
#1856=CARTESIAN_POINT('',(-0.0797488589372841,-0.0297248229337065,0.00634999999999999));
#1857=CARTESIAN_POINT('',(-0.0857757591955073,-0.0236102963844223,0.02921));
#1858=CARTESIAN_POINT('',(-0.0857757591955073,-0.0236102963844223,0.00634999999999999));
#1859=CARTESIAN_POINT('',(-0.0918080428216318,-0.0176160182671899,0.02921));
#1860=CARTESIAN_POINT('',(-0.0918080428216318,-0.0176160182671899,0.00634999999999999));
#1861=CARTESIAN_POINT('',(-0.0979840565532143,-0.0118847588908999,0.02921));
#1862=CARTESIAN_POINT('',(-0.0979840565532143,-0.0118847588908999,0.00635));
#1863=CARTESIAN_POINT('',(-0.102788613347992,-0.00687632104011397,0.02921));
#1864=CARTESIAN_POINT('',(-0.102788613347992,-0.00687632104011397,0.00634999999999999));
#1865=CARTESIAN_POINT('',(-0.106117998223411,-0.00243104141699747,0.02921));
#1866=CARTESIAN_POINT('',(-0.106117998223411,-0.00243104141699747,0.00634999999999999));
#1867=CARTESIAN_POINT('',(-0.108272147461577,0.00121700592769093,0.02921));
#1868=CARTESIAN_POINT('',(-0.108272147461577,0.00121700592769093,0.00634999999999999));
#1869=CARTESIAN_POINT('',(-0.110071679530924,0.00512591175145812,0.02921));
#1870=CARTESIAN_POINT('',(-0.110071679530924,0.00512591175145812,0.00635));
#1871=CARTESIAN_POINT('',(-0.11156276816499,0.00912971299846182,0.02921));
#1872=CARTESIAN_POINT('',(-0.11156276816499,0.00912971299846182,0.00635));
#1873=CARTESIAN_POINT('',(-0.112778451593135,0.0130839700259078,0.02921));
#1874=CARTESIAN_POINT('',(-0.112778451593135,0.0130839700259078,0.00634999999999999));
#1875=CARTESIAN_POINT('',(-0.113755377059446,0.0168531776476159,0.02921));
#1876=CARTESIAN_POINT('',(-0.113755377059446,0.0168531776476159,0.00635));
#1877=CARTESIAN_POINT('',(-0.114528891253277,0.0202445694378985,0.02921));
#1878=CARTESIAN_POINT('',(-0.114528891253277,0.0202445694378985,0.00634999999999999));
#1879=CARTESIAN_POINT('',(-0.115338738239231,0.024374218785265,0.02921));
#1880=CARTESIAN_POINT('',(-0.115338738239231,0.024374218785265,0.00635));
#1881=CARTESIAN_POINT('',(-0.115755285171052,0.0275721827962796,0.02921));
#1882=CARTESIAN_POINT('',(-0.115755285171052,0.0275721827962796,0.00634999999999999));
#1883=CARTESIAN_POINT('',(-0.115999660046297,0.0301653099990383,0.02921));
#1884=CARTESIAN_POINT('',(-0.115999660046297,0.0301653099990383,0.00634999999999999));
#1885=CARTESIAN_POINT('',(-0.0169191691701534,-0.0646850203208455,0.02921));
#1886=CARTESIAN_POINT('',(-0.0169191691701536,-0.0646850203208454,0.02921));
#1887=CARTESIAN_POINT('',(-0.0169191691701536,-0.0646850203208454,0.00635));
#1888=CARTESIAN_POINT('',(-0.0169191691701536,-0.0646850203208454,0.02921));
#1889=CARTESIAN_POINT('',(-0.0227604672507173,-0.0628643414968755,0.02921));
#1890=CARTESIAN_POINT('',(-0.0315224331422613,-0.0601344725723961,0.02921));
#1891=CARTESIAN_POINT('',(-0.0429979671801562,-0.0559494126536931,0.02921));
#1892=CARTESIAN_POINT('',(-0.0500147957890751,-0.0529371249000746,0.02921));
#1893=CARTESIAN_POINT('',(-0.0554797195277365,-0.0501184609675599,0.02921));
#1894=CARTESIAN_POINT('',(-0.0607743236715682,-0.046931273233157,0.02921));
#1895=CARTESIAN_POINT('',(-0.0668197475903354,-0.0423777563889786,0.02921));
#1896=CARTESIAN_POINT('',(-0.0734193609255778,-0.0361836277823153,0.02921));
#1897=CARTESIAN_POINT('',(-0.0797590459756736,-0.0297139834561446,0.02921));
#1898=CARTESIAN_POINT('',(-0.0861158158201955,-0.0232616337669147,0.02921));
#1899=CARTESIAN_POINT('',(-0.0925550089798898,-0.0168975301542279,0.02921));
#1900=CARTESIAN_POINT('',(-0.098086214071941,-0.0117768715913717,0.02921));
#1901=CARTESIAN_POINT('',(-0.102248423299348,-0.00738686254474489,0.02921));
#1902=CARTESIAN_POINT('',(-0.105125783393037,-0.00385539394211921,0.02921));
#1903=CARTESIAN_POINT('',(-0.107568000153659,-0.000104952203918431,0.02921));
#1904=CARTESIAN_POINT('',(-0.110216185008593,0.00523507341800869,0.02921));
#1905=CARTESIAN_POINT('',(-0.112212947801967,0.0109611130890608,0.02921));
#1906=CARTESIAN_POINT('',(-0.113746573385586,0.0167845867597586,0.02921));
#1907=CARTESIAN_POINT('',(-0.114746979921232,0.0211891075671565,0.02921));
#1908=CARTESIAN_POINT('',(-0.115524246221212,0.0256512076706208,0.02921));
#1909=CARTESIAN_POINT('',(-0.115857773234651,0.0286597110677932,0.02921));
#1910=CARTESIAN_POINT('',(-0.115999660046297,0.0301653099990383,0.02921));
#1911=CARTESIAN_POINT('',(-0.0169191691701536,-0.0646850203208454,0.00635));
#1912=CARTESIAN_POINT('',(-0.0227604672507173,-0.0628643414968755,0.00635));
#1913=CARTESIAN_POINT('',(-0.0315224331422613,-0.0601344725723961,0.00634999999999999));
#1914=CARTESIAN_POINT('',(-0.0429979671801562,-0.0559494126536931,0.00635));
#1915=CARTESIAN_POINT('',(-0.0500147957890751,-0.0529371249000746,0.00635000000000001));
#1916=CARTESIAN_POINT('',(-0.0554797195277365,-0.0501184609675599,0.00634999999999998));
#1917=CARTESIAN_POINT('',(-0.0607743236715682,-0.046931273233157,0.00635000000000001));
#1918=CARTESIAN_POINT('',(-0.0668197475903354,-0.0423777563889786,0.00635000000000001));
#1919=CARTESIAN_POINT('',(-0.0734193609255778,-0.0361836277823153,0.00635));
#1920=CARTESIAN_POINT('',(-0.0797590459756736,-0.0297139834561446,0.00635));
#1921=CARTESIAN_POINT('',(-0.0861158158201955,-0.0232616337669147,0.00635000000000002));
#1922=CARTESIAN_POINT('',(-0.0925550089798898,-0.0168975301542279,0.00634999999999999));
#1923=CARTESIAN_POINT('',(-0.098086214071941,-0.0117768715913717,0.00635000000000001));
#1924=CARTESIAN_POINT('',(-0.102248423299348,-0.00738686254474489,0.00634999999999998));
#1925=CARTESIAN_POINT('',(-0.105125783393037,-0.00385539394211921,0.00635));
#1926=CARTESIAN_POINT('',(-0.107568000153659,-0.000104952203918431,0.00634999999999997));
#1927=CARTESIAN_POINT('',(-0.110216185008593,0.00523507341800869,0.00634999999999998));
#1928=CARTESIAN_POINT('',(-0.112212947801967,0.0109611130890608,0.00634999999999998));
#1929=CARTESIAN_POINT('',(-0.113746573385586,0.0167845867597586,0.00635000000000001));
#1930=CARTESIAN_POINT('',(-0.114746979921232,0.0211891075671565,0.00635));
#1931=CARTESIAN_POINT('',(-0.115524246221212,0.0256512076706208,0.00635));
#1932=CARTESIAN_POINT('',(-0.115857773234651,0.0286597110677932,0.00635));
#1933=CARTESIAN_POINT('',(-0.115999660046297,0.0301653099990383,0.00635));
#1934=CARTESIAN_POINT('',(-0.0160264558895286,-0.061820921335371,0.00635));
#1935=CARTESIAN_POINT('',(-0.0160264558895286,-0.064820921335371,0.0267327703640035));
#1936=CARTESIAN_POINT('',(-0.0164858437594087,-0.064820921335371,0.0237697659130314));
#1937=CARTESIAN_POINT('',(-0.016873049650072,-0.0646770604336183,0.017779127304264));
#1938=CARTESIAN_POINT('',(-0.0164858796271735,-0.0648209213353731,0.0117904654303559));
#1939=CARTESIAN_POINT('',(-0.016026455889529,-0.0648209213353731,0.00882722963599649));
#1940=CARTESIAN_POINT('',(-0.0160264558895286,-0.064820921335371,0.0267327703640035));
#1941=CARTESIAN_POINT('',(-0.0160264558895286,-0.064820921335371,0.00882722963599649));
#1942=CARTESIAN_POINT('',(-0.0160264558895286,-0.064820921335371,0.00635));
#1943=CARTESIAN_POINT('',(-0.0160264558895286,-0.064820921335371,0.02921));
#1944=CARTESIAN_POINT('',(-0.0160264558895286,-0.061820921335371,0.02921));
#1945=CARTESIAN_POINT('',(-0.0160264558895286,-0.061820921335371,0.00635));
#1946=CARTESIAN_POINT('',(-0.0160264558895286,-0.064820921335371,0.00635));
#1947=CARTESIAN_POINT('',(-0.0160264558895286,-0.064820921335371,0.02921));
#1948=CARTESIAN_POINT('',(-0.0160264558895287,-0.064820921335371,0.00882722963599648));
#1949=CARTESIAN_POINT('',(-0.00980782315154315,-0.064820921335371,0.0120410446384593));
#1950=CARTESIAN_POINT('',(-0.00980782315154315,-0.071820921335371,0.0120410446384593));
#1951=CARTESIAN_POINT('',(-0.0162420397931843,-0.064820921335371,0.0102177236144194));
#1952=CARTESIAN_POINT('',(-0.0101514708667929,-0.0652539772612153,0.0127059923402095));
#1953=CARTESIAN_POINT('',(-0.0102684725187502,-0.0718209213317544,0.0129323869321043));
#1954=CARTESIAN_POINT('',(-0.0165661450340621,-0.0647771946333144,0.013106618302817));
#1955=CARTESIAN_POINT('',(-0.0108911628266801,-0.0658182536551543,0.0144316749468007));
#1956=CARTESIAN_POINT('',(-0.01096100508411,-0.0716751656635395,0.0147842425019104));
#1957=CARTESIAN_POINT('',(-0.0167070636050483,-0.0647423356307503,0.0170123797576032));
#1958=CARTESIAN_POINT('',(-0.0112763247436562,-0.0660073286826527,0.017240125701998));
#1959=CARTESIAN_POINT('',(-0.0112621131419845,-0.071558968986508,0.0172879357420354));
#1960=CARTESIAN_POINT('',(-0.016652423144881,-0.0647553296749382,0.0200842580103073));
#1961=CARTESIAN_POINT('',(-0.0111318078059752,-0.0659330571519822,0.0194120821343654));
#1962=CARTESIAN_POINT('',(-0.0111453600219669,-0.0716022824671528,0.0192570884681569));
#1963=CARTESIAN_POINT('',(-0.0164856890618616,-0.0647884324137892,0.0231690242757496));
#1964=CARTESIAN_POINT('',(-0.0107121379580176,-0.0656846649680356,0.0215398104898286));
#1965=CARTESIAN_POINT('',(-0.0107890906137018,-0.0717126249308783,0.0212345027408156));
#1966=CARTESIAN_POINT('',(-0.0162420145675327,-0.064820921335371,0.0253424390884495));
#1967=CARTESIAN_POINT('',(-0.0101514318998539,-0.0652539281562698,0.0228540830594992));
#1968=CARTESIAN_POINT('',(-0.0102684186177816,-0.0718209213317982,0.0226277173646046));
#1969=CARTESIAN_POINT('',(-0.0160264558895286,-0.064820921335371,0.0267327703640036));
#1970=CARTESIAN_POINT('',(-0.00980782315154316,-0.064820921335371,0.0235189553615408));
#1971=CARTESIAN_POINT('',(-0.00980782315154316,-0.071820921335371,0.0235189553615408));
#1972=CARTESIAN_POINT('',(-0.0160264558895286,-0.071820921335371,0.0267327703640035));
#1973=CARTESIAN_POINT('',(-0.0160264558895286,-0.071820921335371,0.00882722963599649));
#1974=CARTESIAN_POINT('',(-0.0878763694686417,0.0457093273380677,0.02921));
#1975=CARTESIAN_POINT('',(-0.0855489537167551,0.0345185799650034,0.02921));
#1976=CARTESIAN_POINT('',(-0.0855489537167551,0.0345185799650034,0.02921));
#1977=CARTESIAN_POINT('',(-0.0878763694686417,0.0457093273380677,0.02921));
#1978=CARTESIAN_POINT('',(-0.0899916333533077,0.05588,0.02921));
#1979=CARTESIAN_POINT('',(-0.0899916333533077,0.05588,0.02921));
#1980=CARTESIAN_POINT('',(-0.0855489537167551,0.0345185799650035,0.02921));
#1981=CARTESIAN_POINT('',(-0.0855489537167551,0.0345185799650035,0.00635000000000001));
#1982=CARTESIAN_POINT('',(-0.085100987304181,0.0334145136615015,0.02921));
#1983=CARTESIAN_POINT('',(-0.085100987304181,0.0334145136615015,0.00635000000000001));
#1984=CARTESIAN_POINT('',(-0.0842028151332316,0.0312089216225088,0.02921));
#1985=CARTESIAN_POINT('',(-0.0842028151332316,0.0312089216225088,0.00635));
#1986=CARTESIAN_POINT('',(-0.0824243855577413,0.026777413000432,0.02921));
#1987=CARTESIAN_POINT('',(-0.0824243855577413,0.026777413000432,0.00635000000000001));
#1988=CARTESIAN_POINT('',(-0.0803731509502655,0.0226078536946248,0.02921));
#1989=CARTESIAN_POINT('',(-0.0803731509502655,0.0226078536946248,0.00635));
#1990=CARTESIAN_POINT('',(-0.0779919487300821,0.0188029493590036,0.02921));
#1991=CARTESIAN_POINT('',(-0.0779919487300821,0.0188029493590036,0.00635000000000001));
#1992=CARTESIAN_POINT('',(-0.075469200346105,0.0153944954857796,0.02921));
#1993=CARTESIAN_POINT('',(-0.075469200346105,0.0153944954857796,0.00635000000000001));
#1994=CARTESIAN_POINT('',(-0.0721315822064875,0.0117777968119991,0.02921));
#1995=CARTESIAN_POINT('',(-0.0721315822064875,0.0117777968119991,0.00634999999999999));
#1996=CARTESIAN_POINT('',(-0.0687742244298681,0.0087867944359997,0.02921));
#1997=CARTESIAN_POINT('',(-0.0687742244298681,0.0087867944359997,0.00635000000000002));
#1998=CARTESIAN_POINT('',(-0.0661535489209244,0.00657050631664696,0.02921));
#1999=CARTESIAN_POINT('',(-0.0661535489209244,0.00657050631664696,0.00635000000000001));
#2000=CARTESIAN_POINT('',(-0.064249485054293,0.00496517059088223,0.02921));
#2001=CARTESIAN_POINT('',(-0.064249485054293,0.00496517059088223,0.00635000000000001));
#2002=CARTESIAN_POINT('',(-0.0623150745154086,0.0032935485469487,0.02921));
#2003=CARTESIAN_POINT('',(-0.0623150745154086,0.0032935485469487,0.00635000000000002));
#2004=CARTESIAN_POINT('',(-0.0596264453961029,0.000956780620765448,0.02921));
#2005=CARTESIAN_POINT('',(-0.0596264453961029,0.000956780620765448,0.00635));
#2006=CARTESIAN_POINT('',(-0.0560739091293845,-0.00209032128425234,0.02921));
#2007=CARTESIAN_POINT('',(-0.0560739091293845,-0.00209032128425234,0.00635000000000001));
#2008=CARTESIAN_POINT('',(-0.051449007708711,-0.00577047360334908,0.02921));
#2009=CARTESIAN_POINT('',(-0.051449007708711,-0.00577047360334908,0.00635000000000001));
#2010=CARTESIAN_POINT('',(-0.0463443226285521,-0.00931018158212489,0.02921));
#2011=CARTESIAN_POINT('',(-0.0463443226285521,-0.00931018158212489,0.00635000000000001));
#2012=CARTESIAN_POINT('',(-0.040858347493199,-0.0124227710919872,0.02921));
#2013=CARTESIAN_POINT('',(-0.040858347493199,-0.0124227710919872,0.00635000000000001));
#2014=CARTESIAN_POINT('',(-0.0351572706185671,-0.0150818803753551,0.02921));
#2015=CARTESIAN_POINT('',(-0.0351572706185671,-0.0150818803753551,0.00635000000000002));
#2016=CARTESIAN_POINT('',(-0.0292928447337643,-0.017308344280822,0.02921));
#2017=CARTESIAN_POINT('',(-0.0292928447337643,-0.017308344280822,0.00635000000000001));
#2018=CARTESIAN_POINT('',(-0.0213347335024687,-0.019712805702752,0.02921));
#2019=CARTESIAN_POINT('',(-0.0213347335024687,-0.019712805702752,0.00635));
#2020=CARTESIAN_POINT('',(-0.0154076710001365,-0.0208601939106081,0.02921));
#2021=CARTESIAN_POINT('',(-0.0154076710001365,-0.0208601939106081,0.00635000000000001));
#2022=CARTESIAN_POINT('',(-0.0115305917839993,-0.0214700624247849,0.02921));
#2023=CARTESIAN_POINT('',(-0.0115305917839993,-0.0214700624247849,0.00635000000000001));
#2024=CARTESIAN_POINT('',(-0.0855489537167551,0.0345185799650035,0.02921));
#2025=CARTESIAN_POINT('',(-0.0848656564188968,0.0328345128102712,0.02921));
#2026=CARTESIAN_POINT('',(-0.0841823591210385,0.0311504456555389,0.02921));
#2027=CARTESIAN_POINT('',(-0.0834990618231801,0.0294663785008066,0.02921));
#2028=CARTESIAN_POINT('',(-0.083072448451164,0.0284149392958899,0.02921));
#2029=CARTESIAN_POINT('',(-0.0821795814311852,0.026345221922176,0.02921));
#2030=CARTESIAN_POINT('',(-0.0809593762708006,0.0238643927076125,0.02921));
#2031=CARTESIAN_POINT('',(-0.0799151086026199,0.0219571989606926,0.02921));
#2032=CARTESIAN_POINT('',(-0.0790953204472755,0.02056786420966,0.02921));
#2033=CARTESIAN_POINT('',(-0.0782373469418202,0.0192262862541158,0.02921));
#2034=CARTESIAN_POINT('',(-0.0770632136438855,0.0175299852265208,0.02921));
#2035=CARTESIAN_POINT('',(-0.0755407111279003,0.0155647983682819,0.02921));
#2036=CARTESIAN_POINT('',(-0.0730274223790113,0.012723605400198,0.02921));
#2037=CARTESIAN_POINT('',(-0.0704587532432394,0.0102762906001108,0.02921));
#2038=CARTESIAN_POINT('',(-0.0682450170145322,0.00834638688195395,0.02921));
#2039=CARTESIAN_POINT('',(-0.0669956383983428,0.0072824001724283,0.02921));
#2040=CARTESIAN_POINT('',(-0.0660679527336111,0.00649894704537611,0.02921));
#2041=CARTESIAN_POINT('',(-0.0651487504097972,0.00572350208043832,0.02921));
#2042=CARTESIAN_POINT('',(-0.0642443657627821,0.0049555575121557,0.02921));
#2043=CARTESIAN_POINT('',(-0.063328898192395,0.00416922442823625,0.02921));
#2044=CARTESIAN_POINT('',(-0.0620855042962,0.00309396917094013,0.02921));
#2045=CARTESIAN_POINT('',(-0.0604909076096175,0.00170805816492682,0.02921));
#2046=CARTESIAN_POINT('',(-0.0585070978698574,-3.69477490740914E-6,0.02921));
#2047=CARTESIAN_POINT('',(-0.0564474577870565,-0.00174470262029111,0.02921));
#2048=CARTESIAN_POINT('',(-0.0543051535353659,-0.00349564510202695,0.02921));
#2049=CARTESIAN_POINT('',(-0.0520726660875815,-0.00523687675488815,0.02921));
#2050=CARTESIAN_POINT('',(-0.0497419266111299,-0.00694816810523647,0.02921));
#2051=CARTESIAN_POINT('',(-0.0477106195934192,-0.00833234721966255,0.02921));
#2052=CARTESIAN_POINT('',(-0.0460281953086426,-0.0094029440578434,0.02921));
#2053=CARTESIAN_POINT('',(-0.0443248319614742,-0.0104370592230897,0.02921));
#2054=CARTESIAN_POINT('',(-0.0421541161796542,-0.0116658145637108,0.02921));
#2055=CARTESIAN_POINT('',(-0.0386052914032474,-0.0134959652307804,0.02921));
#2056=CARTESIAN_POINT('',(-0.034046565650017,-0.015533178146083,0.02921));
#2057=CARTESIAN_POINT('',(-0.0293754568112616,-0.0172437141957404,0.02921));
#2058=CARTESIAN_POINT('',(-0.0256026194547939,-0.0184188039628868,0.02921));
#2059=CARTESIAN_POINT('',(-0.022758796776689,-0.0192046455782534,0.02921));
#2060=CARTESIAN_POINT('',(-0.0199236045949579,-0.0198922235304639,0.02921));
#2061=CARTESIAN_POINT('',(-0.0161671127694876,-0.0206923469964923,0.02921));
#2062=CARTESIAN_POINT('',(-0.0133767277794027,-0.0211796633501932,0.02921));
#2063=CARTESIAN_POINT('',(-0.0115305917839993,-0.0214700624247849,0.02921));
#2064=CARTESIAN_POINT('',(-0.0151523866987435,-0.0585844029142834,0.02921));
#2065=CARTESIAN_POINT('',(-0.0151523866987435,-0.0585844029142834,0.00635));
#2066=CARTESIAN_POINT('',(-0.0191594028715937,-0.0573353984432671,0.02921));
#2067=CARTESIAN_POINT('',(-0.0191594028715937,-0.0573353984432671,0.00635));
#2068=CARTESIAN_POINT('',(-0.0271128443042552,-0.0548503160770823,0.02921));
#2069=CARTESIAN_POINT('',(-0.0271128443042552,-0.0548503160770823,0.00635));
#2070=CARTESIAN_POINT('',(-0.0383570443937634,-0.0509760277711934,0.02921));
#2071=CARTESIAN_POINT('',(-0.0383570443937634,-0.0509760277711934,0.00635));
#2072=CARTESIAN_POINT('',(-0.0467133011304929,-0.0474918350858455,0.02921));
#2073=CARTESIAN_POINT('',(-0.0467133011304929,-0.0474918350858455,0.00634999999999999));
#2074=CARTESIAN_POINT('',(-0.0525007522172283,-0.0445159655692393,0.02921));
#2075=CARTESIAN_POINT('',(-0.0525007522172283,-0.0445159655692393,0.00635));
#2076=CARTESIAN_POINT('',(-0.0576129907713357,-0.0413977816117667,0.02921));
#2077=CARTESIAN_POINT('',(-0.0576129907713357,-0.0413977816117667,0.00635));
#2078=CARTESIAN_POINT('',(-0.0632037144159212,-0.0370918222763623,0.02921));
#2079=CARTESIAN_POINT('',(-0.0632037144159212,-0.0370918222763623,0.00634999999999999));
#2080=CARTESIAN_POINT('',(-0.0692293056869817,-0.031381260402251,0.02921));
#2081=CARTESIAN_POINT('',(-0.0692293056869817,-0.031381260402251,0.00635));
#2082=CARTESIAN_POINT('',(-0.0752546895564882,-0.0252397193646627,0.02921));
#2083=CARTESIAN_POINT('',(-0.0752546895564882,-0.0252397193646627,0.00634999999999999));
#2084=CARTESIAN_POINT('',(-0.0802876710159095,-0.0201302588942194,0.02921));
#2085=CARTESIAN_POINT('',(-0.0802876710159095,-0.0201302588942194,0.00635));
#2086=CARTESIAN_POINT('',(-0.084357889558731,-0.0160708621204218,0.02921));
#2087=CARTESIAN_POINT('',(-0.084357889558731,-0.0160708621204218,0.00634999999999999));
#2088=CARTESIAN_POINT('',(-0.0874491304941907,-0.0130486804454152,0.02921));
#2089=CARTESIAN_POINT('',(-0.0874491304941907,-0.0130486804454152,0.00634999999999999));
#2090=CARTESIAN_POINT('',(-0.0905705591738677,-0.0100945740652327,0.02921));
#2091=CARTESIAN_POINT('',(-0.0905705591738677,-0.0100945740652327,0.00635));
#2092=CARTESIAN_POINT('',(-0.0935243084554936,-0.00727927484208793,0.02921));
#2093=CARTESIAN_POINT('',(-0.0935243084554936,-0.00727927484208793,0.00634999999999999));
#2094=CARTESIAN_POINT('',(-0.0962641199116284,-0.00450296271303331,0.02921));
#2095=CARTESIAN_POINT('',(-0.0962641199116284,-0.00450296271303331,0.00634999999999999));
#2096=CARTESIAN_POINT('',(-0.0987209083320283,-0.00171471533520813,0.02921));
#2097=CARTESIAN_POINT('',(-0.0987209083320283,-0.00171471533520813,0.00635));
#2098=CARTESIAN_POINT('',(-0.100851104787271,0.00113988628133337,0.02921));
#2099=CARTESIAN_POINT('',(-0.100851104787271,0.00113988628133337,0.00634999999999998));
#2100=CARTESIAN_POINT('',(-0.103218162337732,0.00515140505230933,0.02921));
#2101=CARTESIAN_POINT('',(-0.103218162337732,0.00515140505230933,0.00635));
#2102=CARTESIAN_POINT('',(-0.105175256839315,0.00996107164220402,0.02921));
#2103=CARTESIAN_POINT('',(-0.105175256839315,0.00996107164220402,0.00634999999999999));
#2104=CARTESIAN_POINT('',(-0.106667482220594,0.0148184922191467,0.02921));
#2105=CARTESIAN_POINT('',(-0.106667482220594,0.0148184922191467,0.00635));
#2106=CARTESIAN_POINT('',(-0.107583693283483,0.0183506628103189,0.02921));
#2107=CARTESIAN_POINT('',(-0.107583693283483,0.0183506628103189,0.00634999999999999));
#2108=CARTESIAN_POINT('',(-0.108322997557277,0.0215946158582974,0.02921));
#2109=CARTESIAN_POINT('',(-0.108322997557277,0.0215946158582974,0.00635));
#2110=CARTESIAN_POINT('',(-0.108878821548099,0.0244345478007975,0.02921));
#2111=CARTESIAN_POINT('',(-0.108878821548099,0.0244345478007975,0.00634999999999999));
#2112=CARTESIAN_POINT('',(-0.109316710887882,0.027319807741535,0.02921));
#2113=CARTESIAN_POINT('',(-0.109316710887882,0.027319807741535,0.00634999999999999));
#2114=CARTESIAN_POINT('',(-0.109561402591275,0.0295273353765465,0.02921));
#2115=CARTESIAN_POINT('',(-0.109561402591275,0.0295273353765465,0.00634999999999999));
#2116=CARTESIAN_POINT('',(-0.109677671016491,0.0307610907531854,0.02921));
#2117=CARTESIAN_POINT('',(-0.109677671016491,0.0307610907531854,0.00634999999999999));
#2118=CARTESIAN_POINT('',(-0.109677671016491,0.0307610907531854,0.02921));
#2119=CARTESIAN_POINT('',(-0.109677671016491,0.0307610907531854,0.02921));
#2120=CARTESIAN_POINT('',(-0.0151523866987435,-0.0585844029142834,0.02921));
#2121=CARTESIAN_POINT('',(-0.0191210326905312,-0.0573473585965665,0.02921));
#2122=CARTESIAN_POINT('',(-0.0250497322802995,-0.0554949915381792,0.02921));
#2123=CARTESIAN_POINT('',(-0.032631265468454,-0.05294912246606,0.02921));
#2124=CARTESIAN_POINT('',(-0.0381098706026647,-0.0509733106929546,0.02921));
#2125=CARTESIAN_POINT('',(-0.0432842261529214,-0.0489228954075451,0.02921));
#2126=CARTESIAN_POINT('',(-0.0480834173978014,-0.0467845399719685,0.02921));
#2127=CARTESIAN_POINT('',(-0.0517131616132863,-0.0449220879632763,0.02921));
#2128=CARTESIAN_POINT('',(-0.0543530917252621,-0.0433869946629419,0.02921));
#2129=CARTESIAN_POINT('',(-0.0562392726664919,-0.0421936311692121,0.02921));
#2130=CARTESIAN_POINT('',(-0.0580410082966627,-0.0409620391734377,0.02921));
#2131=CARTESIAN_POINT('',(-0.060346321129967,-0.0392695499456628,0.02921));
#2132=CARTESIAN_POINT('',(-0.0630728733364668,-0.0370623400828875,0.02921));
#2133=CARTESIAN_POINT('',(-0.0661780877737889,-0.0342760960033221,0.02921));
#2134=CARTESIAN_POINT('',(-0.0686912598153016,-0.0318497749520019,0.02921));
#2135=CARTESIAN_POINT('',(-0.0706928347615021,-0.0298569362278755,0.02921));
#2136=CARTESIAN_POINT('',(-0.0722022700100162,-0.0283363824910459,0.02921));
#2137=CARTESIAN_POINT('',(-0.0737132165533225,-0.0268079356969921,0.02921));
#2138=CARTESIAN_POINT('',(-0.0757253168865243,-0.0247666118233523,0.02921));
#2139=CARTESIAN_POINT('',(-0.0782419032542942,-0.0222098728846696,0.02921));
#2140=CARTESIAN_POINT('',(-0.0812739642961537,-0.0191462240883997,0.02921));
#2141=CARTESIAN_POINT('',(-0.0838199071872397,-0.0166067914250205,0.02921));
#2142=CARTESIAN_POINT('',(-0.0858741159743468,-0.0145893756179912,0.02921));
#2143=CARTESIAN_POINT('',(-0.0874238947354269,-0.013085327227253,0.02921));
#2144=CARTESIAN_POINT('',(-0.0889883691981844,-0.0115901909753602,0.02921));
#2145=CARTESIAN_POINT('',(-0.0905234131384694,-0.0101370480314022,0.02921));
#2146=CARTESIAN_POINT('',(-0.0920226892427561,-0.00871111496743918,0.02921));
#2147=CARTESIAN_POINT('',(-0.0939603662882966,-0.00683666900727704,0.02921));
#2148=CARTESIAN_POINT('',(-0.0962456485215296,-0.00452252594304223,0.02921));
#2149=CARTESIAN_POINT('',(-0.0982961869379558,-0.00219827526540036,0.02921));
#2150=CARTESIAN_POINT('',(-0.0997732151888828,-0.000303628499634517,0.02921));
#2151=CARTESIAN_POINT('',(-0.100624885098492,0.000901516076256499,0.02921));
#2152=CARTESIAN_POINT('',(-0.101262733153774,0.00188420542999258,0.02921));
#2153=CARTESIAN_POINT('',(-0.101717059601797,0.00262858682097195,0.02921));
#2154=CARTESIAN_POINT('',(-0.102157855295006,0.00339893735160474,0.02921));
#2155=CARTESIAN_POINT('',(-0.102728575278317,0.00446007103018929,0.02921));
#2156=CARTESIAN_POINT('',(-0.103408100472886,0.0058429956792918,0.02921));
#2157=CARTESIAN_POINT('',(-0.104420340637168,0.00814996145124465,0.02921));
#2158=CARTESIAN_POINT('',(-0.105542139085347,0.0111591564928779,0.02921));
#2159=CARTESIAN_POINT('',(-0.106664568894981,0.0148083147199287,0.02921));
#2160=CARTESIAN_POINT('',(-0.107352646835328,0.0174562827746852,0.02921));
#2161=CARTESIAN_POINT('',(-0.107755286118756,0.0191372632271219,0.02921));
#2162=CARTESIAN_POINT('',(-0.107946233736214,0.0199602719877676,0.02921));
#2163=CARTESIAN_POINT('',(-0.108125798232166,0.0207570372248211,0.02921));
#2164=CARTESIAN_POINT('',(-0.108348769598523,0.0217810827814265,0.02921));
#2165=CARTESIAN_POINT('',(-0.108599782394908,0.0230073021831421,0.02921));
#2166=CARTESIAN_POINT('',(-0.108951403205945,0.0249136583944302,0.02921));
#2167=CARTESIAN_POINT('',(-0.10931642296599,0.0273172129312887,0.02921));
#2168=CARTESIAN_POINT('',(-0.109561328367458,0.0295265477677599,0.02921));
#2169=CARTESIAN_POINT('',(-0.109677671016491,0.0307610907531854,0.02921));
#2170=CARTESIAN_POINT('',(-0.109677671016491,0.0307610907531854,0.02921));
#2171=CARTESIAN_POINT('',(-0.109677671016491,0.0307610907531854,0.00635));
#2172=CARTESIAN_POINT('',(-0.109782177540901,0.0318700374525651,0.02921));
#2173=CARTESIAN_POINT('',(-0.109782177540901,0.0318700374525651,0.00635));
#2174=CARTESIAN_POINT('',(-0.109931353037239,0.0337019081450949,0.02921));
#2175=CARTESIAN_POINT('',(-0.109931353037239,0.0337019081450949,0.00635));
#2176=CARTESIAN_POINT('',(-0.110127433354016,0.0365220080422847,0.02921));
#2177=CARTESIAN_POINT('',(-0.110127433354016,0.0365220080422847,0.00635));
#2178=CARTESIAN_POINT('',(-0.110225703693351,0.0379028605873235,0.02921));
#2179=CARTESIAN_POINT('',(-0.110225703693351,0.0379028605873235,0.00635));
#2180=CARTESIAN_POINT('',(-0.1102748100904,0.0385969365352874,0.02921));
#2181=CARTESIAN_POINT('',(-0.1102748100904,0.0385969365352874,0.00635));
#2182=CARTESIAN_POINT('',(-0.1102748100904,0.0385969365352874,0.02921));
#2183=CARTESIAN_POINT('',(-0.1102748100904,0.0385969365352874,0.02921));
#2184=CARTESIAN_POINT('',(-0.109677671016491,0.0307610907531854,0.02921));
#2185=CARTESIAN_POINT('',(-0.109794422167266,0.0319999684599234,0.02921));
#2186=CARTESIAN_POINT('',(-0.109904973342527,0.0333696177581618,0.02921));
#2187=CARTESIAN_POINT('',(-0.110014693350885,0.0349204140573825,0.02921));
#2188=CARTESIAN_POINT('',(-0.110101398930724,0.0361459215500175,0.02921));
#2189=CARTESIAN_POINT('',(-0.110188104510562,0.0373714290426524,0.02921));
#2190=CARTESIAN_POINT('',(-0.1102748100904,0.0385969365352874,0.02921));
#2191=CARTESIAN_POINT('',(-0.110795182523172,0.049536831273076,0.02921));
#2192=CARTESIAN_POINT('',(-0.111096904817675,0.05588,0.02921));
#2193=CARTESIAN_POINT('',(-0.111096904817675,0.05588,0.02921));
#2194=CARTESIAN_POINT('',(-0.110795182523172,0.049536831273076,0.02921));
#2195=CARTESIAN_POINT('',(0.00129687816628809,-0.0658718529859515,0.04318));
#2196=CARTESIAN_POINT('',(0.00129687816628809,0.0445204488980223,0.02921));
#2197=CARTESIAN_POINT('',(0.0012968781662881,-0.016122784636532,0.02921));
#2198=CARTESIAN_POINT('',(0.0012968781662881,-0.016122784636532,0.0309744631424892));
#2199=CARTESIAN_POINT('',(0.0012968781662881,-0.0179039001207332,0.0342970404637694));
#2200=CARTESIAN_POINT('',(0.0012968781662881,-0.0213889793301468,0.0355599928569358));
#2201=CARTESIAN_POINT('',(0.0012968781662881,-0.02314774287269,0.0355599999999381));
#2202=CARTESIAN_POINT('',(0.00129687816628809,-0.0231477733711857,0.03556));
#2203=CARTESIAN_POINT('',(0.00129687816628809,0.0798709325967918,0.03556));
#2204=CARTESIAN_POINT('',(0.00129687816628809,-0.0618209213353674,0.03556));
#2205=CARTESIAN_POINT('',(0.00129687816628809,-0.061820921335371,0.03256));
#2206=CARTESIAN_POINT('',(0.00129687816628809,-0.0644657169796505,0.033976));
#2207=CARTESIAN_POINT('',(0.00129687816628808,-0.0706369068163028,0.03728));
#2208=CARTESIAN_POINT('',(0.00129687816628808,-0.0706369068163028,-0.00171999999999997));
#2209=CARTESIAN_POINT('',(0.00129687816628809,-0.0644657169796505,0.001584));
#2210=CARTESIAN_POINT('',(0.00129687816628809,-0.061820921335371,0.003));
#2211=CARTESIAN_POINT('',(0.00129687816628809,-0.0618209213353674,0.));
#2212=CARTESIAN_POINT('',(0.00129687816628809,0.0798709325967918,0.));
#2213=CARTESIAN_POINT('',(0.00129687816628809,-0.0231477733711857,0.));
#2214=CARTESIAN_POINT('',(0.0012968781662881,-0.016122784636532,0.00635));
#2215=CARTESIAN_POINT('',(0.0012968781662881,-0.016122784636532,0.00458553685751084));
#2216=CARTESIAN_POINT('',(0.0012968781662881,-0.0179039001207332,0.00126295953623062));
#2217=CARTESIAN_POINT('',(0.0012968781662881,-0.0213889793301468,7.14306421256559E-9));
#2218=CARTESIAN_POINT('',(0.0012968781662881,-0.02314774287269,6.19226891984681E-14));
#2219=CARTESIAN_POINT('',(0.,0.06858,0.));
#2220=CARTESIAN_POINT('',(-0.111660702536057,0.0685800000000051,0.03556));
#2221=CARTESIAN_POINT('',(-0.112499625768334,0.0685800000000051,0.03556));
#2222=CARTESIAN_POINT('',(-0.114151302001269,0.0685799999999977,0.0352293065990085));
#2223=CARTESIAN_POINT('',(-0.116980050189553,0.0685800000000014,0.0333498028497058));
#2224=CARTESIAN_POINT('',(-0.118016500148104,0.06858,0.0308878896915876));
#2225=CARTESIAN_POINT('',(-0.118016500148104,0.06858,0.02921));
#2226=CARTESIAN_POINT('',(-0.111660702536057,0.06858,0.03556));
#2227=CARTESIAN_POINT('',(0.0012968781662881,0.06858,0.03556));
#2228=CARTESIAN_POINT('',(-0.0907110087798749,0.06858,0.03556));
#2229=CARTESIAN_POINT('',(-0.0843592997076741,0.06858,0.02921));
#2230=CARTESIAN_POINT('',(-0.0843592997076741,0.06858,0.0300486585181635));
#2231=CARTESIAN_POINT('',(-0.084690514406384,0.06858,0.0316997972601691));
#2232=CARTESIAN_POINT('',(-0.0865720174079928,0.06858,0.0345260050479925));
#2233=CARTESIAN_POINT('',(-0.0890337044639225,0.06858,0.03556));
#2234=CARTESIAN_POINT('',(-0.0907110087798743,0.06858,0.03556));
#2235=CARTESIAN_POINT('',(-0.0843592997076741,0.06858,0.00635));
#2236=CARTESIAN_POINT('',(-0.0843592997076741,0.06858,0.00551134148183647));
#2237=CARTESIAN_POINT('',(-0.084690514406384,0.06858,0.00386020273983094));
#2238=CARTESIAN_POINT('',(-0.0865720174079929,0.06858,0.00103399495200751));
#2239=CARTESIAN_POINT('',(-0.0890337044639225,0.06858,-6.52798747560279E-18));
#2240=CARTESIAN_POINT('',(-0.0907110087798743,0.06858,8.03437212872878E-19));
#2241=CARTESIAN_POINT('',(-0.0907110087798749,0.06858,0.));
#2242=CARTESIAN_POINT('',(0.0012968781662881,0.06858,0.));
#2243=CARTESIAN_POINT('',(-0.111660702536057,0.06858,8.67361737988404E-19));
#2244=CARTESIAN_POINT('',(-0.111660702536057,0.0685800000000051,-1.7347234759768E-18));
#2245=CARTESIAN_POINT('',(-0.112499625768334,0.0685800000000051,-2.19026580665884E-17));
#2246=CARTESIAN_POINT('',(-0.114151302001269,0.0685799999999977,0.000330693400991473));
#2247=CARTESIAN_POINT('',(-0.116980050189553,0.0685800000000014,0.00221019715029415));
#2248=CARTESIAN_POINT('',(-0.118016500148104,0.06858,0.00467211030841244));
#2249=CARTESIAN_POINT('',(-0.118016500148104,0.06858,0.00635));
#2250=CARTESIAN_POINT('',(0.00129687816628815,0.06858,0.02901));
#2251=CARTESIAN_POINT('',(-0.108805813957914,0.06858,0.02901));
#2252=CARTESIAN_POINT('',(-0.0935658139579143,0.06858,0.02901));
#2253=CARTESIAN_POINT('',(-0.108805813957914,0.06858,0.01778));
#2254=CARTESIAN_POINT('',(-0.108805813957914,0.06858,0.00655));
#2255=CARTESIAN_POINT('',(0.00129687816628815,0.06858,0.00655));
#2256=CARTESIAN_POINT('',(-0.0935658139579143,0.06858,0.00655));
#2257=CARTESIAN_POINT('',(-0.0935658139579143,0.06858,0.01778));
#2258=CARTESIAN_POINT('',(0.0012968781662881,0.0798709325967918,0.));
#2259=CARTESIAN_POINT('',(-0.111660702536057,0.06858,2.60208521396521E-18));
#2260=CARTESIAN_POINT('',(-0.111581965825205,0.066737233344486,2.60208521396521E-18));
#2261=CARTESIAN_POINT('',(-0.111503747323177,0.0648944445861992,0.));
#2262=CARTESIAN_POINT('',(-0.111425158008836,0.0630516716438922,0.));
#2263=CARTESIAN_POINT('',(-0.111425158008836,0.0630516716438922,0.));
#2264=CARTESIAN_POINT('',(-0.0904431218389872,0.0611016039409053,0.));
#2265=CARTESIAN_POINT('',(-0.0905850261331522,0.0635927189387008,0.));
#2266=CARTESIAN_POINT('',(-0.0906533200425599,0.066086189765243,2.60208521396521E-18));
#2267=CARTESIAN_POINT('',(-0.0907110087798743,0.06858,2.60208521396521E-18));
#2268=CARTESIAN_POINT('',(-0.0904431218389872,0.0611016039409053,0.));
#2269=CARTESIAN_POINT('',(-0.0885476809891026,0.0463757900643819,-7.80625564189563E-18));
#2270=CARTESIAN_POINT('',(-0.0890486757976893,0.0488008207099112,-7.80625564189563E-18));
#2271=CARTESIAN_POINT('',(-0.0898756278899027,0.0536919272869545,9.10729824887823E-18));
#2272=CARTESIAN_POINT('',(-0.0903021754420232,0.0586273047279871,0.));
#2273=CARTESIAN_POINT('',(-0.0904431218389872,0.0611016039409053,0.));
#2274=CARTESIAN_POINT('',(-0.0885476809891026,0.0463757900643819,0.));
#2275=CARTESIAN_POINT('',(-0.0882278237903979,0.0448828116753925,0.));
#2276=CARTESIAN_POINT('',(-0.088255447434614,0.0453973951974267,0.));
#2277=CARTESIAN_POINT('',(-0.0883654377940224,0.0458943323911671,0.));
#2278=CARTESIAN_POINT('',(-0.0885476809891026,0.0463757900643819,0.));
#2279=CARTESIAN_POINT('',(-0.0882278237903979,0.0448828116753925,0.));
#2280=CARTESIAN_POINT('',(-0.0834990618231804,0.0294663785008072,0.));
#2281=CARTESIAN_POINT('',(-0.0855262750684157,0.034462685748969,0.));
#2282=CARTESIAN_POINT('',(-0.0870613613479612,0.0396254294434281,2.60208521396521E-18));
#2283=CARTESIAN_POINT('',(-0.0882278237903979,0.0448828116753925,2.60208521396521E-18));
#2284=CARTESIAN_POINT('',(-0.0834990618231804,0.0294663785008072,0.));
#2285=CARTESIAN_POINT('',(0.0012968781662881,-0.0231477733711857,0.));
#2286=CARTESIAN_POINT('',(-0.00303818679894838,-0.0226340217310053,0.));
#2287=CARTESIAN_POINT('',(-0.0117123221585636,-0.0216235277910949,2.37247481924857E-17));
#2288=CARTESIAN_POINT('',(-0.0223425707965284,-0.0194832581261216,-1.90927180205454E-19));
#2289=CARTESIAN_POINT('',(-0.0306219844793426,-0.0168510206954389,3.4049749277683E-18));
#2290=CARTESIAN_POINT('',(-0.0367225414519732,-0.0144132854873968,1.28456322593007E-18));
#2291=CARTESIAN_POINT('',(-0.0426851285139734,-0.0114639030519431,7.0692834523027E-18));
#2292=CARTESIAN_POINT('',(-0.0482568916797026,-0.00806924946945305,-1.39491857513496E-17));
#2293=CARTESIAN_POINT('',(-0.0534831341554472,-0.00421064052610348,1.88992570172193E-18));
#2294=CARTESIAN_POINT('',(-0.0584815857699769,-6.17277299514436E-5,2.20019942282532E-17));
#2295=CARTESIAN_POINT('',(-0.0633634957407457,0.00424068016815882,-1.18353461957782E-17));
#2296=CARTESIAN_POINT('',(-0.0683612314928779,0.00838762680420875,9.7268792710684E-18));
#2297=CARTESIAN_POINT('',(-0.0731896240022732,0.0127731230347165,-1.14596596047041E-17));
#2298=CARTESIAN_POINT('',(-0.0774576531959011,0.0178130327971261,-1.07257747036258E-17));
#2299=CARTESIAN_POINT('',(-0.0808543446039329,0.0234220862640297,7.52522456783344E-18));
#2300=CARTESIAN_POINT('',(-0.0826733007105429,0.0274311923939593,0.));
#2301=CARTESIAN_POINT('',(-0.0834990618231804,0.0294663785008072,0.));
#2302=CARTESIAN_POINT('',(0.00129687816628809,-0.061820921335371,0.));
#2303=CARTESIAN_POINT('',(-0.0047680185561371,-0.0618209213353674,0.));
#2304=CARTESIAN_POINT('',(-0.109677671016491,0.0307610907531854,0.));
#2305=CARTESIAN_POINT('',(-0.109532620882552,0.0292219249624957,0.));
#2306=CARTESIAN_POINT('',(-0.109189521372343,0.0261549289568544,-1.4124760930649E-17));
#2307=CARTESIAN_POINT('',(-0.108350445634953,0.0216238948944693,2.59912940589769E-18));
#2308=CARTESIAN_POINT('',(-0.107296360224691,0.0171387482350999,1.93407545908495E-17));
#2309=CARTESIAN_POINT('',(-0.106056658350262,0.0126937790535459,-1.89959135033935E-18));
#2310=CARTESIAN_POINT('',(-0.104522954560602,0.00831001920161814,3.87012209429916E-18));
#2311=CARTESIAN_POINT('',(-0.102655674713472,0.00412274386488854,2.03161425693396E-18));
#2312=CARTESIAN_POINT('',(-0.100269418364198,0.000224290420110582,3.61593216175625E-18));
#2313=CARTESIAN_POINT('',(-0.0973175803819798,-0.00338693604397285,-8.82831620167703E-19));
#2314=CARTESIAN_POINT('',(-0.0940977596396923,-0.00672855044016941,1.55279056027058E-17));
#2315=CARTESIAN_POINT('',(-0.0907495809406317,-0.00992665407416186,1.68337656283007E-17));
#2316=CARTESIAN_POINT('',(-0.0873846567984856,-0.0131080980306812,-4.8004116969524E-18));
#2317=CARTESIAN_POINT('',(-0.0829723488283764,-0.0174295276690128,2.55739938233843E-17));
#2318=CARTESIAN_POINT('',(-0.0775353403254526,-0.0229163387275277,-1.1007494878306E-17));
#2319=CARTESIAN_POINT('',(-0.0710479846517993,-0.0295386437397989,2.67521992332927E-17));
#2320=CARTESIAN_POINT('',(-0.064439913447991,-0.0360371953894585,-1.79387456359087E-17));
#2321=CARTESIAN_POINT('',(-0.0584021568241901,-0.0408605700467734,-4.51874972351121E-18));
#2322=CARTESIAN_POINT('',(-0.0530552034959536,-0.0442063840751709,3.9152429876063E-18));
#2323=CARTESIAN_POINT('',(-0.047468530208839,-0.0471310433382859,1.8439735095951E-18));
#2324=CARTESIAN_POINT('',(-0.0403023265973548,-0.0501904620416718,2.85930168509078E-18));
#2325=CARTESIAN_POINT('',(-0.0315124239270454,-0.0533660400180632,2.53439666893217E-18));
#2326=CARTESIAN_POINT('',(-0.0196607936798557,-0.0572190902885465,2.64269834098504E-18));
#2327=CARTESIAN_POINT('',(-0.0107198767406008,-0.0599658962669525,2.60208521396521E-18));
#2328=CARTESIAN_POINT('',(-0.0047680185561371,-0.0618209213353673,2.60208521396521E-18));
#2329=CARTESIAN_POINT('',(-0.109677671016491,0.0307610907531854,0.));
#2330=CARTESIAN_POINT('',(-0.110399014989745,0.0411024814866245,2.60208521396521E-18));
#2331=CARTESIAN_POINT('',(-0.110206617457611,0.0376520076665637,2.60208521396521E-18));
#2332=CARTESIAN_POINT('',(-0.110001973433968,0.0342023504973994,0.));
#2333=CARTESIAN_POINT('',(-0.109677671016491,0.0307610907531854,0.));
#2334=CARTESIAN_POINT('',(-0.110399014989745,0.0411024814866245,0.));
#2335=CARTESIAN_POINT('',(-0.111198225806109,0.0577733737543495,0.));
#2336=CARTESIAN_POINT('',(-0.111345101170249,0.0563823962442645,0.));
#2337=CARTESIAN_POINT('',(-0.111621887330042,0.0536006745974999,-2.47817639425258E-19));
#2338=CARTESIAN_POINT('',(-0.111811686689773,0.0493919221305556,8.67361737988403E-19));
#2339=CARTESIAN_POINT('',(-0.111214442992133,0.0452250479017139,-3.22162931252836E-18));
#2340=CARTESIAN_POINT('',(-0.110678114709707,0.0424730631706079,6.93889390390723E-18));
#2341=CARTESIAN_POINT('',(-0.110399014989745,0.0411024814866245,6.93889390390723E-18));
#2342=CARTESIAN_POINT('',(-0.111198225806108,0.0577733737543505,0.));
#2343=CARTESIAN_POINT('',(-0.111425158008836,0.0630516716438922,0.));
#2344=CARTESIAN_POINT('',(-0.111350121800459,0.0612922124139795,0.));
#2345=CARTESIAN_POINT('',(-0.111274756194107,0.0595327675986018,2.60208521396521E-18));
#2346=CARTESIAN_POINT('',(-0.111198225806108,0.0577733737543505,2.60208521396521E-18));
#2347=CARTESIAN_POINT('',(0.0012968781662881,-0.061820921335371,0.003));
#2348=CARTESIAN_POINT('',(0.00129687816628809,-0.0644657169796505,0.001584));
#2349=CARTESIAN_POINT('',(-0.000730371784598029,-0.0644657169796505,0.001584));
#2350=CARTESIAN_POINT('',(-0.00275198426565022,-0.0645215124688967,0.0016762162378737));
#2351=CARTESIAN_POINT('',(-0.00476801855612839,-0.0646016481165681,0.00187414096427096));
#2352=CARTESIAN_POINT('',(-0.00476801855614011,-0.0646016481165681,0.00187414096427232));
#2353=CARTESIAN_POINT('',(-0.00476801855614045,-0.0618209213353704,0.003));
#2354=CARTESIAN_POINT('',(-0.00259087614295295,-0.0710900106060282,0.0058999593253652));
#2355=CARTESIAN_POINT('',(-0.00316325320033606,-0.0663074574409734,0.0060872702472969));
#2356=CARTESIAN_POINT('',(-0.00476801855612793,-0.0646016481165682,0.00187414096427091));
#2357=CARTESIAN_POINT('',(-0.00133271728257976,-0.0708299547329562,0.00548822567351253));
#2358=CARTESIAN_POINT('',(-0.00184242443329785,-0.0664368536389443,0.00558968605822333));
#2359=CARTESIAN_POINT('',(-0.00280529073371026,-0.0645236313555864,0.00168144961503492));
#2360=CARTESIAN_POINT('',(-3.9052116686624E-5,-0.0706369068169391,0.00528));
#2361=CARTESIAN_POINT('',(-0.000278938734049681,-0.0664445224163934,0.00528000000095326));
#2362=CARTESIAN_POINT('',(-0.000787173075152479,-0.0644657169798352,0.00158400000034499));
#2363=CARTESIAN_POINT('',(0.00129687816628806,-0.0706369068163028,0.00528));
#2364=CARTESIAN_POINT('',(0.00129687816628805,-0.0664445224164032,0.00528));
#2365=CARTESIAN_POINT('',(0.00129687816628804,-0.0644657169796505,0.001584));
#2366=CARTESIAN_POINT('',(-0.00476801855613933,-0.0710900106060297,-0.000752863452426575));
#2367=CARTESIAN_POINT('',(0.00129687816628808,-0.0231477733711857,0.));
#2368=CARTESIAN_POINT('',(0.00129687816628809,-0.0231477733711857,0.));
#2369=CARTESIAN_POINT('',(0.0012968781662881,-0.0231477733711857,0.));
#2370=CARTESIAN_POINT('',(0.00129687816635463,-0.0230268221290808,1.40333935355897E-14));
#2371=CARTESIAN_POINT('',(0.00122415247890002,-0.0230268221290825,1.40333636773182E-14));
#2372=CARTESIAN_POINT('',(0.00115142679144549,-0.0230268221290849,4.86580018602862E-20));
#2373=CARTESIAN_POINT('',(0.00129687816630563,-0.0227800618494015,6.00637005049876E-6));
#2374=CARTESIAN_POINT('',(0.00107576514162442,-0.0227800618494007,6.00637005057605E-6));
#2375=CARTESIAN_POINT('',(0.000854654602606032,-0.0227800631972537,5.14843628496586E-6));
#2376=CARTESIAN_POINT('',(0.001296878166395,-0.0222969663109799,4.15308302307503E-5));
#2377=CARTESIAN_POINT('',(0.000785065417341658,-0.0222969663109803,4.15308302313135E-5));
#2378=CARTESIAN_POINT('',(0.000273292378550114,-0.0222964808523017,3.56362521462949E-5));
#2379=CARTESIAN_POINT('',(0.00129687816644716,-0.0216998367027131,0.000129276054692704));
#2380=CARTESIAN_POINT('',(0.000423298196760503,-0.0216998367027133,0.000129276054694396));
#2381=CARTESIAN_POINT('',(-0.000450070963941694,-0.0216969403761809,0.000111083013088838));
#2382=CARTESIAN_POINT('',(0.00129687816653296,-0.0209997588984749,0.000302274790293741));
#2383=CARTESIAN_POINT('',(-1.0692235373368E-5,-0.020999758898476,0.000302274790297634));
#2384=CARTESIAN_POINT('',(-0.00131752162764669,-0.0209883422878658,0.000260549339641681));
#2385=CARTESIAN_POINT('',(0.00129687816661395,-0.0203144863930953,0.000544824228502841));
#2386=CARTESIAN_POINT('',(-0.000451734278465148,-0.020314486393098,0.000544824228509676));
#2387=CARTESIAN_POINT('',(-0.00219854481272063,-0.0202859239717256,0.000471539110209567));
#2388=CARTESIAN_POINT('',(0.00129687816669525,-0.0196716877297405,0.000846167592240802));
#2389=CARTESIAN_POINT('',(-0.000887486692311388,-0.0196716877297457,0.000846167592251083));
#2390=CARTESIAN_POINT('',(-0.00306831167768879,-0.0196153941906476,0.000736037153122851));
#2391=CARTESIAN_POINT('',(0.00129687816677667,-0.0190689777580321,0.00120298001776271));
#2392=CARTESIAN_POINT('',(-0.00132345968994197,-0.0190689777580412,0.00120298001777674));
#2393=CARTESIAN_POINT('',(-0.00393766559147918,-0.0189723811055667,0.00105274833895268));
#2394=CARTESIAN_POINT('',(0.00129687816685888,-0.0185054605137027,0.00161567148902877));
#2395=CARTESIAN_POINT('',(-0.0017650753889185,-0.0185054605137169,0.00161567148904665));
#2396=CARTESIAN_POINT('',(-0.00481722522949111,-0.0183535117387693,0.00142428118279386));
#2397=CARTESIAN_POINT('',(0.00129687816694182,-0.0179937480494595,0.00207413916288828));
#2398=CARTESIAN_POINT('',(-0.00220625087423292,-0.0179937480494804,0.00207413916290974));
#2399=CARTESIAN_POINT('',(-0.00569468115599833,-0.0177706664100389,0.00184436435960152));
#2400=CARTESIAN_POINT('',(0.00129687816702178,-0.0175385154136814,0.00257121278819193));
#2401=CARTESIAN_POINT('',(-0.00264445642015011,-0.0175385154137104,0.00257121278821636));
#2402=CARTESIAN_POINT('',(-0.00656484321609414,-0.017228331243432,0.00230978168979703));
#2403=CARTESIAN_POINT('',(0.0012968781671065,-0.0171478905450867,0.0030930641454085));
#2404=CARTESIAN_POINT('',(-0.00307014736805353,-0.0171478905451251,0.00309306414543486));
#2405=CARTESIAN_POINT('',(-0.00740866665595215,-0.016736973221393,0.00281135847946149));
#2406=CARTESIAN_POINT('',(0.00129687816716261,-0.0168228811025027,0.00362952115454799));
#2407=CARTESIAN_POINT('',(-0.00347522826072981,-0.0168228811025515,0.00362952115457478));
#2408=CARTESIAN_POINT('',(-0.00821013226457088,-0.0163013805538109,0.00334306112146682));
#2409=CARTESIAN_POINT('',(0.00129687816730542,-0.0165597010474765,0.00417867973762695));
#2410=CARTESIAN_POINT('',(-0.00385334822523972,-0.0165597010475362,0.0041786797376525));
#2411=CARTESIAN_POINT('',(-0.00895681030919708,-0.0159221465965998,0.00390692499672096));
#2412=CARTESIAN_POINT('',(0.00129687816709786,-0.0163586071155258,0.00473473544434188));
#2413=CARTESIAN_POINT('',(-0.0041877025357476,-0.0163586071155964,0.00473473544436346));
#2414=CARTESIAN_POINT('',(-0.00961580589880569,-0.0156081878668452,0.00450100450682189));
#2415=CARTESIAN_POINT('',(0.00129687816815462,-0.0162215462677631,0.0052773401315892));
#2416=CARTESIAN_POINT('',(-0.00444847581082215,-0.0162215462678416,0.00527734013160664));
#2417=CARTESIAN_POINT('',(-0.0101289055743319,-0.0153765973975471,0.00510426608900337));
#2418=CARTESIAN_POINT('',(0.00129687816442306,-0.0161407837339578,0.0058127947947529));
#2419=CARTESIAN_POINT('',(-0.00461920298463473,-0.0161407837340458,0.00581279479475708));
#2420=CARTESIAN_POINT('',(-0.0104643978227579,-0.0152309577833484,0.00571981240899146));
#2421=CARTESIAN_POINT('',(0.00129687817379476,-0.0161227847164287,0.00617144913826282));
#2422=CARTESIAN_POINT('',(-0.00465966923714718,-0.0161227847165097,0.00617144913827552));
#2423=CARTESIAN_POINT('',(-0.0105438633265662,-0.0151971949025673,0.00614054275140799));
#2424=CARTESIAN_POINT('',(0.00129687816739872,-0.016122784636532,0.00635000000000001));
#2425=CARTESIAN_POINT('',(-0.0046596692139958,-0.0161227846366188,0.00635000000000001));
#2426=CARTESIAN_POINT('',(-0.0105438633262849,-0.0151971949026115,0.00635000000000001));
#2427=CARTESIAN_POINT('',(-0.0105438633262847,-0.0151971949026116,0.00635));
#2428=CARTESIAN_POINT('',(-0.0105438633262847,-0.0151971949026116,0.00599878411903782));
#2429=CARTESIAN_POINT('',(-0.0103117745520138,-0.0152956639330486,0.00532890442265873));
#2430=CARTESIAN_POINT('',(-0.009461282819001,-0.0156750676246444,0.00429575252901048));
#2431=CARTESIAN_POINT('',(-0.00819038985359917,-0.016297688836137,0.00329965124598067));
#2432=CARTESIAN_POINT('',(-0.00662761168508645,-0.0171767401823151,0.00232530981640206));
#2433=CARTESIAN_POINT('',(-0.00503801682089913,-0.0181900362591675,0.00150700066954052));
#2434=CARTESIAN_POINT('',(-0.00344445075006475,-0.0193219929487581,0.000846356834881514));
#2435=CARTESIAN_POINT('',(-0.00132373277956132,-0.0209599097733892,0.000198986965417126));
#2436=CARTESIAN_POINT('',(0.000229645789700933,-0.0222603078374034,4.64129086454695E-18));
#2437=CARTESIAN_POINT('',(0.0012968781662881,-0.0231477733711857,0.));
#2438=CARTESIAN_POINT('',(-0.083724272200277,0.0566576114290217,0.01784858));
#2439=CARTESIAN_POINT('',(-0.083724272200277,0.0566576114290217,0.00635));
#2440=CARTESIAN_POINT('',(-0.0838937107193414,0.0583004219521236,0.01784858));
#2441=CARTESIAN_POINT('',(-0.0838937107193414,0.0583004219521236,0.00635));
#2442=CARTESIAN_POINT('',(-0.084014146848203,0.0598959210146894,0.01784858));
#2443=CARTESIAN_POINT('',(-0.084014146848203,0.0598959210146894,0.00635));
#2444=CARTESIAN_POINT('',(-0.0841033994430829,0.0614627409548886,0.01784858));
#2445=CARTESIAN_POINT('',(-0.0841033994430829,0.0614627409548886,0.00635));
#2446=CARTESIAN_POINT('',(-0.0841033994430829,0.0614627409548886,0.00635));
#2447=CARTESIAN_POINT('',(-0.0840125227608331,0.0598674103312844,0.00635));
#2448=CARTESIAN_POINT('',(-0.0838905917143094,0.0582751564676418,0.00635));
#2449=CARTESIAN_POINT('',(-0.0837272986778637,0.0566870006081767,0.00635));
#2450=CARTESIAN_POINT('',(-0.0776149579435973,0.0318538084022441,0.01784858));
#2451=CARTESIAN_POINT('',(-0.0776149579435973,0.0318538084022441,0.00635));
#2452=CARTESIAN_POINT('',(-0.0782312729136402,0.0333727896733132,0.01784858));
#2453=CARTESIAN_POINT('',(-0.0782312729136402,0.0333727896733132,0.00635));
#2454=CARTESIAN_POINT('',(-0.0788085282647852,0.0349442949765851,0.01784858));
#2455=CARTESIAN_POINT('',(-0.0788085282647852,0.0349442949765851,0.00635));
#2456=CARTESIAN_POINT('',(-0.0793440745703304,0.0365441525032321,0.01784858));
#2457=CARTESIAN_POINT('',(-0.0793440745703304,0.0365441525032321,0.00635));
#2458=CARTESIAN_POINT('',(-0.0793344877804248,0.0365155298525927,0.00635));
#2459=CARTESIAN_POINT('',(-0.0788086896447452,0.0349465835620236,0.00635));
#2460=CARTESIAN_POINT('',(-0.0782389049497375,0.0333915997305979,0.00635));
#2461=CARTESIAN_POINT('',(-0.0776149579435973,0.0318538084022441,0.00635));
#2462=CARTESIAN_POINT('',(-0.0841033994430829,0.0614627409548886,0.00635));
#2463=CARTESIAN_POINT('',(-0.0841033994430829,0.0614627409548886,1.38777878078145E-17));
#2464=CARTESIAN_POINT('',(-0.0904431218389872,0.0611016039409052,0.));
#2465=CARTESIAN_POINT('',(-0.0839684505553954,0.0590937273881604,0.00635000000006488));
#2466=CARTESIAN_POINT('',(-0.0839684505561058,0.0590937273881934,5.51573517019582E-14));
#2467=CARTESIAN_POINT('',(-0.0903013297643256,0.0586124589327975,0.));
#2468=CARTESIAN_POINT('',(-0.0835645949631545,0.0544478202115398,0.00634999999997406));
#2469=CARTESIAN_POINT('',(-0.0835645949629599,0.0544478202116383,8.09419758565991E-15));
#2470=CARTESIAN_POINT('',(-0.0898712395196244,0.0536474697298265,2.99239799605999E-17));
#2471=CARTESIAN_POINT('',(-0.0827871574703582,0.0498684279458511,0.00634999999998703));
#2472=CARTESIAN_POINT('',(-0.0827871574700371,0.0498684279456209,-7.12971746159506E-14));
#2473=CARTESIAN_POINT('',(-0.0890357109315143,0.048727666492241,-7.80625564189563E-18));
#2474=CARTESIAN_POINT('',(-0.082312036942534,0.0475785799403814,0.00634999999999999));
#2475=CARTESIAN_POINT('',(-0.082312036942534,0.0475785799403814,6.07153216591882E-18));
#2476=CARTESIAN_POINT('',(-0.0885296075474404,0.0462884963101447,-7.80625564189563E-18));
#2477=CARTESIAN_POINT('',(-0.0904431218389872,0.0611016039409053,0.00635));
#2478=CARTESIAN_POINT('',(-0.0857584010095546,0.0487168094610587,0.000859551282891301));
#2479=CARTESIAN_POINT('',(-0.0861967405497159,0.0483583619973606,0.000570691434571826));
#2480=CARTESIAN_POINT('',(-0.0871111648357179,0.047632439642053,0.00014097700298109));
#2481=CARTESIAN_POINT('',(-0.0881121080527561,0.046823689545701,6.16304537762263E-16));
#2482=CARTESIAN_POINT('',(-0.088547680989099,0.0463757900644023,-6.93889390390723E-18));
#2483=CARTESIAN_POINT('',(-0.0820482641995494,0.0463471792436113,0.00635000000000001));
#2484=CARTESIAN_POINT('',(-0.0820482641995494,0.0463471792436113,1.47451495458029E-17));
#2485=CARTESIAN_POINT('',(-0.0882487763014236,0.0449774531124044,1.30104260698261E-17));
#2486=CARTESIAN_POINT('',(-0.080950222973944,0.0413765374834778,0.00634999999986844));
#2487=CARTESIAN_POINT('',(-0.0809502229731486,0.0413765374829829,-2.49024832049228E-13));
#2488=CARTESIAN_POINT('',(-0.0870802129643811,0.0396875700121096,1.30104260698261E-17));
#2489=CARTESIAN_POINT('',(-0.0794891606414092,0.0364730030260021,0.00635));
#2490=CARTESIAN_POINT('',(-0.0794891606417255,0.0364730030264381,1.03491628306821E-13));
#2491=CARTESIAN_POINT('',(-0.0855384383470711,0.0344926635921846,0.));
#2492=CARTESIAN_POINT('',(-0.0776149579435973,0.0318538084022441,0.00635));
#2493=CARTESIAN_POINT('',(-0.0776149579435973,0.0318538084022441,-1.38777878078145E-17));
#2494=CARTESIAN_POINT('',(-0.0834990618231801,0.0294663785008065,0.));
#2495=CARTESIAN_POINT('',(-0.0834990618231804,0.0294663785008072,0.00635));
#2496=CARTESIAN_POINT('',(-0.084947850304842,0.0439834716484439,0.000750680040134934));
#2497=CARTESIAN_POINT('',(-0.085464504006508,0.044117090683262,0.000498402862229838));
#2498=CARTESIAN_POINT('',(-0.0865285736467615,0.0443794038806393,0.000122934862784741));
#2499=CARTESIAN_POINT('',(-0.0876843002112432,0.0446762118792293,-2.81421942130242E-17));
#2500=CARTESIAN_POINT('',(-0.0882278237903983,0.0448828116753929,0.));
#2501=CARTESIAN_POINT('',(5.96904994643299,0.321617482579168,0.0107049365007508));
#2502=CARTESIAN_POINT('',(-0.117592006897173,0.0586454642358453,0.00635));
#2503=CARTESIAN_POINT('',(-0.117651602385431,0.0600239914191473,0.00635));
#2504=CARTESIAN_POINT('',(-0.117710599225628,0.0614025447998411,0.00635));
#2505=CARTESIAN_POINT('',(-0.117769391205382,0.062781107145417,0.00635));
#2506=CARTESIAN_POINT('',(-0.115999660046297,0.0301653099990383,0.00635));
#2507=CARTESIAN_POINT('',(-0.115999660046297,0.0301653099990383,0.));
#2508=CARTESIAN_POINT('',(-0.109677671016491,0.0307610907531854,0.));
#2509=CARTESIAN_POINT('',(-0.116265278334401,0.032983856740971,0.00635));
#2510=CARTESIAN_POINT('',(-0.116265278332947,0.0329838567411024,-8.18325200405158E-15));
#2511=CARTESIAN_POINT('',(-0.109930583556375,0.03344481341436,0.));
#2512=CARTESIAN_POINT('',(-0.116624814399229,0.0384573485269505,0.00635000000000255));
#2513=CARTESIAN_POINT('',(-0.116624814400006,0.0384573485269192,1.20063129652152E-14));
#2514=CARTESIAN_POINT('',(-0.110285636715777,0.0388228829180608,-5.51957469628985E-19));
#2515=CARTESIAN_POINT('',(-0.117194740696126,0.0493026706226499,0.00634999999998727));
#2516=CARTESIAN_POINT('',(-0.117194740695147,0.0493026706225438,-4.36442441362609E-14));
#2517=CARTESIAN_POINT('',(-0.110850793468085,0.049588621430927,2.35764690598666E-17));
#2518=CARTESIAN_POINT('',(-0.117539619217032,0.0573933822800303,0.0063500000000561));
#2519=CARTESIAN_POINT('',(-0.117539619219597,0.057393382280655,1.82319375620288E-13));
#2520=CARTESIAN_POINT('',(-0.111195492365915,0.057666440349503,8.67361737988404E-19));
#2521=CARTESIAN_POINT('',(-0.117769391205382,0.062781107145417,0.00635));
#2522=CARTESIAN_POINT('',(-0.117769391205382,0.062781107145417,-1.30104260698261E-17));
#2523=CARTESIAN_POINT('',(-0.111425158008836,0.0630516716438922,8.67361737988404E-19));
#2524=CARTESIAN_POINT('',(-0.109677671016491,0.0307610907531854,0.00635));
#2525=CARTESIAN_POINT('',(-0.111425158008836,0.0630516716438922,0.00635));
#2526=CARTESIAN_POINT('',(-0.110399014989745,0.0411024814866245,6.93889390390723E-18));
#2527=CARTESIAN_POINT('',(-0.110834282877625,0.0424509899148591,6.08095567932293E-18));
#2528=CARTESIAN_POINT('',(-0.111668487816956,0.0451564218939992,6.68067715326647E-5));
#2529=CARTESIAN_POINT('',(-0.112494124151831,0.049346262621323,0.000223786488877963));
#2530=CARTESIAN_POINT('',(-0.112092629040713,0.053615965675334,7.14140324874734E-5));
#2531=CARTESIAN_POINT('',(-0.11150702976623,0.0563882716127381,-2.20817762326046E-18));
#2532=CARTESIAN_POINT('',(-0.111198225806108,0.0577733737543505,0.));
#2533=CARTESIAN_POINT('',(0.00129687816628809,-0.064820921335371,0.03556));
#2534=CARTESIAN_POINT('',(-0.0123815687233604,-0.064820921335371,0.00388215517835552));
#2535=CARTESIAN_POINT('',(-0.0127535790642125,-0.064820921335371,0.00398377000294096));
#2536=CARTESIAN_POINT('',(-0.0134938852078311,-0.064820921335371,0.00421246230482542));
#2537=CARTESIAN_POINT('',(-0.0145538969313435,-0.064820921335371,0.00466116663793181));
#2538=CARTESIAN_POINT('',(-0.0155490380870256,-0.064820921335371,0.00527047171067846));
#2539=CARTESIAN_POINT('',(-0.0160264558895287,-0.064820921335371,0.00595457301510224));
#2540=CARTESIAN_POINT('',(-0.0160264558895287,-0.064820921335371,0.00635));
#2541=CARTESIAN_POINT('',(-0.0123815687233604,-0.064820921335371,0.00388215517835546));
#2542=CARTESIAN_POINT('',(0.0012968781662881,-0.064820921335371,0.01778));
#2543=CARTESIAN_POINT('',(-0.0776149579435972,0.0318538084022441,0.00635));
#2544=CARTESIAN_POINT('',(-0.0776149579435972,0.0318538084022441,-1.30104260698261E-17));
#2545=CARTESIAN_POINT('',(-0.0834990618231801,0.0294663785008066,0.));
#2546=CARTESIAN_POINT('',(-0.0768545146384984,0.0299796057716073,0.00635));
#2547=CARTESIAN_POINT('',(-0.0768545146393108,0.0299796057715676,6.58452340491867E-14));
#2548=CARTESIAN_POINT('',(-0.0826716005108274,0.0274270020488098,0.));
#2549=CARTESIAN_POINT('',(-0.0756164652381492,0.0272653004794537,0.00635));
#2550=CARTESIAN_POINT('',(-0.075616465237966,0.0272653004794627,-1.48462532719454E-14));
#2551=CARTESIAN_POINT('',(-0.0813123549211724,0.0244392968832517,5.87944309269013E-19));
#2552=CARTESIAN_POINT('',(-0.0737491842437783,0.0239505240170945,0.00635));
#2553=CARTESIAN_POINT('',(-0.0737491842438129,0.0239505240170928,2.8031503591554E-15));
#2554=CARTESIAN_POINT('',(-0.0791802448312561,0.0206494748138508,6.82634845978061E-18));
#2555=CARTESIAN_POINT('',(-0.0722188423837317,0.0216410428603059,0.00634999999999999));
#2556=CARTESIAN_POINT('',(-0.0722188423837225,0.0216410428603063,-7.63086561167599E-16));
#2557=CARTESIAN_POINT('',(-0.077378700402191,0.0179288886528244,-1.38404279022281E-17));
#2558=CARTESIAN_POINT('',(-0.0704984973667283,0.019427958273201,0.00635000000000001));
#2559=CARTESIAN_POINT('',(-0.0704984973667308,0.0194279582732009,2.07562522091547E-16));
#2560=CARTESIAN_POINT('',(-0.0753647194719389,0.015339601025183,6.90199972568839E-18));
#2561=CARTESIAN_POINT('',(-0.0685685121008638,0.017290231204505,0.00635));
#2562=CARTESIAN_POINT('',(-0.0685685121008631,0.017290231204505,-5.6755186342729E-17));
#2563=CARTESIAN_POINT('',(-0.0731344734968495,0.0128708684969325,-3.35923014466463E-18));
#2564=CARTESIAN_POINT('',(-0.0664685472072593,0.0152439826453562,0.00635000000000001));
#2565=CARTESIAN_POINT('',(-0.0664685472072595,0.0152439826453562,3.50707345631608E-17));
#2566=CARTESIAN_POINT('',(-0.0707769409252507,0.0105760842940195,2.21474321367614E-17));
#2567=CARTESIAN_POINT('',(-0.0641903224696335,0.0132220442929467,0.00635));
#2568=CARTESIAN_POINT('',(-0.0641903224696334,0.0132220442929467,-1.0669365918888E-17));
#2569=CARTESIAN_POINT('',(-0.0683246393486169,0.00840161812276756,-7.16794198342474E-18));
#2570=CARTESIAN_POINT('',(-0.0617503809936247,0.0111677628815505,0.00635000000000001));
#2571=CARTESIAN_POINT('',(-0.0617503809936248,0.0111677628815505,2.32192403961826E-17));
#2572=CARTESIAN_POINT('',(-0.0658211552615922,0.00629408987009954,2.21368470807288E-17));
#2573=CARTESIAN_POINT('',(-0.0583088085405308,0.00824303041456469,0.00634999999999999));
#2574=CARTESIAN_POINT('',(-0.0583088085405308,0.00824303041456469,-1.32664657945758E-17));
#2575=CARTESIAN_POINT('',(-0.0624954633470165,0.00346794485543888,-1.1801468920955E-17));
#2576=CARTESIAN_POINT('',(-0.0542453304216984,0.0046727302327848,0.00635000000000002));
#2577=CARTESIAN_POINT('',(-0.0542453304216984,0.00467273023278479,4.23332683797474E-17));
#2578=CARTESIAN_POINT('',(-0.0583931313511019,-0.000135857485324182,3.45602630944297E-17));
#2579=CARTESIAN_POINT('',(-0.0494191438584679,0.000673967023931622,0.00635000000000002));
#2580=CARTESIAN_POINT('',(-0.0494191438584679,0.000673967023931616,2.15867928042242E-17));
#2581=CARTESIAN_POINT('',(-0.0533568587843695,-0.00431236819825687,2.33453645004345E-17));
#2582=CARTESIAN_POINT('',(-0.0445331998609747,-0.00291271266198958,0.00635000000000001));
#2583=CARTESIAN_POINT('',(-0.0445331998609747,-0.00291271266198958,1.18321619574769E-17));
#2584=CARTESIAN_POINT('',(-0.0480845636393028,-0.00818720983983355,1.25708804579536E-17));
#2585=CARTESIAN_POINT('',(-0.0394271244130564,-0.00599940737371469,0.00635));
#2586=CARTESIAN_POINT('',(-0.0394271244130564,-0.00599940737371469,9.14711578482429E-18));
#2587=CARTESIAN_POINT('',(-0.0424587178343378,-0.0115890379200077,4.43367008670736E-18));
#2588=CARTESIAN_POINT('',(-0.0338761643613897,-0.00872349756836892,0.00634999999999999));
#2589=CARTESIAN_POINT('',(-0.0338761643613897,-0.00872349756836893,-1.58309124540031E-18));
#2590=CARTESIAN_POINT('',(-0.0364408114534994,-0.0145393258047386,-1.46930495209918E-17));
#2591=CARTESIAN_POINT('',(-0.0281741446565734,-0.0109771986655646,0.00635));
#2592=CARTESIAN_POINT('',(-0.0281741446565734,-0.0109771986655645,-3.92439437987359E-17));
#2593=CARTESIAN_POINT('',(-0.0302903723935045,-0.016970381866685,7.500994145886E-18));
#2594=CARTESIAN_POINT('',(-0.0223475113871224,-0.0128021501862737,0.00635));
#2595=CARTESIAN_POINT('',(-0.0223475113871224,-0.0128021501862739,1.74171377724136E-16));
#2596=CARTESIAN_POINT('',(-0.0240244909495006,-0.0189323015689426,3.0158422123907E-19));
#2597=CARTESIAN_POINT('',(-0.0163877741288882,-0.0142078135504562,0.00635000000000001));
#2598=CARTESIAN_POINT('',(-0.0163877741288884,-0.0142078135504553,-6.41829055814015E-16));
#2599=CARTESIAN_POINT('',(-0.0176446572061182,-0.0204361376187885,6.90518025294897E-18));
#2600=CARTESIAN_POINT('',(-0.00816845438771723,-0.0156502019993306,0.00634999999999999));
#2601=CARTESIAN_POINT('',(-0.00816845438771629,-0.0156502019993355,3.42561949435896E-15));
#2602=CARTESIAN_POINT('',(-0.00901570118185602,-0.0219471410071078,-1.87147853499746E-17));
#2603=CARTESIAN_POINT('',(-0.00170306679799034,-0.0163978110309911,0.00635));
#2604=CARTESIAN_POINT('',(-0.00170306679799451,-0.0163978110309696,-1.52728666051298E-14));
#2605=CARTESIAN_POINT('',(-0.00245038019462155,-0.022703683110835,2.60208521396521E-18));
#2606=CARTESIAN_POINT('',(0.00267018367888321,-0.0169160880633841,0.00635));
#2607=CARTESIAN_POINT('',(0.00267018367888321,-0.0169160880633841,6.07153216591882E-18));
#2608=CARTESIAN_POINT('',(0.00192287028225329,-0.0232219601432171,2.60208521396521E-18));
#2609=CARTESIAN_POINT('',(-0.0843637389044238,0.0687714945513224,0.00635000000000001));
#2610=CARTESIAN_POINT('',(-0.0843637389044238,0.0687714945513224,1.30104260698261E-17));
#2611=CARTESIAN_POINT('',(-0.09071204629291,0.0686248886125247,1.30104260698261E-17));
#2612=CARTESIAN_POINT('',(-0.0843061129878208,0.0662761861406345,0.0063499999999826));
#2613=CARTESIAN_POINT('',(-0.084306112989092,0.0662761861409369,4.35449442211525E-14));
#2614=CARTESIAN_POINT('',(-0.0906541093553119,0.0661161123823901,1.30104260698261E-17));
#2615=CARTESIAN_POINT('',(-0.0842392654677982,0.0638478547659316,0.00635));
#2616=CARTESIAN_POINT('',(-0.0842392654667168,0.0638478547653951,-1.12111193001372E-13));
#2617=CARTESIAN_POINT('',(-0.0905858775584723,0.0636076656283381,0.));
#2618=CARTESIAN_POINT('',(-0.0841033994430828,0.0614627409548886,0.00635));
#2619=CARTESIAN_POINT('',(-0.0841033994430828,0.0614627409548886,1.38777878078145E-17));
#2620=CARTESIAN_POINT('',(-0.0904431218389872,0.0611016039409053,0.));
#2621=CARTESIAN_POINT('',(-0.117769391205382,0.062781107145417,0.00635));
#2622=CARTESIAN_POINT('',(-0.117769391205382,0.062781107145417,-1.38777878078145E-17));
#2623=CARTESIAN_POINT('',(-0.111425158008836,0.0630516716438922,0.));
#2624=CARTESIAN_POINT('',(-0.117852369712154,0.0647267984693987,0.00634999999997974));
#2625=CARTESIAN_POINT('',(-0.117852369712755,0.0647267984695341,4.20704832344909E-15));
#2626=CARTESIAN_POINT('',(-0.111508098111453,0.0649964624543583,0.));
#2627=CARTESIAN_POINT('',(-0.117934886682614,0.0666713719641793,0.00634999999997299));
#2628=CARTESIAN_POINT('',(-0.117934886682796,0.0666713719643198,2.60208521396521E-18));
#2629=CARTESIAN_POINT('',(-0.111590624985606,0.0669412708896909,2.60208521396521E-18));
#2630=CARTESIAN_POINT('',(-0.118017986969802,0.0686147727048992,0.00635));
#2631=CARTESIAN_POINT('',(-0.118017986969802,0.0686147727048992,2.60208521396521E-18));
#2632=CARTESIAN_POINT('',(-0.111673784312707,0.0688860523497685,2.60208521396521E-18));
#2633=CARTESIAN_POINT('',(-0.109677671016491,0.0307610907531854,8.67361737988404E-19));
#2634=CARTESIAN_POINT('',(-0.115999660046297,0.0301653099990383,8.67361737988405E-19));
#2635=CARTESIAN_POINT('',(-0.115999660046297,0.0301653099990383,0.00635));
#2636=CARTESIAN_POINT('',(-0.109531708447025,0.0292122428586611,8.67361737988404E-19));
#2637=CARTESIAN_POINT('',(-0.115846364651518,0.0285386515304475,4.04895840994741E-15));
#2638=CARTESIAN_POINT('',(-0.115846364650724,0.0285386515304835,0.00635));
#2639=CARTESIAN_POINT('',(-0.109186090521059,0.0261260351819509,-3.01840111603551E-18));
#2640=CARTESIAN_POINT('',(-0.115476309382157,0.0252162087138835,-1.87957614829535E-15));
#2641=CARTESIAN_POINT('',(-0.115476309382525,0.0252162087138668,0.00635));
#2642=CARTESIAN_POINT('',(-0.108338420092396,0.0215671896904379,2.48758725829329E-17));
#2643=CARTESIAN_POINT('',(-0.114542344818643,0.020198909716382,5.2589558582434E-16));
#2644=CARTESIAN_POINT('',(-0.114542344818544,0.0201989097163865,0.00635000000000002));
#2645=CARTESIAN_POINT('',(-0.107275590681111,0.017054350136427,-1.84225327967399E-17));
#2646=CARTESIAN_POINT('',(-0.113434423486807,0.0155032959446856,-1.51147809010981E-16));
#2647=CARTESIAN_POINT('',(-0.113434423486833,0.0155032959446844,0.00634999999999999));
#2648=CARTESIAN_POINT('',(-0.106022247190497,0.0125824145175552,1.976724752653E-18));
#2649=CARTESIAN_POINT('',(-0.112087472141617,0.0106855242936999,3.18581163682117E-17));
#2650=CARTESIAN_POINT('',(-0.11208747214161,0.0106855242937002,0.00635));
#2651=CARTESIAN_POINT('',(-0.104471443633978,0.00817362804299897,2.61281450699192E-17));
#2652=CARTESIAN_POINT('',(-0.110381402361639,0.00583341360370428,3.93278548219258E-17));
#2653=CARTESIAN_POINT('',(-0.110381402361641,0.00583341360370418,0.00635000000000002));
#2654=CARTESIAN_POINT('',(-0.102890152830911,0.00467273436999391,-1.93342663328247E-17));
#2655=CARTESIAN_POINT('',(-0.108591645068559,0.00185147488974697,-2.0982376544681E-17));
#2656=CARTESIAN_POINT('',(-0.108591645068559,0.00185147488974699,0.00634999999999998));
#2657=CARTESIAN_POINT('',(-0.101370040382387,0.00200894294753793,6.15728345941376E-18));
#2658=CARTESIAN_POINT('',(-0.106764286471512,-0.00135278522061408,6.48393989035364E-18));
#2659=CARTESIAN_POINT('',(-0.106764286471512,-0.00135278522061408,0.00635));
#2660=CARTESIAN_POINT('',(-0.0996492298047809,-0.000540994290918035,3.20724728806384E-18));
#2661=CARTESIAN_POINT('',(-0.104710271963782,-0.00439363284522998,2.89541891428077E-18));
#2662=CARTESIAN_POINT('',(-0.104710271963782,-0.00439363284522997,0.00635));
#2663=CARTESIAN_POINT('',(-0.0971614029975534,-0.00356301069261742,-2.06203646801651E-17));
#2664=CARTESIAN_POINT('',(-0.101866070260687,-0.00783740783749317,-1.94471914708169E-17));
#2665=CARTESIAN_POINT('',(-0.101866070260687,-0.00783740783749317,0.00634999999999999));
#2666=CARTESIAN_POINT('',(-0.0939108041178381,-0.00691198913186562,2.76711551875772E-17));
#2667=CARTESIAN_POINT('',(-0.0983544542817247,-0.0114499446534498,2.35872910405935E-17));
#2668=CARTESIAN_POINT('',(-0.0983544542817246,-0.0114499446534499,0.00635000000000002));
#2669=CARTESIAN_POINT('',(-0.0905370992473373,-0.0101260204391463,-1.20016996511873E-17));
#2670=CARTESIAN_POINT('',(-0.0948795608482857,-0.0147590847456752,3.16058372739913E-18));
#2671=CARTESIAN_POINT('',(-0.0948795608482857,-0.0147590847456752,0.00634999999999999));
#2672=CARTESIAN_POINT('',(-0.0871539750300006,-0.0133304993481639,3.59481547009632E-17));
#2673=CARTESIAN_POINT('',(-0.0915669138626004,-0.0178969305029887,3.66287600408358E-17));
#2674=CARTESIAN_POINT('',(-0.0915669138626004,-0.0178969305029887,0.00635000000000002));
#2675=CARTESIAN_POINT('',(-0.0827177560904596,-0.0176833652213562,-3.53808365046754E-19));
#2676=CARTESIAN_POINT('',(-0.0872096001904873,-0.0221721568991153,-1.74880558918662E-17));
#2677=CARTESIAN_POINT('',(-0.0872096001904873,-0.0221721568991153,0.00635));
#2678=CARTESIAN_POINT('',(-0.078344842857367,-0.022104443793401,1.48091525893869E-17));
#2679=CARTESIAN_POINT('',(-0.0828724000994433,-0.0265567875667751,1.7534714503163E-17));
#2680=CARTESIAN_POINT('',(-0.0828724000994433,-0.0265567875667751,0.00635000000000001));
#2681=CARTESIAN_POINT('',(-0.0739819624246753,-0.0265365520667129,-1.80213092982698E-17));
#2682=CARTESIAN_POINT('',(-0.0785034311406026,-0.0309951584649884,-1.8507480765673E-17));
#2683=CARTESIAN_POINT('',(-0.0785034311406026,-0.0309951584649884,0.00634999999999999));
#2684=CARTESIAN_POINT('',(-0.0696130343289014,-0.0309613096257657,2.39297641611593E-17));
#2685=CARTESIAN_POINT('',(-0.0741187918093067,-0.0354356201563463,2.41212310518028E-17));
#2686=CARTESIAN_POINT('',(-0.0741187918093067,-0.0354356201563463,0.00635000000000001));
#2687=CARTESIAN_POINT('',(-0.0640510570411547,-0.0363895597707518,-8.16749633065088E-18));
#2688=CARTESIAN_POINT('',(-0.0682978524589725,-0.0411255751124787,-7.45984100942546E-18));
#2689=CARTESIAN_POINT('',(-0.0682978524589725,-0.0411255751124787,0.00635));
#2690=CARTESIAN_POINT('',(-0.0579352482729315,-0.0411980052707262,1.35831509006193E-17));
#2691=CARTESIAN_POINT('',(-0.0616155881779579,-0.0463933534311112,1.12687180462996E-17));
#2692=CARTESIAN_POINT('',(-0.0616155881779579,-0.0463933534311112,0.00635000000000001));
#2693=CARTESIAN_POINT('',(-0.0525057198985994,-0.0445161227175749,1.62151058544935E-17));
#2694=CARTESIAN_POINT('',(-0.0555920408296231,-0.0500723469237767,2.02395539280239E-17));
#2695=CARTESIAN_POINT('',(-0.0555920408296231,-0.0500723469237767,0.00635000000000001));
#2696=CARTESIAN_POINT('',(-0.0482809394479014,-0.0466825566051622,-1.03900663810578E-18));
#2697=CARTESIAN_POINT('',(-0.0510204565567498,-0.0524140971246312,4.4095954018517E-18));
#2698=CARTESIAN_POINT('',(-0.0510204565567498,-0.0524140971246312,0.00635));
#2699=CARTESIAN_POINT('',(-0.043984964167787,-0.048617297238833,3.55343198172087E-18));
#2700=CARTESIAN_POINT('',(-0.0464716239084667,-0.0544617869474632,-2.22654242516393E-17));
#2701=CARTESIAN_POINT('',(-0.0464716239084667,-0.0544617869474634,0.00635));
#2702=CARTESIAN_POINT('',(-0.0381740846398404,-0.0509720564761471,2.06590933277781E-18));
#2703=CARTESIAN_POINT('',(-0.0404040247227949,-0.0569198053553178,1.41107958601876E-16));
#2704=CARTESIAN_POINT('',(-0.0404040247227949,-0.0569198053553171,0.00635));
#2705=CARTESIAN_POINT('',(-0.0308023586061469,-0.053605140782282,2.67093430587356E-18));
#2706=CARTESIAN_POINT('',(-0.0328296574605564,-0.059623654551455,-1.11961322794921E-15));
#2707=CARTESIAN_POINT('',(-0.0328296574605564,-0.0596236545514606,0.00635));
#2708=CARTESIAN_POINT('',(-0.0218621966096595,-0.0564993871883102,2.98386972213838E-18));
#2709=CARTESIAN_POINT('',(-0.0237630048481559,-0.0625583413713248,4.06958820460094E-15));
#2710=CARTESIAN_POINT('',(-0.0237630048481557,-0.0625583413713042,0.00635));
#2711=CARTESIAN_POINT('',(-0.012885371356429,-0.0592891915855049,1.00609808936418E-18));
#2712=CARTESIAN_POINT('',(-0.0147716022583182,-0.0653525451606983,-1.51379229087428E-14));
#2713=CARTESIAN_POINT('',(-0.0147716022583187,-0.0653525451607751,0.00635));
#2714=CARTESIAN_POINT('',(-0.00690305922990163,-0.0611554898265389,2.60208521396521E-18));
#2715=CARTESIAN_POINT('',(-0.00879252953993365,-0.0672178657592674,3.26157002112365E-14));
#2716=CARTESIAN_POINT('',(-0.00879252953993262,-0.0672178657591019,0.00635));
#2717=CARTESIAN_POINT('',(-0.00391162341125459,-0.0620878353667488,2.60208521396521E-18));
#2718=CARTESIAN_POINT('',(-0.00580109372128069,-0.0681502112992962,2.60208521396521E-18));
#2719=CARTESIAN_POINT('',(-0.00580109372128069,-0.0681502112992962,0.00635));
#2720=CARTESIAN_POINT('',(-0.0169191691701534,-0.0646850203208455,0.00635));
#2721=CARTESIAN_POINT('',(-0.0169191691701534,-0.0646850203208455,0.00570527934282767));
#2722=CARTESIAN_POINT('',(-0.0165200351512646,-0.0645909783018096,0.00444500201342781));
#2723=CARTESIAN_POINT('',(-0.0152332018435882,-0.0642876463988457,0.00302278965231739));
#2724=CARTESIAN_POINT('',(-0.0137016917256193,-0.0639266610661679,0.00198725097588478));
#2725=CARTESIAN_POINT('',(-0.011437536533731,-0.0633929801027056,0.000949046325585035));
#2726=CARTESIAN_POINT('',(-0.00846763785797676,-0.0626929516532254,0.000196183910554618));
#2727=CARTESIAN_POINT('',(-0.00600112403511531,-0.0621115742542509,8.27462636976543E-16));
#2728=CARTESIAN_POINT('',(-0.00476801855613931,-0.0618209213353752,0.));
#2729=CARTESIAN_POINT('',(-0.0169191691701535,-0.0646850203208455,0.00635));
#2730=CARTESIAN_POINT('',(-0.016483156884602,-0.064820921335371,0.00635));
#2731=CARTESIAN_POINT('',(-0.0160264558895287,-0.064820921335371,0.00635));
#2732=CARTESIAN_POINT('',(-0.0169191691231821,-0.0646850203354861,0.00584861972681479));
#2733=CARTESIAN_POINT('',(-0.0164831568320116,-0.0648209213353702,0.00596431123685586));
#2734=CARTESIAN_POINT('',(-0.016026455838007,-0.064820921335371,0.00608549229682549));
#2735=CARTESIAN_POINT('',(-0.0166803049664402,-0.0646287455729461,0.004910573579182));
#2736=CARTESIAN_POINT('',(-0.0162555561035584,-0.0648209213353713,0.00523806388124359));
#2737=CARTESIAN_POINT('',(-0.0158051914796076,-0.064820921335371,0.00559061755752026));
#2738=CARTESIAN_POINT('',(-0.0158256394194,-0.0644272906304555,0.00359407138032816));
#2739=CARTESIAN_POINT('',(-0.0154409611420225,-0.0648209213353708,0.00419689379343699));
#2740=CARTESIAN_POINT('',(-0.0150133049734577,-0.064820921335371,0.00489608490143352));
#2741=CARTESIAN_POINT('',(-0.0145677376420101,-0.0641307946771361,0.00252089117805352));
#2742=CARTESIAN_POINT('',(-0.0142381152059795,-0.0648209213353711,0.0033054780207217));
#2743=CARTESIAN_POINT('',(-0.0138478168454973,-0.064820921335371,0.00432991896794925));
#2744=CARTESIAN_POINT('',(-0.0129737437970288,-0.0637550769245785,0.00162094595973608));
#2745=CARTESIAN_POINT('',(-0.0127188363547254,-0.0648209213353709,0.00249573581040897));
#2746=CARTESIAN_POINT('',(-0.0123709221695324,-0.064820921335371,0.00385514471891618));
#2747=CARTESIAN_POINT('',(-0.0113511196762067,-0.0633726114588004,0.000981471285069942));
#2748=CARTESIAN_POINT('',(-0.0111658119103761,-0.064820921335371,0.0018464453507236));
#2749=CARTESIAN_POINT('',(-0.0108675020354053,-0.064820921335371,0.00351778406377611));
#2750=CARTESIAN_POINT('',(-0.00971958402574927,-0.0629880452931592,0.000526086356993424));
#2751=CARTESIAN_POINT('',(-0.00959528012279684,-0.0648209213353708,0.00129844677790622));
#2752=CARTESIAN_POINT('',(-0.00935582463252674,-0.064820921335371,0.00327754162140948));
#2753=CARTESIAN_POINT('',(-0.00753023405827847,-0.0624719978392221,0.000116112592403564));
#2754=CARTESIAN_POINT('',(-0.00743596628356319,-0.0648209213353717,0.000649355902787749));
#2755=CARTESIAN_POINT('',(-0.00732731202531134,-0.064820921335371,0.00306125624951718));
#2756=CARTESIAN_POINT('',(-0.00587597043782891,-0.062082074540688,5.60179940844913E-16));
#2757=CARTESIAN_POINT('',(-0.00582975767712328,-0.0648209213353676,0.00025026048269468));
#2758=CARTESIAN_POINT('',(-0.00579457640454067,-0.064820921335371,0.00300000000008259));
#2759=CARTESIAN_POINT('',(-0.0047680185561371,-0.0618209213353738,1.30104260698261E-18));
#2760=CARTESIAN_POINT('',(-0.0047680185561371,-0.064820921335371,2.75604192245815E-15));
#2761=CARTESIAN_POINT('',(-0.00476801855613624,-0.064820921335371,0.003));
#2762=CARTESIAN_POINT('',(-0.0123815687233667,-0.064820921335371,0.0038821551783531));
#2763=CARTESIAN_POINT('',(-0.0111800460829599,-0.0648209213353754,0.00332643701483677));
#2764=CARTESIAN_POINT('',(-0.00866798295074832,-0.0647678015354307,0.00246918751314649));
#2765=CARTESIAN_POINT('',(-0.00608194098869011,-0.0646573967880378,0.00201183300106671));
#2766=CARTESIAN_POINT('',(-0.00476801855613982,-0.0646016481165689,0.00187414096427289));
#2767=CARTESIAN_POINT('',(0.0012968781662881,-0.071820921335371,0.01778));
#2768=CARTESIAN_POINT('',(-0.0123815687233703,-0.071820921335371,0.00388215517834534));
#2769=CARTESIAN_POINT('',(-0.00476801855613996,-0.0646016481165686,0.00187414096427205));
#2770=CARTESIAN_POINT('',(-0.00316325320034437,-0.0663074574409726,0.00608727024730002));
#2771=CARTESIAN_POINT('',(-0.00259087614296029,-0.0710900106060297,0.00589995932536761));
#2772=CARTESIAN_POINT('',(-0.00610669169648307,-0.0646584469349132,0.00201442672856303));
#2773=CARTESIAN_POINT('',(-0.00410627026286303,-0.0662233082517713,0.00644563803403521));
#2774=CARTESIAN_POINT('',(-0.00350685806835241,-0.0712793400277867,0.0061997152584631));
#2775=CARTESIAN_POINT('',(-0.00869056751738584,-0.0647681436798027,0.00247858120907369));
#2776=CARTESIAN_POINT('',(-0.00580541174283575,-0.0659296248377038,0.00736758478320956));
#2777=CARTESIAN_POINT('',(-0.00523428573657373,-0.0716449958028437,0.00699360471948413));
#2778=CARTESIAN_POINT('',(-0.011163788065782,-0.0648209213353696,0.00331891749953497));
#2779=CARTESIAN_POINT('',(-0.00697529491446449,-0.0652595332962059,0.00838289407515127));
#2780=CARTESIAN_POINT('',(-0.00677840074452927,-0.0718209213360235,0.00818910817398795));
#2781=CARTESIAN_POINT('',(-0.012381568723362,-0.064820921335371,0.00388215517834996));
#2782=CARTESIAN_POINT('',(-0.00747135701939205,-0.0648209213353801,0.00887112511432561));
#2783=CARTESIAN_POINT('',(-0.00747135701938392,-0.071820921335371,0.0088711251143176));
#2784=CARTESIAN_POINT('',(-0.111177104632321,0.0578679352237222,5.00409804244858E-8));
#2785=CARTESIAN_POINT('',(-0.110443234639436,0.0574742845352337,2.89289808748809E-6));
#2786=CARTESIAN_POINT('',(-0.109725975281977,0.0570899575725356,-0.000174211344440455));
#2787=CARTESIAN_POINT('',(-0.111474391673317,0.0565393869776351,-1.35816807745958E-6));
#2788=CARTESIAN_POINT('',(-0.110823444808371,0.0562138634304969,-3.86778594774064E-5));
#2789=CARTESIAN_POINT('',(-0.110193736998972,0.0558894038808131,-0.000210599660584817));
#2790=CARTESIAN_POINT('',(-0.111904142507515,0.0545048975828003,4.47379215846348E-5));
#2791=CARTESIAN_POINT('',(-0.111384570992531,0.0542745107746658,-2.94556220222135E-5));
#2792=CARTESIAN_POINT('',(-0.110883428834805,0.0540416389748814,-0.000183277376057083));
#2793=CARTESIAN_POINT('',(-0.1122901838887,0.0516420297021056,0.000145848466553096));
#2794=CARTESIAN_POINT('',(-0.111905999437107,0.0515468766969009,6.14839985277023E-5));
#2795=CARTESIAN_POINT('',(-0.111533036193844,0.0514506426726849,-6.27397657685392E-5));
#2796=CARTESIAN_POINT('',(-0.112346869092606,0.0493120784174025,0.000186768751810741));
#2797=CARTESIAN_POINT('',(-0.112008520141229,0.0493337329838738,0.000102868442559188));
#2798=CARTESIAN_POINT('',(-0.111678875948726,0.0493550280045702,-1.05283615788274E-5));
#2799=CARTESIAN_POINT('',(-0.112048794573059,0.0470538432660177,0.000140181608023688));
#2800=CARTESIAN_POINT('',(-0.111666519220579,0.0471928876267711,5.52860606547693E-5));
#2801=CARTESIAN_POINT('',(-0.111296062250306,0.0473319157293694,-7.17452535759628E-5));
#2802=CARTESIAN_POINT('',(-0.111397348395597,0.0442703975820092,4.21891940358811E-5));
#2803=CARTESIAN_POINT('',(-0.110890165417797,0.0445531320697644,-3.17095296022972E-5));
#2804=CARTESIAN_POINT('',(-0.11040214439977,0.0448364301784938,-0.000188964384664957));
#2805=CARTESIAN_POINT('',(-0.110786237059427,0.0422987295828838,-1.27984393678539E-6));
#2806=CARTESIAN_POINT('',(-0.110158062193618,0.0426860048589162,-3.8113440418144E-5));
#2807=CARTESIAN_POINT('',(-0.109551338486319,0.0430698864875487,-0.000213460422471292));
#2808=CARTESIAN_POINT('',(-0.110369385502083,0.041010812278589,4.71607233352295E-8));
#2809=CARTESIAN_POINT('',(-0.109665865570025,0.0414721459748722,2.85360268906533E-6));
#2810=CARTESIAN_POINT('',(-0.108978583991503,0.041922407727644,-0.000177937260078225));
#2811=CARTESIAN_POINT('',(-0.0882373293834512,0.0442215694512062,0.));
#2812=CARTESIAN_POINT('',(-0.0865074021699853,0.0440809002006787,0.));
#2813=CARTESIAN_POINT('',(-0.0849481221399592,0.0439541071474919,0.000751668352106819));
#2814=CARTESIAN_POINT('',(-0.0881564588895517,0.0452161013381135,0.));
#2815=CARTESIAN_POINT('',(-0.0864668709403788,0.0454184021591495,9.50174635790517E-15));
#2816=CARTESIAN_POINT('',(-0.0849310645101247,0.045604635382406,0.000695563314638879));
#2817=CARTESIAN_POINT('',(-0.0884019267299213,0.0462079139028392,0.));
#2818=CARTESIAN_POINT('',(-0.0867438042938054,0.0467803806337443,-4.69184336925952E-15));
#2819=CARTESIAN_POINT('',(-0.0852442516096357,0.0472926020425057,0.000744673276838335));
#2820=CARTESIAN_POINT('',(-0.0888689542631834,0.0470780085262854,0.));
#2821=CARTESIAN_POINT('',(-0.0872254016470922,0.0479601933778641,0.));
#2822=CARTESIAN_POINT('',(-0.0857676924720044,0.0487426258595987,0.000861625606981688));
#2823=CARTESIAN_POINT('',(-0.104995813957914,0.05588,0.01778));
#2824=CARTESIAN_POINT('',(-0.104995813957914,0.05588,0.02921));
#2825=CARTESIAN_POINT('',(-0.0935658139579143,0.0652227686369419,0.01778));
#2826=CARTESIAN_POINT('',(-0.0935658139579143,0.0652227686369419,0.00655));
#2827=CARTESIAN_POINT('',(-0.0935658139579143,0.08128,0.00655));
#2828=CARTESIAN_POINT('',(-0.0935658139579143,0.08128,0.01778));
#2829=CARTESIAN_POINT('',(-0.0935658139579143,0.08128,0.02901));
#2830=CARTESIAN_POINT('',(-0.0935658139579143,0.0652227686369419,0.02901));
#2831=CARTESIAN_POINT('',(-0.104995813957914,0.08128,0.01778));
#2832=CARTESIAN_POINT('',(-0.104995813957914,0.08128,0.00655));
#2833=CARTESIAN_POINT('',(-0.108805813957914,0.08128,0.00655));
#2834=CARTESIAN_POINT('',(-0.108805813957914,0.08128,0.01778));
#2835=CARTESIAN_POINT('',(-0.108805813957914,0.08128,0.02901));
#2836=CARTESIAN_POINT('',(-0.104995813957914,0.08128,0.02901));
#2837=CARTESIAN_POINT('',(-0.108805813957914,0.0778579560363293,0.01778));
#2838=CARTESIAN_POINT('',(-0.108805813957914,0.0778579560363293,0.00655));
#2839=CARTESIAN_POINT('',(-0.108805813957914,0.0778579560363293,0.02901));
#2840=CARTESIAN_POINT('',(-0.0408473914222766,0.0790261962319224,0.00655));
#2841=CARTESIAN_POINT('',(0.00129687816628815,0.0445204488980223,0.02921));
#2842=CARTESIAN_POINT('',(0.0012968781662881,0.0798709325967918,0.03556));
#2843=CARTESIAN_POINT('',(-0.111660702536057,0.06858,0.03556));
#2844=CARTESIAN_POINT('',(-0.111581965825205,0.066737233344486,0.03556));
#2845=CARTESIAN_POINT('',(-0.111503747323177,0.0648944445861992,0.03556));
#2846=CARTESIAN_POINT('',(-0.111425158008836,0.0630516716438922,0.03556));
#2847=CARTESIAN_POINT('',(-0.111425158008836,0.0630516716438922,0.03556));
#2848=CARTESIAN_POINT('',(-0.111425158008836,0.0630516716438922,0.03556));
#2849=CARTESIAN_POINT('',(-0.111350121800459,0.0612922124139795,0.03556));
#2850=CARTESIAN_POINT('',(-0.111274756194107,0.0595327675986018,0.03556));
#2851=CARTESIAN_POINT('',(-0.111198225806108,0.0577733737543505,0.03556));
#2852=CARTESIAN_POINT('',(-0.111198225806108,0.0577733737543505,0.03556));
#2853=CARTESIAN_POINT('',(-0.111198225806109,0.0577733737543495,0.03556));
#2854=CARTESIAN_POINT('',(-0.111345101170249,0.0563823962442645,0.03556));
#2855=CARTESIAN_POINT('',(-0.111621887330042,0.0536006745974998,0.03556));
#2856=CARTESIAN_POINT('',(-0.111811686689773,0.0493919221305556,0.03556));
#2857=CARTESIAN_POINT('',(-0.111214442992133,0.045225047901714,0.03556));
#2858=CARTESIAN_POINT('',(-0.110678114709707,0.0424730631706079,0.03556));
#2859=CARTESIAN_POINT('',(-0.110399014989745,0.0411024814866245,0.03556));
#2860=CARTESIAN_POINT('',(-0.110399014989745,0.0411024814866245,0.03556));
#2861=CARTESIAN_POINT('',(-0.110399014989745,0.0411024814866245,0.03556));
#2862=CARTESIAN_POINT('',(-0.110206617457611,0.0376520076665637,0.03556));
#2863=CARTESIAN_POINT('',(-0.110001973433968,0.0342023504973994,0.03556));
#2864=CARTESIAN_POINT('',(-0.109677671016491,0.0307610907531854,0.03556));
#2865=CARTESIAN_POINT('',(-0.109677671016491,0.0307610907531854,0.03556));
#2866=CARTESIAN_POINT('',(-0.109677671016491,0.0307610907531854,0.03556));
#2867=CARTESIAN_POINT('',(-0.109532620882552,0.0292219249624957,0.03556));
#2868=CARTESIAN_POINT('',(-0.109189521372343,0.0261549289568544,0.03556));
#2869=CARTESIAN_POINT('',(-0.108350445634953,0.0216238948944693,0.03556));
#2870=CARTESIAN_POINT('',(-0.107296360224691,0.0171387482350999,0.03556));
#2871=CARTESIAN_POINT('',(-0.106056658350262,0.0126937790535459,0.03556));
#2872=CARTESIAN_POINT('',(-0.104522954560602,0.00831001920161814,0.03556));
#2873=CARTESIAN_POINT('',(-0.102655674713472,0.00412274386488854,0.03556));
#2874=CARTESIAN_POINT('',(-0.100269418364198,0.000224290420110582,0.03556));
#2875=CARTESIAN_POINT('',(-0.0973175803819798,-0.00338693604397285,0.03556));
#2876=CARTESIAN_POINT('',(-0.0940977596396923,-0.00672855044016941,0.03556));
#2877=CARTESIAN_POINT('',(-0.0907495809406317,-0.00992665407416186,0.03556));
#2878=CARTESIAN_POINT('',(-0.0873846567984856,-0.0131080980306812,0.03556));
#2879=CARTESIAN_POINT('',(-0.0829723488283764,-0.0174295276690128,0.03556));
#2880=CARTESIAN_POINT('',(-0.0775353403254526,-0.0229163387275277,0.03556));
#2881=CARTESIAN_POINT('',(-0.0710479846517993,-0.0295386437397989,0.03556));
#2882=CARTESIAN_POINT('',(-0.064439913447991,-0.0360371953894585,0.03556));
#2883=CARTESIAN_POINT('',(-0.0584021568241901,-0.0408605700467734,0.03556));
#2884=CARTESIAN_POINT('',(-0.0530552034959536,-0.0442063840751709,0.03556));
#2885=CARTESIAN_POINT('',(-0.047468530208839,-0.0471310433382859,0.03556));
#2886=CARTESIAN_POINT('',(-0.0403023265973548,-0.0501904620416718,0.03556));
#2887=CARTESIAN_POINT('',(-0.0315124239270454,-0.0533660400180632,0.03556));
#2888=CARTESIAN_POINT('',(-0.0196607936798557,-0.0572190902885465,0.03556));
#2889=CARTESIAN_POINT('',(-0.0107198767406008,-0.0599658962669525,0.03556));
#2890=CARTESIAN_POINT('',(-0.0047680185561371,-0.0618209213353673,0.03556));
#2891=CARTESIAN_POINT('',(-0.0047680185561371,-0.0618209213353674,0.03556));
#2892=CARTESIAN_POINT('',(0.00129687816628809,-0.061820921335371,0.03556));
#2893=CARTESIAN_POINT('',(0.0012968781662881,-0.0231477733711857,0.03556));
#2894=CARTESIAN_POINT('',(-0.00303818679894838,-0.0226340217310053,0.03556));
#2895=CARTESIAN_POINT('',(-0.0117123221585636,-0.0216235277910949,0.03556));
#2896=CARTESIAN_POINT('',(-0.0223425707965284,-0.0194832581261216,0.03556));
#2897=CARTESIAN_POINT('',(-0.0306219844793426,-0.0168510206954389,0.03556));
#2898=CARTESIAN_POINT('',(-0.0367225414519732,-0.0144132854873968,0.03556));
#2899=CARTESIAN_POINT('',(-0.0426851285139734,-0.0114639030519431,0.03556));
#2900=CARTESIAN_POINT('',(-0.0482568916797026,-0.00806924946945305,0.03556));
#2901=CARTESIAN_POINT('',(-0.0534831341554472,-0.00421064052610348,0.03556));
#2902=CARTESIAN_POINT('',(-0.0584815857699769,-6.17277299514436E-5,0.03556));
#2903=CARTESIAN_POINT('',(-0.0633634957407457,0.00424068016815882,0.03556));
#2904=CARTESIAN_POINT('',(-0.0683612314928779,0.00838762680420875,0.03556));
#2905=CARTESIAN_POINT('',(-0.0731896240022732,0.0127731230347165,0.03556));
#2906=CARTESIAN_POINT('',(-0.0774576531959011,0.0178130327971261,0.03556));
#2907=CARTESIAN_POINT('',(-0.0808543446039329,0.0234220862640297,0.03556));
#2908=CARTESIAN_POINT('',(-0.0826733007105429,0.0274311923939593,0.03556));
#2909=CARTESIAN_POINT('',(-0.0834990618231804,0.0294663785008072,0.03556));
#2910=CARTESIAN_POINT('',(-0.0834990618231804,0.0294663785008072,0.03556));
#2911=CARTESIAN_POINT('',(-0.0834990618231804,0.0294663785008072,0.03556));
#2912=CARTESIAN_POINT('',(-0.0855262750684157,0.034462685748969,0.03556));
#2913=CARTESIAN_POINT('',(-0.0870613613479612,0.0396254294434281,0.03556));
#2914=CARTESIAN_POINT('',(-0.0882278237903979,0.0448828116753925,0.03556));
#2915=CARTESIAN_POINT('',(-0.0882278237903979,0.0448828116753925,0.03556));
#2916=CARTESIAN_POINT('',(-0.0882278237903979,0.0448828116753925,0.03556));
#2917=CARTESIAN_POINT('',(-0.088255447434614,0.0453973951974267,0.03556));
#2918=CARTESIAN_POINT('',(-0.0883654377940224,0.0458943323911671,0.03556));
#2919=CARTESIAN_POINT('',(-0.0885476809891026,0.0463757900643819,0.03556));
#2920=CARTESIAN_POINT('',(-0.0885476809891026,0.0463757900643819,0.03556));
#2921=CARTESIAN_POINT('',(-0.0885476809891026,0.0463757900643819,0.03556));
#2922=CARTESIAN_POINT('',(-0.0890486757976893,0.0488008207099112,0.03556));
#2923=CARTESIAN_POINT('',(-0.0898756278899027,0.0536919272869545,0.03556));
#2924=CARTESIAN_POINT('',(-0.0903021754420232,0.0586273047279871,0.03556));
#2925=CARTESIAN_POINT('',(-0.0904431218389872,0.0611016039409053,0.03556));
#2926=CARTESIAN_POINT('',(-0.0904431218389872,0.0611016039409053,0.03556));
#2927=CARTESIAN_POINT('',(-0.0904431218389872,0.0611016039409053,0.03556));
#2928=CARTESIAN_POINT('',(-0.0905850261331522,0.0635927189387008,0.03556));
#2929=CARTESIAN_POINT('',(-0.0906533200425599,0.066086189765243,0.03556));
#2930=CARTESIAN_POINT('',(-0.0907110087798743,0.06858,0.03556));
#2931=CARTESIAN_POINT('',(0.0012968781662881,-0.061820921335371,0.03256));
#2932=CARTESIAN_POINT('',(0.00129687816628809,-0.0644657169796505,0.033976));
#2933=CARTESIAN_POINT('',(-0.000730371784598029,-0.0644657169796505,0.033976));
#2934=CARTESIAN_POINT('',(-0.00275198426565022,-0.0645215124688967,0.0338837837621263));
#2935=CARTESIAN_POINT('',(-0.00476801855612839,-0.0646016481165681,0.0336858590357291));
#2936=CARTESIAN_POINT('',(-0.00476801855614011,-0.0646016481165681,0.0336858590357277));
#2937=CARTESIAN_POINT('',(-0.00476801855614045,-0.0618209213353704,0.03256));
#2938=CARTESIAN_POINT('',(-0.00476801855612793,-0.0646016481165682,0.0336858590357291));
#2939=CARTESIAN_POINT('',(-0.00316325320033606,-0.0663074574409734,0.0294727297527031));
#2940=CARTESIAN_POINT('',(-0.00259087614295295,-0.0710900106060282,0.0296600406746348));
#2941=CARTESIAN_POINT('',(-0.00280529073367145,-0.0645236313555781,0.0338785503849856));
#2942=CARTESIAN_POINT('',(-0.00184242443327449,-0.0664368536388802,0.0299703139418017));
#2943=CARTESIAN_POINT('',(-0.00133271728255278,-0.0708299547328984,0.0300717743264963));
#2944=CARTESIAN_POINT('',(-0.000787173075161273,-0.0644657169798308,0.0339759999996633));
#2945=CARTESIAN_POINT('',(-0.000278938734056289,-0.0664445224163227,0.0302799999990369));
#2946=CARTESIAN_POINT('',(-3.90521166918098E-5,-0.0706369068168812,0.03028));
#2947=CARTESIAN_POINT('',(0.00129687816628805,-0.0644657169796505,0.033976));
#2948=CARTESIAN_POINT('',(0.00129687816628806,-0.0664445224164032,0.03028));
#2949=CARTESIAN_POINT('',(0.00129687816628807,-0.0706369068163028,0.03028));
#2950=CARTESIAN_POINT('',(-0.00476801855613933,-0.0710900106060297,0.0363128634524266));
#2951=CARTESIAN_POINT('',(0.0012968781662881,-0.0231477733711857,0.03556));
#2952=CARTESIAN_POINT('',(0.00129687816628809,-0.0231477733711857,0.03556));
#2953=CARTESIAN_POINT('',(0.00129687816628808,-0.0231477733711857,0.03556));
#2954=CARTESIAN_POINT('',(0.00115142679144549,-0.0230268221290849,0.03556));
#2955=CARTESIAN_POINT('',(0.00122415247889324,-0.0230268221290825,0.0355599999999977));
#2956=CARTESIAN_POINT('',(0.00129687816634107,-0.0230268221290808,0.0355599999999977));
#2957=CARTESIAN_POINT('',(0.000854654602605533,-0.0227800631972537,0.0355548515637151));
#2958=CARTESIAN_POINT('',(0.00107576514160331,-0.0227800618493971,0.0355539936300174));
#2959=CARTESIAN_POINT('',(0.00129687816626391,-0.0227800618493979,0.0355539936300174));
#2960=CARTESIAN_POINT('',(0.000273292378552594,-0.022296480852302,0.0355243637478537));
#2961=CARTESIAN_POINT('',(0.000785065417296427,-0.0222969663109824,0.0355184691697301));
#2962=CARTESIAN_POINT('',(0.00129687816630205,-0.022296966310982,0.0355184691697301));
#2963=CARTESIAN_POINT('',(-0.000450070963942512,-0.0216969403761808,0.0354489169869112));
#2964=CARTESIAN_POINT('',(0.000423298196678248,-0.0216998367027124,0.0354307239453203));
#2965=CARTESIAN_POINT('',(0.00129687816628345,-0.0216998367027125,0.0354307239453203));
#2966=CARTESIAN_POINT('',(-0.00131752162764648,-0.0209883422878658,0.0352994506603583));
#2967=CARTESIAN_POINT('',(-1.06922354950073E-5,-0.0209997588984748,0.0352577252097038));
#2968=CARTESIAN_POINT('',(0.00129687816628939,-0.0209997588984747,0.0352577252097038));
#2969=CARTESIAN_POINT('',(-0.00219854481272073,-0.0202859239717257,0.0350884608897904));
#2970=CARTESIAN_POINT('',(-0.000451734278628239,-0.0203144863930955,0.0350151757714975));
#2971=CARTESIAN_POINT('',(0.00129687816628775,-0.0203144863930955,0.0350151757714975));
#2972=CARTESIAN_POINT('',(-0.00306831167768855,-0.0196153941906476,0.0348239628468772));
#2973=CARTESIAN_POINT('',(-0.000887486692514431,-0.0196716877297408,0.0347138324077582));
#2974=CARTESIAN_POINT('',(0.0012968781662884,-0.0196716877297408,0.0347138324077582));
#2975=CARTESIAN_POINT('',(-0.00393766559147924,-0.0189723811055667,0.0345072516610474));
#2976=CARTESIAN_POINT('',(-0.00132345969018604,-0.0190689777580316,0.0343570199822387));
#2977=CARTESIAN_POINT('',(0.00129687816628802,-0.0190689777580316,0.0343570199822387));
#2978=CARTESIAN_POINT('',(-0.00481722522949102,-0.0183535117387693,0.0341357188172061));
#2979=CARTESIAN_POINT('',(-0.00176507538920328,-0.0185054605137027,0.0339443285109691));
#2980=CARTESIAN_POINT('',(0.00129687816628817,-0.0185054605137027,0.0339443285109691));
#2981=CARTESIAN_POINT('',(-0.0056946811559984,-0.0177706664100389,0.0337156356403985));
#2982=CARTESIAN_POINT('',(-0.00220625087455902,-0.0179937480494592,0.0334858608371201));
#2983=CARTESIAN_POINT('',(0.0012968781662884,-0.0179937480494592,0.0334858608371201));
#2984=CARTESIAN_POINT('',(-0.00656484321609427,-0.0172283312434319,0.033250218310203));
#2985=CARTESIAN_POINT('',(-0.00264445642051652,-0.0175385154136815,0.032988787211778));
#2986=CARTESIAN_POINT('',(0.00129687816628701,-0.0175385154136815,0.032988787211778));
#2987=CARTESIAN_POINT('',(-0.00740866665595165,-0.0167369732213931,0.0327486415205385));
#2988=CARTESIAN_POINT('',(-0.003070147368459,-0.0171478905450861,0.0324669358547039));
#2989=CARTESIAN_POINT('',(0.00129687816629241,-0.0171478905450861,0.0324669358547039));
#2990=CARTESIAN_POINT('',(-0.0082101322645727,-0.0163013805538106,0.0322169388785332));
#2991=CARTESIAN_POINT('',(-0.00347522826117403,-0.0168228811025041,0.0319304788450324));
#2992=CARTESIAN_POINT('',(0.00129687816627224,-0.0168228811025042,0.0319304788450324));
#2993=CARTESIAN_POINT('',(-0.00895681030919101,-0.0159221465966008,0.0316530750032789));
#2994=CARTESIAN_POINT('',(-0.0038533482257142,-0.0165597010474716,0.0313813202639398));
#2995=CARTESIAN_POINT('',(0.00129687816634698,-0.0165597010474715,0.0313813202639398));
#2996=CARTESIAN_POINT('',(-0.00961580589882772,-0.0156081878668417,0.0310589954931787));
#2997=CARTESIAN_POINT('',(-0.00418770253626878,-0.0163586071155437,0.0308252645498077));
#2998=CARTESIAN_POINT('',(0.00129687816606848,-0.0163586071155443,0.0308252645498077));
#2999=CARTESIAN_POINT('',(-0.0101289055742514,-0.0153765973975598,0.0304557339109943));
#3000=CARTESIAN_POINT('',(-0.00444847581130955,-0.0162215462676966,0.0302826598902559));
#3001=CARTESIAN_POINT('',(0.00129687816710738,-0.0162215462676942,0.0302826598902559));
#3002=CARTESIAN_POINT('',(-0.0104643978230591,-0.0152309577833011,0.0298401875910173));
#3003=CARTESIAN_POINT('',(-0.00461920298535289,-0.0161407837342064,0.0297472051236921));
#3004=CARTESIAN_POINT('',(0.00129687816322896,-0.0161407837342152,0.0297472051236921));
#3005=CARTESIAN_POINT('',(-0.0105438633259173,-0.0151971949026694,0.0294194572485731));
#3006=CARTESIAN_POINT('',(-0.00465966923733302,-0.0161227847158931,0.0293885510374785));
#3007=CARTESIAN_POINT('',(0.00129687817288001,-0.0161227847158741,0.0293885510374785));
#3008=CARTESIAN_POINT('',(-0.0105438633262849,-0.0151971949026116,0.02921));
#3009=CARTESIAN_POINT('',(-0.00465966921454771,-0.016122784636532,0.02921));
#3010=CARTESIAN_POINT('',(0.00129687816628809,-0.016122784636532,0.02921));
#3011=CARTESIAN_POINT('',(-0.0105438633262847,-0.0151971949026116,0.02921));
#3012=CARTESIAN_POINT('',(-0.0105438633262847,-0.0151971949026116,0.0295612158809622));
#3013=CARTESIAN_POINT('',(-0.010311774552014,-0.0152956639330486,0.0302310955773414));
#3014=CARTESIAN_POINT('',(-0.00946128281900084,-0.0156750676246444,0.0312642474709894));
#3015=CARTESIAN_POINT('',(-0.00819038985359925,-0.016297688836137,0.0322603487540194));
#3016=CARTESIAN_POINT('',(-0.00662761168508656,-0.0171767401823152,0.033234690183598));
#3017=CARTESIAN_POINT('',(-0.00503801682089917,-0.0181900362591675,0.0340529993304595));
#3018=CARTESIAN_POINT('',(-0.0034444507500647,-0.019321992948758,0.0347136431651184));
#3019=CARTESIAN_POINT('',(-0.00132373277956146,-0.0209599097733893,0.0353610130345829));
#3020=CARTESIAN_POINT('',(0.000229645789700933,-0.0222603078374034,0.03556));
#3021=CARTESIAN_POINT('',(0.0012968781662881,-0.0231477733711857,0.03556));
#3022=CARTESIAN_POINT('',(-0.083724272200277,0.0566576114290217,0.01771142));
#3023=CARTESIAN_POINT('',(-0.083724272200277,0.0566576114290217,0.02921));
#3024=CARTESIAN_POINT('',(-0.0838937107193414,0.0583004219521236,0.01771142));
#3025=CARTESIAN_POINT('',(-0.0838937107193414,0.0583004219521236,0.02921));
#3026=CARTESIAN_POINT('',(-0.084014146848203,0.0598959210146894,0.01771142));
#3027=CARTESIAN_POINT('',(-0.084014146848203,0.0598959210146894,0.02921));
#3028=CARTESIAN_POINT('',(-0.0841033994430829,0.0614627409548886,0.01771142));
#3029=CARTESIAN_POINT('',(-0.0841033994430829,0.0614627409548886,0.02921));
#3030=CARTESIAN_POINT('',(-0.0841033994430829,0.0614627409548886,0.02921));
#3031=CARTESIAN_POINT('',(-0.0840125227608331,0.0598674103312844,0.02921));
#3032=CARTESIAN_POINT('',(-0.0838905917143094,0.0582751564676418,0.02921));
#3033=CARTESIAN_POINT('',(-0.0837272986778637,0.0566870006081767,0.02921));
#3034=CARTESIAN_POINT('',(-0.0776149579435973,0.0318538084022441,0.01771142));
#3035=CARTESIAN_POINT('',(-0.0776149579435973,0.0318538084022441,0.02921));
#3036=CARTESIAN_POINT('',(-0.0782312729136402,0.0333727896733132,0.01771142));
#3037=CARTESIAN_POINT('',(-0.0782312729136402,0.0333727896733132,0.02921));
#3038=CARTESIAN_POINT('',(-0.0788085282647852,0.0349442949765851,0.01771142));
#3039=CARTESIAN_POINT('',(-0.0788085282647852,0.0349442949765851,0.02921));
#3040=CARTESIAN_POINT('',(-0.0793440745703304,0.0365441525032321,0.01771142));
#3041=CARTESIAN_POINT('',(-0.0793440745703304,0.0365441525032321,0.02921));
#3042=CARTESIAN_POINT('',(-0.0793344877804248,0.0365155298525927,0.02921));
#3043=CARTESIAN_POINT('',(-0.0788086896447452,0.0349465835620236,0.02921));
#3044=CARTESIAN_POINT('',(-0.0782389049497375,0.0333915997305979,0.02921));
#3045=CARTESIAN_POINT('',(-0.0776149579435973,0.0318538084022441,0.02921));
#3046=CARTESIAN_POINT('',(-0.0904431218389872,0.0611016039409052,0.03556));
#3047=CARTESIAN_POINT('',(-0.0841033994430829,0.0614627409548886,0.03556));
#3048=CARTESIAN_POINT('',(-0.0841033994430829,0.0614627409548886,0.02921));
#3049=CARTESIAN_POINT('',(-0.0903013297643256,0.0586124589327975,0.03556));
#3050=CARTESIAN_POINT('',(-0.0839684505557266,0.059093727387961,0.0355599999999266));
#3051=CARTESIAN_POINT('',(-0.0839684505553954,0.0590937273881604,0.02921));
#3052=CARTESIAN_POINT('',(-0.0898712395196244,0.0536474697298265,0.03556));
#3053=CARTESIAN_POINT('',(-0.0835645949631067,0.0544478202117423,0.0355600000000734));
#3054=CARTESIAN_POINT('',(-0.0835645949631545,0.0544478202115398,0.02921));
#3055=CARTESIAN_POINT('',(-0.0890357109315143,0.048727666492241,0.03556));
#3056=CARTESIAN_POINT('',(-0.0827871574701227,0.0498684279456454,0.0355599999999267));
#3057=CARTESIAN_POINT('',(-0.0827871574703582,0.0498684279458511,0.02921));
#3058=CARTESIAN_POINT('',(-0.0885296075474404,0.0462884963101447,0.03556));
#3059=CARTESIAN_POINT('',(-0.082312036942534,0.0475785799403814,0.03556));
#3060=CARTESIAN_POINT('',(-0.082312036942534,0.0475785799403814,0.02921));
#3061=CARTESIAN_POINT('',(-0.0857584010095546,0.0487168094610587,0.0347004487171087));
#3062=CARTESIAN_POINT('',(-0.0861967405497159,0.0483583619973605,0.0349893085654282));
#3063=CARTESIAN_POINT('',(-0.0871111648357177,0.0476324396420526,0.0354190229970189));
#3064=CARTESIAN_POINT('',(-0.0881121080527561,0.0468236895457009,0.0355599999999994));
#3065=CARTESIAN_POINT('',(-0.088547680989099,0.0463757900644023,0.03556));
#3066=CARTESIAN_POINT('',(-0.0904431218389872,0.0611016039409053,0.02921));
#3067=CARTESIAN_POINT('',(-0.0882487763014236,0.0449774531124044,0.03556));
#3068=CARTESIAN_POINT('',(-0.0820482641995494,0.0463471792436113,0.03556));
#3069=CARTESIAN_POINT('',(-0.0820482641995494,0.0463471792436113,0.02921));
#3070=CARTESIAN_POINT('',(-0.0870802129643811,0.0396875700121096,0.03556));
#3071=CARTESIAN_POINT('',(-0.0809502229738397,0.0413765374832753,0.0355599999999468));
#3072=CARTESIAN_POINT('',(-0.080950222973944,0.0413765374834778,0.02921));
#3073=CARTESIAN_POINT('',(-0.0855384383470711,0.0344926635921846,0.03556));
#3074=CARTESIAN_POINT('',(-0.0794891606415924,0.0364730030263715,0.0355600000001597));
#3075=CARTESIAN_POINT('',(-0.0794891606414092,0.0364730030260021,0.02921));
#3076=CARTESIAN_POINT('',(-0.0834990618231801,0.0294663785008065,0.03556));
#3077=CARTESIAN_POINT('',(-0.0776149579435973,0.0318538084022441,0.03556));
#3078=CARTESIAN_POINT('',(-0.0776149579435973,0.0318538084022441,0.02921));
#3079=CARTESIAN_POINT('',(-0.084947850304842,0.0439834716484439,0.0348093199598651));
#3080=CARTESIAN_POINT('',(-0.085464504006508,0.044117090683262,0.0350615971377701));
#3081=CARTESIAN_POINT('',(-0.0865285736467615,0.0443794038806392,0.0354370651372153));
#3082=CARTESIAN_POINT('',(-0.0876843002112432,0.0446762118792293,0.03556));
#3083=CARTESIAN_POINT('',(-0.0882278237903983,0.0448828116753929,0.03556));
#3084=CARTESIAN_POINT('',(-0.0834990618231804,0.0294663785008072,0.02921));
#3085=CARTESIAN_POINT('',(5.96904994643299,0.321617482579168,0.0248550634992492));
#3086=CARTESIAN_POINT('',(-0.117592006897173,0.0586454642358453,0.02921));
#3087=CARTESIAN_POINT('',(-0.117651602385431,0.0600239914191473,0.02921));
#3088=CARTESIAN_POINT('',(-0.117710599225628,0.0614025447998411,0.02921));
#3089=CARTESIAN_POINT('',(-0.117769391205382,0.062781107145417,0.02921));
#3090=CARTESIAN_POINT('',(-0.109677671016491,0.0307610907531854,0.03556));
#3091=CARTESIAN_POINT('',(-0.115999660046297,0.0301653099990383,0.03556));
#3092=CARTESIAN_POINT('',(-0.115999660046297,0.0301653099990383,0.02921));
#3093=CARTESIAN_POINT('',(-0.109930583556375,0.03344481341436,0.03556));
#3094=CARTESIAN_POINT('',(-0.116265278332788,0.0329838567410627,0.0355599999999669));
#3095=CARTESIAN_POINT('',(-0.116265278334401,0.032983856740971,0.02921));
#3096=CARTESIAN_POINT('',(-0.110285636715777,0.0388228829180608,0.03556));
#3097=CARTESIAN_POINT('',(-0.116624814400054,0.038457348526924,0.035560000000021));
#3098=CARTESIAN_POINT('',(-0.116624814399229,0.0384573485269505,0.02921));
#3099=CARTESIAN_POINT('',(-0.110850793468085,0.049588621430927,0.03556));
#3100=CARTESIAN_POINT('',(-0.117194740695223,0.0493026706225991,0.0355599999999609));
#3101=CARTESIAN_POINT('',(-0.117194740696126,0.0493026706226499,0.02921));
#3102=CARTESIAN_POINT('',(-0.111195492365915,0.057666440349503,0.03556));
#3103=CARTESIAN_POINT('',(-0.117539619219068,0.0573933822803641,0.0355600000001322));
#3104=CARTESIAN_POINT('',(-0.117539619217032,0.0573933822800303,0.02921));
#3105=CARTESIAN_POINT('',(-0.111425158008836,0.0630516716438922,0.03556));
#3106=CARTESIAN_POINT('',(-0.117769391205382,0.062781107145417,0.03556));
#3107=CARTESIAN_POINT('',(-0.117769391205382,0.062781107145417,0.02921));
#3108=CARTESIAN_POINT('',(-0.110399014989745,0.0411024814866245,0.03556));
#3109=CARTESIAN_POINT('',(-0.110834282877625,0.0424509899148591,0.03556));
#3110=CARTESIAN_POINT('',(-0.111668487816956,0.0451564218939992,0.0354931932284673));
#3111=CARTESIAN_POINT('',(-0.112494124151831,0.0493462626213229,0.035336213511122));
#3112=CARTESIAN_POINT('',(-0.112092629040713,0.053615965675334,0.0354885859675125));
#3113=CARTESIAN_POINT('',(-0.11150702976623,0.0563882716127381,0.03556));
#3114=CARTESIAN_POINT('',(-0.111198225806108,0.0577733737543505,0.03556));
#3115=CARTESIAN_POINT('',(-0.111425158008836,0.0630516716438922,0.02921));
#3116=CARTESIAN_POINT('',(-0.109677671016491,0.0307610907531854,0.02921));
#3117=CARTESIAN_POINT('',(0.00129687816628809,-0.064820921335371,0.));
#3118=CARTESIAN_POINT('',(0.0012968781662881,-0.064820921335371,0.01778));
#3119=CARTESIAN_POINT('',(-0.0123815687233604,-0.064820921335371,0.0316778448216445));
#3120=CARTESIAN_POINT('',(-0.0123815687233604,-0.064820921335371,0.0316778448216445));
#3121=CARTESIAN_POINT('',(-0.0127535790642125,-0.064820921335371,0.031576229997059));
#3122=CARTESIAN_POINT('',(-0.0134938852078311,-0.064820921335371,0.0313475376951746));
#3123=CARTESIAN_POINT('',(-0.0145538969313435,-0.064820921335371,0.0308988333620682));
#3124=CARTESIAN_POINT('',(-0.0155490380870256,-0.064820921335371,0.0302895282893215));
#3125=CARTESIAN_POINT('',(-0.0160264558895287,-0.064820921335371,0.0296054269848978));
#3126=CARTESIAN_POINT('',(-0.0160264558895287,-0.064820921335371,0.02921));
#3127=CARTESIAN_POINT('',(-0.0834990618231801,0.0294663785008066,0.03556));
#3128=CARTESIAN_POINT('',(-0.0776149579435972,0.0318538084022441,0.03556));
#3129=CARTESIAN_POINT('',(-0.0776149579435972,0.0318538084022441,0.02921));
#3130=CARTESIAN_POINT('',(-0.0826716005108274,0.0274270020488098,0.03556));
#3131=CARTESIAN_POINT('',(-0.0768545146392784,0.0299796057715514,0.035560000000108));
#3132=CARTESIAN_POINT('',(-0.0768545146384984,0.0299796057716073,0.02921));
#3133=CARTESIAN_POINT('',(-0.0813123549211724,0.0244392968832517,0.03556));
#3134=CARTESIAN_POINT('',(-0.0756164652379734,0.0272653004794663,0.0355599999999757));
#3135=CARTESIAN_POINT('',(-0.0756164652381492,0.0272653004794537,0.02921));
#3136=CARTESIAN_POINT('',(-0.0791802448312561,0.0206494748138508,0.03556));
#3137=CARTESIAN_POINT('',(-0.0737491842438115,0.0239505240170921,0.0355600000000046));
#3138=CARTESIAN_POINT('',(-0.0737491842437783,0.0239505240170945,0.02921));
#3139=CARTESIAN_POINT('',(-0.077378700402191,0.0179288886528244,0.03556));
#3140=CARTESIAN_POINT('',(-0.0722188423837228,0.0216410428603065,0.0355599999999988));
#3141=CARTESIAN_POINT('',(-0.0722188423837317,0.0216410428603059,0.02921));
#3142=CARTESIAN_POINT('',(-0.0753647194719389,0.015339601025183,0.03556));
#3143=CARTESIAN_POINT('',(-0.0704984973667307,0.0194279582732008,0.0355600000000003));
#3144=CARTESIAN_POINT('',(-0.0704984973667283,0.019427958273201,0.02921));
#3145=CARTESIAN_POINT('',(-0.0731344734968495,0.0128708684969325,0.03556));
#3146=CARTESIAN_POINT('',(-0.0685685121008632,0.017290231204505,0.0355599999999999));
#3147=CARTESIAN_POINT('',(-0.0685685121008638,0.017290231204505,0.02921));
#3148=CARTESIAN_POINT('',(-0.0707769409252507,0.0105760842940195,0.03556));
#3149=CARTESIAN_POINT('',(-0.0664685472072595,0.0152439826453562,0.03556));
#3150=CARTESIAN_POINT('',(-0.0664685472072593,0.0152439826453562,0.02921));
#3151=CARTESIAN_POINT('',(-0.0683246393486169,0.00840161812276756,0.03556));
#3152=CARTESIAN_POINT('',(-0.0641903224696334,0.0132220442929467,0.03556));
#3153=CARTESIAN_POINT('',(-0.0641903224696335,0.0132220442929467,0.02921));
#3154=CARTESIAN_POINT('',(-0.0658211552615922,0.00629408987009954,0.03556));
#3155=CARTESIAN_POINT('',(-0.0617503809936247,0.0111677628815505,0.03556));
#3156=CARTESIAN_POINT('',(-0.0617503809936247,0.0111677628815505,0.02921));
#3157=CARTESIAN_POINT('',(-0.0624954633470165,0.00346794485543888,0.03556));
#3158=CARTESIAN_POINT('',(-0.0583088085405308,0.00824303041456468,0.03556));
#3159=CARTESIAN_POINT('',(-0.0583088085405308,0.00824303041456469,0.02921));
#3160=CARTESIAN_POINT('',(-0.0583931313511019,-0.000135857485324182,0.03556));
#3161=CARTESIAN_POINT('',(-0.0542453304216984,0.0046727302327848,0.03556));
#3162=CARTESIAN_POINT('',(-0.0542453304216984,0.0046727302327848,0.02921));
#3163=CARTESIAN_POINT('',(-0.0533568587843695,-0.00431236819825687,0.03556));
#3164=CARTESIAN_POINT('',(-0.0494191438584679,0.000673967023931622,0.03556));
#3165=CARTESIAN_POINT('',(-0.0494191438584679,0.000673967023931622,0.02921));
#3166=CARTESIAN_POINT('',(-0.0480845636393028,-0.00818720983983355,0.03556));
#3167=CARTESIAN_POINT('',(-0.0445331998609747,-0.00291271266198958,0.03556));
#3168=CARTESIAN_POINT('',(-0.0445331998609747,-0.00291271266198958,0.02921));
#3169=CARTESIAN_POINT('',(-0.0424587178343378,-0.0115890379200077,0.03556));
#3170=CARTESIAN_POINT('',(-0.0394271244130564,-0.00599940737371469,0.03556));
#3171=CARTESIAN_POINT('',(-0.0394271244130564,-0.00599940737371469,0.02921));
#3172=CARTESIAN_POINT('',(-0.0364408114534994,-0.0145393258047386,0.03556));
#3173=CARTESIAN_POINT('',(-0.0338761643613897,-0.00872349756836893,0.03556));
#3174=CARTESIAN_POINT('',(-0.0338761643613897,-0.00872349756836892,0.02921));
#3175=CARTESIAN_POINT('',(-0.0302903723935045,-0.016970381866685,0.03556));
#3176=CARTESIAN_POINT('',(-0.0281741446565734,-0.0109771986655645,0.03556));
#3177=CARTESIAN_POINT('',(-0.0281741446565734,-0.0109771986655646,0.02921));
#3178=CARTESIAN_POINT('',(-0.0240244909495006,-0.0189323015689426,0.03556));
#3179=CARTESIAN_POINT('',(-0.0223475113871224,-0.0128021501862737,0.0355599999999999));
#3180=CARTESIAN_POINT('',(-0.0223475113871224,-0.0128021501862737,0.02921));
#3181=CARTESIAN_POINT('',(-0.0176446572061182,-0.0204361376187885,0.03556));
#3182=CARTESIAN_POINT('',(-0.0163877741288883,-0.014207813550456,0.0355600000000005));
#3183=CARTESIAN_POINT('',(-0.0163877741288883,-0.0142078135504562,0.02921));
#3184=CARTESIAN_POINT('',(-0.00901570118185604,-0.0219471410071078,0.03556));
#3185=CARTESIAN_POINT('',(-0.00816845438771676,-0.0156502019993318,0.0355599999999976));
#3186=CARTESIAN_POINT('',(-0.00816845438771724,-0.0156502019993306,0.02921));
#3187=CARTESIAN_POINT('',(-0.00245038019462155,-0.022703683110835,0.03556));
#3188=CARTESIAN_POINT('',(-0.00170306679799249,-0.0163978110309858,0.0355600000000108));
#3189=CARTESIAN_POINT('',(-0.00170306679799034,-0.0163978110309911,0.02921));
#3190=CARTESIAN_POINT('',(0.00192287028225329,-0.0232219601432171,0.03556));
#3191=CARTESIAN_POINT('',(0.00267018367888321,-0.0169160880633841,0.03556));
#3192=CARTESIAN_POINT('',(0.00267018367888321,-0.0169160880633841,0.02921));
#3193=CARTESIAN_POINT('',(-0.09071204629291,0.0686248886125247,0.03556));
#3194=CARTESIAN_POINT('',(-0.0843637389044238,0.0687714945513224,0.03556));
#3195=CARTESIAN_POINT('',(-0.0843637389044238,0.0687714945513224,0.02921));
#3196=CARTESIAN_POINT('',(-0.0906541093553119,0.0661161123823901,0.03556));
#3197=CARTESIAN_POINT('',(-0.0843061129891289,0.0662761861409862,0.0355600000001231));
#3198=CARTESIAN_POINT('',(-0.0843061129878208,0.0662761861406345,0.02921));
#3199=CARTESIAN_POINT('',(-0.0905858775584723,0.0636076656283381,0.03556));
#3200=CARTESIAN_POINT('',(-0.0842392654666059,0.0638478547653212,0.0355599999997845));
#3201=CARTESIAN_POINT('',(-0.0842392654677982,0.0638478547659316,0.02921));
#3202=CARTESIAN_POINT('',(-0.0904431218389872,0.0611016039409053,0.03556));
#3203=CARTESIAN_POINT('',(-0.0841033994430828,0.0614627409548886,0.03556));
#3204=CARTESIAN_POINT('',(-0.0841033994430828,0.0614627409548886,0.02921));
#3205=CARTESIAN_POINT('',(-0.111425158008836,0.0630516716438922,0.03556));
#3206=CARTESIAN_POINT('',(-0.117769391205382,0.062781107145417,0.03556));
#3207=CARTESIAN_POINT('',(-0.117769391205382,0.062781107145417,0.02921));
#3208=CARTESIAN_POINT('',(-0.111508098111453,0.0649964624543583,0.03556));
#3209=CARTESIAN_POINT('',(-0.117852369712717,0.0647267984695245,0.0355600000000478));
#3210=CARTESIAN_POINT('',(-0.117852369712154,0.0647267984693987,0.02921));
#3211=CARTESIAN_POINT('',(-0.111590624985606,0.0669412708896909,0.03556));
#3212=CARTESIAN_POINT('',(-0.117934886682948,0.0666713719643962,0.0355600000000716));
#3213=CARTESIAN_POINT('',(-0.117934886682614,0.0666713719641793,0.02921));
#3214=CARTESIAN_POINT('',(-0.111673784312707,0.0688860523497685,0.03556));
#3215=CARTESIAN_POINT('',(-0.118017986969802,0.0686147727048992,0.03556));
#3216=CARTESIAN_POINT('',(-0.118017986969802,0.0686147727048992,0.02921));
#3217=CARTESIAN_POINT('',(-0.115999660046297,0.0301653099990383,0.02921));
#3218=CARTESIAN_POINT('',(-0.115999660046297,0.0301653099990383,0.03556));
#3219=CARTESIAN_POINT('',(-0.109677671016491,0.0307610907531854,0.03556));
#3220=CARTESIAN_POINT('',(-0.115846364650724,0.0285386515304835,0.02921));
#3221=CARTESIAN_POINT('',(-0.115846364651426,0.0285386515304246,0.03556));
#3222=CARTESIAN_POINT('',(-0.109531708447025,0.0292122428586611,0.03556));
#3223=CARTESIAN_POINT('',(-0.115476309382525,0.0252162087138668,0.02921));
#3224=CARTESIAN_POINT('',(-0.115476309382199,0.0252162087138941,0.03556));
#3225=CARTESIAN_POINT('',(-0.109186090521059,0.0261260351819509,0.03556));
#3226=CARTESIAN_POINT('',(-0.114542344818544,0.0201989097163865,0.02921));
#3227=CARTESIAN_POINT('',(-0.114542344818632,0.0201989097163792,0.03556));
#3228=CARTESIAN_POINT('',(-0.108338420092396,0.0215671896904379,0.03556));
#3229=CARTESIAN_POINT('',(-0.113434423486833,0.0155032959446844,0.02921));
#3230=CARTESIAN_POINT('',(-0.11343442348681,0.0155032959446864,0.03556));
#3231=CARTESIAN_POINT('',(-0.107275590681111,0.017054350136427,0.03556));
#3232=CARTESIAN_POINT('',(-0.11208747214161,0.0106855242937002,0.02921));
#3233=CARTESIAN_POINT('',(-0.112087472141616,0.0106855242936996,0.03556));
#3234=CARTESIAN_POINT('',(-0.106022247190497,0.0125824145175552,0.03556));
#3235=CARTESIAN_POINT('',(-0.110381402361641,0.00583341360370418,0.02921));
#3236=CARTESIAN_POINT('',(-0.110381402361639,0.00583341360370433,0.03556));
#3237=CARTESIAN_POINT('',(-0.104471443633978,0.00817362804299897,0.03556));
#3238=CARTESIAN_POINT('',(-0.108591645068559,0.00185147488974699,0.02921));
#3239=CARTESIAN_POINT('',(-0.108591645068559,0.00185147488974697,0.03556));
#3240=CARTESIAN_POINT('',(-0.102890152830911,0.00467273436999391,0.03556));
#3241=CARTESIAN_POINT('',(-0.106764286471512,-0.00135278522061408,0.02921));
#3242=CARTESIAN_POINT('',(-0.106764286471512,-0.00135278522061408,0.03556));
#3243=CARTESIAN_POINT('',(-0.101370040382387,0.00200894294753793,0.03556));
#3244=CARTESIAN_POINT('',(-0.104710271963782,-0.00439363284522997,0.02921));
#3245=CARTESIAN_POINT('',(-0.104710271963782,-0.00439363284522998,0.03556));
#3246=CARTESIAN_POINT('',(-0.0996492298047809,-0.000540994290918035,0.03556));
#3247=CARTESIAN_POINT('',(-0.101866070260687,-0.00783740783749317,0.02921));
#3248=CARTESIAN_POINT('',(-0.101866070260687,-0.00783740783749317,0.03556));
#3249=CARTESIAN_POINT('',(-0.0971614029975534,-0.00356301069261742,0.03556));
#3250=CARTESIAN_POINT('',(-0.0983544542817246,-0.0114499446534499,0.02921));
#3251=CARTESIAN_POINT('',(-0.0983544542817246,-0.0114499446534499,0.03556));
#3252=CARTESIAN_POINT('',(-0.0939108041178381,-0.00691198913186562,0.03556));
#3253=CARTESIAN_POINT('',(-0.0948795608482857,-0.0147590847456752,0.02921));
#3254=CARTESIAN_POINT('',(-0.0948795608482857,-0.0147590847456752,0.03556));
#3255=CARTESIAN_POINT('',(-0.0905370992473373,-0.0101260204391463,0.03556));
#3256=CARTESIAN_POINT('',(-0.0915669138626004,-0.0178969305029887,0.02921));
#3257=CARTESIAN_POINT('',(-0.0915669138626004,-0.0178969305029887,0.03556));
#3258=CARTESIAN_POINT('',(-0.0871539750300006,-0.0133304993481639,0.03556));
#3259=CARTESIAN_POINT('',(-0.0872096001904873,-0.0221721568991153,0.02921));
#3260=CARTESIAN_POINT('',(-0.0872096001904873,-0.0221721568991153,0.03556));
#3261=CARTESIAN_POINT('',(-0.0827177560904596,-0.0176833652213562,0.03556));
#3262=CARTESIAN_POINT('',(-0.0828724000994433,-0.0265567875667751,0.02921));
#3263=CARTESIAN_POINT('',(-0.0828724000994433,-0.0265567875667751,0.03556));
#3264=CARTESIAN_POINT('',(-0.078344842857367,-0.022104443793401,0.03556));
#3265=CARTESIAN_POINT('',(-0.0785034311406026,-0.0309951584649884,0.02921));
#3266=CARTESIAN_POINT('',(-0.0785034311406026,-0.0309951584649884,0.03556));
#3267=CARTESIAN_POINT('',(-0.0739819624246753,-0.0265365520667129,0.03556));
#3268=CARTESIAN_POINT('',(-0.0741187918093067,-0.0354356201563463,0.02921));
#3269=CARTESIAN_POINT('',(-0.0741187918093067,-0.0354356201563463,0.03556));
#3270=CARTESIAN_POINT('',(-0.0696130343289014,-0.0309613096257657,0.03556));
#3271=CARTESIAN_POINT('',(-0.0682978524589725,-0.0411255751124787,0.02921));
#3272=CARTESIAN_POINT('',(-0.0682978524589725,-0.0411255751124787,0.03556));
#3273=CARTESIAN_POINT('',(-0.0640510570411547,-0.0363895597707518,0.03556));
#3274=CARTESIAN_POINT('',(-0.0616155881779579,-0.0463933534311112,0.02921));
#3275=CARTESIAN_POINT('',(-0.0616155881779579,-0.0463933534311112,0.03556));
#3276=CARTESIAN_POINT('',(-0.0579352482729315,-0.0411980052707262,0.03556));
#3277=CARTESIAN_POINT('',(-0.0555920408296231,-0.0500723469237767,0.02921));
#3278=CARTESIAN_POINT('',(-0.0555920408296231,-0.0500723469237767,0.03556));
#3279=CARTESIAN_POINT('',(-0.0525057198985994,-0.0445161227175749,0.03556));
#3280=CARTESIAN_POINT('',(-0.0510204565567498,-0.0524140971246312,0.02921));
#3281=CARTESIAN_POINT('',(-0.0510204565567498,-0.0524140971246312,0.03556));
#3282=CARTESIAN_POINT('',(-0.0482809394479014,-0.0466825566051622,0.03556));
#3283=CARTESIAN_POINT('',(-0.0464716239084667,-0.0544617869474634,0.02921));
#3284=CARTESIAN_POINT('',(-0.0464716239084667,-0.0544617869474632,0.03556));
#3285=CARTESIAN_POINT('',(-0.043984964167787,-0.048617297238833,0.03556));
#3286=CARTESIAN_POINT('',(-0.0404040247227949,-0.0569198053553171,0.02921));
#3287=CARTESIAN_POINT('',(-0.0404040247227949,-0.0569198053553178,0.0355600000000002));
#3288=CARTESIAN_POINT('',(-0.0381740846398404,-0.0509720564761471,0.03556));
#3289=CARTESIAN_POINT('',(-0.0328296574605564,-0.0596236545514606,0.02921));
#3290=CARTESIAN_POINT('',(-0.0328296574605564,-0.059623654551455,0.0355599999999984));
#3291=CARTESIAN_POINT('',(-0.0308023586061469,-0.053605140782282,0.03556));
#3292=CARTESIAN_POINT('',(-0.0237630048481557,-0.0625583413713042,0.02921));
#3293=CARTESIAN_POINT('',(-0.0237630048481559,-0.0625583413713248,0.0355600000000057));
#3294=CARTESIAN_POINT('',(-0.0218621966096595,-0.0564993871883102,0.03556));
#3295=CARTESIAN_POINT('',(-0.0147716022583187,-0.0653525451607751,0.02921));
#3296=CARTESIAN_POINT('',(-0.0147716022583182,-0.0653525451606983,0.0355599999999786));
#3297=CARTESIAN_POINT('',(-0.012885371356429,-0.0592891915855049,0.03556));
#3298=CARTESIAN_POINT('',(-0.00879252953993262,-0.0672178657591019,0.02921));
#3299=CARTESIAN_POINT('',(-0.00879252953993365,-0.0672178657592674,0.0355600000000461));
#3300=CARTESIAN_POINT('',(-0.00690305922990163,-0.0611554898265389,0.03556));
#3301=CARTESIAN_POINT('',(-0.00580109372128069,-0.0681502112992962,0.02921));
#3302=CARTESIAN_POINT('',(-0.00580109372128069,-0.0681502112992962,0.03556));
#3303=CARTESIAN_POINT('',(-0.00391162341125459,-0.0620878353667488,0.03556));
#3304=CARTESIAN_POINT('',(-0.0169191691701534,-0.0646850203208455,0.02921));
#3305=CARTESIAN_POINT('',(-0.0169191691701534,-0.0646850203208455,0.0298547206571723));
#3306=CARTESIAN_POINT('',(-0.0165200351512645,-0.0645909783018096,0.0311149979865721));
#3307=CARTESIAN_POINT('',(-0.0152332018435882,-0.0642876463988457,0.0325372103476826));
#3308=CARTESIAN_POINT('',(-0.0137016917256193,-0.0639266610661678,0.0335727490241152));
#3309=CARTESIAN_POINT('',(-0.0114375365337311,-0.0633929801027056,0.034610953674415));
#3310=CARTESIAN_POINT('',(-0.00846763785797676,-0.0626929516532253,0.0353638160894454));
#3311=CARTESIAN_POINT('',(-0.00600112403511531,-0.0621115742542509,0.0355599999999992));
#3312=CARTESIAN_POINT('',(-0.00476801855613931,-0.0618209213353752,0.03556));
#3313=CARTESIAN_POINT('',(-0.0160264558895287,-0.064820921335371,0.02921));
#3314=CARTESIAN_POINT('',(-0.0164831568846021,-0.064820921335371,0.02921));
#3315=CARTESIAN_POINT('',(-0.0169191691701538,-0.0646850203208454,0.02921));
#3316=CARTESIAN_POINT('',(-0.016026455838007,-0.064820921335371,0.0294745077031735));
#3317=CARTESIAN_POINT('',(-0.0164831568319557,-0.0648209213353665,0.0295956887631384));
#3318=CARTESIAN_POINT('',(-0.0169191691230776,-0.0646850203355186,0.0297113802731791));
#3319=CARTESIAN_POINT('',(-0.0158051914796076,-0.064820921335371,0.0299693824424802));
#3320=CARTESIAN_POINT('',(-0.0162555561035831,-0.064820921335373,0.03032193611876));
#3321=CARTESIAN_POINT('',(-0.0166803049664871,-0.0646287455729315,0.0306494264208208));
#3322=CARTESIAN_POINT('',(-0.0150133049734578,-0.064820921335371,0.0306639150985662));
#3323=CARTESIAN_POINT('',(-0.0154409611420104,-0.0648209213353698,0.0313631062065602));
#3324=CARTESIAN_POINT('',(-0.0158256394193745,-0.0644272906304634,0.0319659286196702));
#3325=CARTESIAN_POINT('',(-0.0138478168454973,-0.064820921335371,0.0312300810320509));
#3326=CARTESIAN_POINT('',(-0.0142381152059681,-0.0648209213353714,0.032254521979278));
#3327=CARTESIAN_POINT('',(-0.014567737642005,-0.0641307946771377,0.033039108821947));
#3328=CARTESIAN_POINT('',(-0.0123709221695325,-0.064820921335371,0.0317048552810838));
#3329=CARTESIAN_POINT('',(-0.0127188363547818,-0.0648209213353709,0.033064264189598));
#3330=CARTESIAN_POINT('',(-0.0129737437970786,-0.063755076924563,0.0339390540402638));
#3331=CARTESIAN_POINT('',(-0.010867502035405,-0.064820921335371,0.0320422159362239));
#3332=CARTESIAN_POINT('',(-0.011165811910166,-0.064820921335371,0.0337135546492425));
#3333=CARTESIAN_POINT('',(-0.0113511196760126,-0.0633726114588607,0.0345785287149301));
#3334=CARTESIAN_POINT('',(-0.00935582463252768,-0.064820921335371,0.0322824583785904));
#3335=CARTESIAN_POINT('',(-0.00959528012356733,-0.064820921335371,0.0342615532222438));
#3336=CARTESIAN_POINT('',(-0.00971958402647583,-0.0629880452929334,0.0350339136430067));
#3337=CARTESIAN_POINT('',(-0.0073273120253063,-0.064820921335371,0.0324987437504835));
#3338=CARTESIAN_POINT('',(-0.00743596627958616,-0.0648209213353711,0.0349106440962442));
#3339=CARTESIAN_POINT('',(-0.0075302340544201,-0.0624719978404211,0.0354438874075956));
#3340=CARTESIAN_POINT('',(-0.00579457640456337,-0.064820921335371,0.0325599999999145));
#3341=CARTESIAN_POINT('',(-0.00582975769442535,-0.0648209213353709,0.0353097395221877));
#3342=CARTESIAN_POINT('',(-0.00587597045494147,-0.0620820745353704,0.0355600000000032));
#3343=CARTESIAN_POINT('',(-0.00476801855613624,-0.064820921335371,0.03256));
#3344=CARTESIAN_POINT('',(-0.004768018556126,-0.064820921335371,0.0355599999999938));
#3345=CARTESIAN_POINT('',(-0.004768018556126,-0.0618209213353772,0.03556));
#3346=CARTESIAN_POINT('',(-0.0123815687233667,-0.064820921335371,0.0316778448216469));
#3347=CARTESIAN_POINT('',(-0.0111800460829599,-0.0648209213353755,0.0322335629851632));
#3348=CARTESIAN_POINT('',(-0.00866798295074832,-0.0647678015354307,0.0330908124868535));
#3349=CARTESIAN_POINT('',(-0.00608194098869011,-0.0646573967880378,0.0335481669989333));
#3350=CARTESIAN_POINT('',(-0.00476801855613982,-0.0646016481165689,0.0336858590357271));
#3351=CARTESIAN_POINT('',(0.0012968781662881,-0.071820921335371,0.01778));
#3352=CARTESIAN_POINT('',(-0.0123815687233703,-0.071820921335371,0.0316778448216547));
#3353=CARTESIAN_POINT('',(-0.00259087614296029,-0.0710900106060297,0.0296600406746324));
#3354=CARTESIAN_POINT('',(-0.00316325320034368,-0.0663074574409727,0.0294727297527002));
#3355=CARTESIAN_POINT('',(-0.00476801855613896,-0.0646016481165686,0.033685859035728));
#3356=CARTESIAN_POINT('',(-0.00350685806835203,-0.0712793400277867,0.029360284741537));
#3357=CARTESIAN_POINT('',(-0.00410627025995275,-0.0662233082523551,0.0291143619669067));
#3358=CARTESIAN_POINT('',(-0.00610669169239895,-0.0646584469349067,0.0335455732714527));
#3359=CARTESIAN_POINT('',(-0.005234285736568,-0.0716449958028437,0.0285663952805216));
#3360=CARTESIAN_POINT('',(-0.00580541174441172,-0.0659296248373695,0.0281924152162836));
#3361=CARTESIAN_POINT('',(-0.00869056751942264,-0.0647681436798059,0.0330814187909329));
#3362=CARTESIAN_POINT('',(-0.00677840074454112,-0.0718209213360235,0.0273708918260004));
#3363=CARTESIAN_POINT('',(-0.00697529491447247,-0.0652595332962466,0.0271771059248123));
#3364=CARTESIAN_POINT('',(-0.0111637880657925,-0.0648209213353695,0.0322410825004361));
#3365=CARTESIAN_POINT('',(-0.00747135701938392,-0.071820921335371,0.0266888748856824));
#3366=CARTESIAN_POINT('',(-0.00747135701939205,-0.0648209213353801,0.0266888748856744));
#3367=CARTESIAN_POINT('',(-0.012381568723362,-0.064820921335371,0.03167784482165));
#3368=CARTESIAN_POINT('',(-0.109725975281977,0.0570899575725356,0.0357342113444405));
#3369=CARTESIAN_POINT('',(-0.110443234639436,0.0574742845352337,0.0355571071019125));
#3370=CARTESIAN_POINT('',(-0.111177104632321,0.0578679352237222,0.0355599499590196));
#3371=CARTESIAN_POINT('',(-0.11019373699895,0.0558894038808138,0.0357705996605824));
#3372=CARTESIAN_POINT('',(-0.110823444808344,0.0562138634304969,0.0355986778594734));
#3373=CARTESIAN_POINT('',(-0.111474391673275,0.0565393869776351,0.0355613581680773));
#3374=CARTESIAN_POINT('',(-0.11088342883481,0.0540416389748812,0.0357432773760575));
#3375=CARTESIAN_POINT('',(-0.111384570992537,0.0542745107746657,0.035589455622023));
#3376=CARTESIAN_POINT('',(-0.111904142507525,0.0545048975828002,0.0355152620784154));
#3377=CARTESIAN_POINT('',(-0.111533036193843,0.051450642672685,0.0356227397657686));
#3378=CARTESIAN_POINT('',(-0.111905999437105,0.051546876696901,0.0354985160014722));
#3379=CARTESIAN_POINT('',(-0.112290183888698,0.0516420297021058,0.0354141515334469));
#3380=CARTESIAN_POINT('',(-0.111678875948727,0.04935502800457,0.0355705283615784));
#3381=CARTESIAN_POINT('',(-0.11200852014123,0.0493337329838734,0.0354571315574405));
#3382=CARTESIAN_POINT('',(-0.112346869092608,0.0493120784174019,0.0353732312481892));
#3383=CARTESIAN_POINT('',(-0.111296062250302,0.0473319157293702,0.0356317452535777));
#3384=CARTESIAN_POINT('',(-0.111666519220575,0.0471928876267724,0.0355047139393464));
#3385=CARTESIAN_POINT('',(-0.112048794573056,0.0470538432660198,0.0354198183919763));
#3386=CARTESIAN_POINT('',(-0.110402144399791,0.0448364301784895,0.035748964384656));
#3387=CARTESIAN_POINT('',(-0.110890165417818,0.0445531320697578,0.0355917095295961));
#3388=CARTESIAN_POINT('',(-0.111397348395614,0.0442703975819985,0.0355178108059642));
#3389=CARTESIAN_POINT('',(-0.109551338486224,0.043069886487568,0.0357734604225111));
#3390=CARTESIAN_POINT('',(-0.110158062193527,0.0426860048589463,0.0355981134404455));
#3391=CARTESIAN_POINT('',(-0.110786237059353,0.042298729582931,0.0355612798439365));
#3392=CARTESIAN_POINT('',(-0.108978583991503,0.041922407727644,0.0357379372600782));
#3393=CARTESIAN_POINT('',(-0.109665865570025,0.0414721459748721,0.0355571463973109));
#3394=CARTESIAN_POINT('',(-0.110369385502083,0.0410108122785889,0.0355599528392767));
#3395=CARTESIAN_POINT('',(-0.0849481221399592,0.0439541071474919,0.0348083316478932));
#3396=CARTESIAN_POINT('',(-0.0865074021699853,0.0440809002006787,0.03556));
#3397=CARTESIAN_POINT('',(-0.0882373293834512,0.0442215694512062,0.03556));
#3398=CARTESIAN_POINT('',(-0.0849310645101232,0.0456046353824059,0.0348644366853604));
#3399=CARTESIAN_POINT('',(-0.0864668709403576,0.0454184021591495,0.0355600000000042));
#3400=CARTESIAN_POINT('',(-0.0881564588895517,0.0452161013381135,0.03556));
#3401=CARTESIAN_POINT('',(-0.0852442516096124,0.0472926020424829,0.0348153267231566));
#3402=CARTESIAN_POINT('',(-0.0867438042937556,0.0467803806337399,0.0355599999999879));
#3403=CARTESIAN_POINT('',(-0.0884019267298939,0.0462079139028289,0.03556));
#3404=CARTESIAN_POINT('',(-0.0857676924720044,0.0487426258595987,0.0346983743930183));
#3405=CARTESIAN_POINT('',(-0.0872254016470922,0.0479601933778641,0.03556));
#3406=CARTESIAN_POINT('',(-0.0888689542631834,0.0470780085262854,0.03556));
#3407=CARTESIAN_POINT('',(-0.0408473914222766,0.0790261962319224,0.02901));
#3408=MECHANICAL_DESIGN_GEOMETRIC_PRESENTATION_REPRESENTATION('',(#1143),
#3409);
#3409=(
GEOMETRIC_REPRESENTATION_CONTEXT(3)
GLOBAL_UNCERTAINTY_ASSIGNED_CONTEXT((#3410))
GLOBAL_UNIT_ASSIGNED_CONTEXT((#3413,#3412,#3411))
REPRESENTATION_CONTEXT('Horn Base 1','TOP_LEVEL_ASSEMBLY_PART')
);
#3410=UNCERTAINTY_MEASURE_WITH_UNIT(LENGTH_MEASURE(2.E-5),#3413,
'DISTANCE_ACCURACY_VALUE','Maximum Tolerance applied to model');
#3411=(
NAMED_UNIT(*)
SI_UNIT($,.STERADIAN.)
SOLID_ANGLE_UNIT()
);
#3412=(
NAMED_UNIT(*)
PLANE_ANGLE_UNIT()
SI_UNIT($,.RADIAN.)
);
#3413=(
LENGTH_UNIT()
NAMED_UNIT(*)
SI_UNIT($,.METRE.)
);
#3414=PRODUCT_DEFINITION_SHAPE('','',#3415);
#3415=PRODUCT_DEFINITION('','',#3417,#3416);
#3416=PRODUCT_DEFINITION_CONTEXT('',#3423,'design');
#3417=PRODUCT_DEFINITION_FORMATION_WITH_SPECIFIED_SOURCE('','',#3419,
 .NOT_KNOWN.);
#3418=PRODUCT_RELATED_PRODUCT_CATEGORY('','',(#3419));
#3419=PRODUCT('Horn Base 1','Horn Base 1','Horn Base 1',(#3421));
#3420=PRODUCT_CATEGORY('','');
#3421=PRODUCT_CONTEXT('',#3423,'mechanical');
#3422=APPLICATION_PROTOCOL_DEFINITION('international standard',
'ap242_managed_model_based_3d_engineering',2020,#3423);
#3423=APPLICATION_CONTEXT('managed model based 3d engineering');
ENDSEC;
END-ISO-10303-21;
