ISO-10303-21;
HEADER;
/* Generated by software containing ST-Developer
 * from STEP Tools, Inc. (www.steptools.com) 
 */
/* OPTION: using custom renumber hook */

FILE_DESCRIPTION(
/* description */ ('STEP AP242 Edition 2',
'CAx-IF Rec.Pracs.---Representation and Presentation of Product Manufa
cturing Information (PMI)---4.0---2014-10-13',
'CAx-IF Rec.Pracs.---3D Tessellated Geometry---0.4---2014-09-14','2;1',
'CAx-IF Rec.Pracs.---User Defined Attributes---1.5---2016-08-15'),
/* implementation_level */ '2;1');

FILE_NAME(
/* name */ 'Part Studio 1 - Horn Base 2',
/* time_stamp */ '2026-08-10T00:52:46Z',
/* author */ (''),
/* organization */ (''),
/* preprocessor_version */ 'ST-DEVELOPER v20',
/* originating_system */ 'ONSHAPE BY PTC INC, 1.219',
/* authorisation */ '  ');

FILE_SCHEMA (('AP242_MANAGED_MODEL_BASED_3D_ENGINEERING_MIM_LF { 1 0 10303 442 3 1 4 }'));
ENDSEC;

DATA;
#10=SHAPE_REPRESENTATION_RELATIONSHIP('','',#1207,#11);
#11=ADVANCED_BREP_SHAPE_REPRESENTATION('',(#1205),#3485);
#12=ORIENTED_CLOSED_SHELL('',*,#1196,.F.);
#13=TOROIDAL_SURFACE('',#1245,0.0195,0.007);
#14=TOROIDAL_SURFACE('',#1259,0.0195,0.007);
#15=(
BOUNDED_SURFACE()
B_SPLINE_SURFACE(3,2,((#1891,#1892,#1893),(#1894,#1895,#1896),(#1897,#1898,
#1899),(#1900,#1901,#1902),(#1903,#1904,#1905),(#1906,#1907,#1908),(#1909,
#1910,#1911),(#1912,#1913,#1914)),.UNSPECIFIED.,.F.,.F.,.F.)
B_SPLINE_SURFACE_WITH_KNOTS((4,1,1,1,1,4),(3,3),(-1.82145964977565E-17,
0.00462859842965285,0.00925719685930571,0.0115714960741321,0.0138857952889586,
0.0185143937186114),(0.,1.),.UNSPECIFIED.)
GEOMETRIC_REPRESENTATION_ITEM()
RATIONAL_B_SPLINE_SURFACE(((1.,0.707106781186548,1.),(1.,0.729677581269499,
1.),(1.,0.766686269694304,1.),(1.,0.783581044248511,1.),(1.,0.777049937144031,
1.),(1.,0.757483586887719,1.),(1.,0.729674940240663,1.),(1.,0.707106781186548,
1.)))
REPRESENTATION_ITEM('')
SURFACE()
);
#16=(
BOUNDED_SURFACE()
B_SPLINE_SURFACE(3,2,((#2098,#2099,#2100),(#2101,#2102,#2103),(#2104,#2105,
#2106),(#2107,#2108,#2109)),.UNSPECIFIED.,.F.,.F.,.F.)
B_SPLINE_SURFACE_WITH_KNOTS((4,4),(3,3),(0.0674556650759023,0.0736057364588429),
(0.,1.),.PIECEWISE_BEZIER_KNOTS.)
GEOMETRIC_REPRESENTATION_ITEM()
RATIONAL_B_SPLINE_SURFACE(((1.,0.823611972863976,1.),(1.,0.845893785267532,
1.),(1.,0.85790442354187,1.),(1.,0.857904423581089,1.)))
REPRESENTATION_ITEM('')
SURFACE()
);
#17=(
BOUNDED_SURFACE()
B_SPLINE_SURFACE(3,2,((#2111,#2112,#2113),(#2114,#2115,#2116),(#2117,#2118,
#2119),(#2120,#2121,#2122),(#2123,#2124,#2125),(#2126,#2127,#2128),(#2129,
#2130,#2131),(#2132,#2133,#2134),(#2135,#2136,#2137),(#2138,#2139,#2140),
(#2141,#2142,#2143),(#2144,#2145,#2146),(#2147,#2148,#2149),(#2150,#2151,
#2152),(#2153,#2154,#2155),(#2156,#2157,#2158),(#2159,#2160,#2161),(#2162,
#2163,#2164),(#2165,#2166,#2167),(#2168,#2169,#2170)),.UNSPECIFIED.,.F.,
 .F.,.F.)
B_SPLINE_SURFACE_WITH_KNOTS((4,1,1,1,1,1,1,1,1,1,1,1,1,1,1,1,1,4),(3,3),
(-0.000118856629172868,0.00392597649333195,0.00797080961583677,0.0160604758608464,
0.024150142105856,0.0322398083508657,0.0403294745958753,0.0484191408408849,
0.0565088070858946,0.0645984733309042,0.0726881395759138,0.0807778058209235,
0.0888674720659331,0.0969571383109427,0.105046804555952,0.113136470800962,
0.121226137045972,0.129315803290981),(0.,0.500000000029045),
 .UNSPECIFIED.)
GEOMETRIC_REPRESENTATION_ITEM()
RATIONAL_B_SPLINE_SURFACE(((1.,1.,1.),(1.,1.,1.),(1.,0.999994379202986,
0.999994379202986),(1.,0.999961206259662,0.999961206259664),(1.,0.999879341908126,
0.999879341908133),(1.,0.999716646372556,0.999716646372573),(1.,0.999484759808036,
0.999484759808066),(1.,0.999189724735144,0.999189724735191),(1.,0.998829930429384,
0.998829930429452),(1.,0.998399107787462,0.998399107787555),(1.,0.997902052816531,
0.997902052816653),(1.,0.997342551011008,0.997342551011162),(1.,0.996736194116836,
0.996736194117025),(1.,0.996102096149763,0.99610209614999),(1.,0.995459975437599,
0.995459975437863),(1.,0.994851261870752,0.994851261871051),(1.,0.994349850634772,
0.9943498506351),(1.,0.994009014907678,0.994009014908026),(1.,0.993926571636077,
0.99392657163643),(1.,0.993926576548726,0.993926576549078)))
REPRESENTATION_ITEM('')
SURFACE()
);
#18=(
BOUNDED_SURFACE()
B_SPLINE_SURFACE(3,2,((#2206,#2207,#2208),(#2209,#2210,#2211),(#2212,#2213,
#2214),(#2215,#2216,#2217),(#2218,#2219,#2220)),.UNSPECIFIED.,.F.,.F.,.F.)
B_SPLINE_SURFACE_WITH_KNOTS((4,1,4),(3,3),(-1.21430643318376E-16,0.00747294171521491,
0.0149458834304299),(0.,1.),.UNSPECIFIED.)
GEOMETRIC_REPRESENTATION_ITEM()
RATIONAL_B_SPLINE_SURFACE(((1.,0.707106781186547,1.),(1.,0.707106781186547,
1.),(1.,0.707106781186548,1.),(1.,0.707106781186548,1.),(1.,0.707106781186548,
1.)))
REPRESENTATION_ITEM('')
SURFACE()
);
#19=(
BOUNDED_SURFACE()
B_SPLINE_SURFACE(3,2,((#2227,#2228,#2229),(#2230,#2231,#2232),(#2233,#2234,
#2235),(#2236,#2237,#2238)),.UNSPECIFIED.,.F.,.F.,.F.)
B_SPLINE_SURFACE_WITH_KNOTS((4,4),(3,3),(0.0162864618661586,0.0325340072438519),
(0.,1.),.PIECEWISE_BEZIER_KNOTS.)
GEOMETRIC_REPRESENTATION_ITEM()
RATIONAL_B_SPLINE_SURFACE(((1.,0.707106781186548,1.),(1.,0.707106781186548,
1.),(1.,0.707106781186547,1.),(1.,0.707106781186547,1.)))
REPRESENTATION_ITEM('')
SURFACE()
);
#20=(
BOUNDED_SURFACE()
B_SPLINE_SURFACE(3,2,((#2250,#2251,#2252),(#2253,#2254,#2255),(#2256,#2257,
#2258),(#2259,#2260,#2261),(#2262,#2263,#2264),(#2265,#2266,#2267)),
 .UNSPECIFIED.,.F.,.F.,.F.)
B_SPLINE_SURFACE_WITH_KNOTS((4,1,1,4),(3,3),(-1.73472347597681E-17,0.0080844988405004,
0.0161689976810008,0.0323379953620017),(0.,1.),.UNSPECIFIED.)
GEOMETRIC_REPRESENTATION_ITEM()
RATIONAL_B_SPLINE_SURFACE(((1.,0.707106781186547,1.),(1.,0.707106781186547,
1.),(1.,0.707106781186548,1.),(1.,0.707106781186547,1.),(1.,0.707106781186547,
1.),(1.,0.707106781186547,1.)))
REPRESENTATION_ITEM('')
SURFACE()
);
#21=(
BOUNDED_SURFACE()
B_SPLINE_SURFACE(3,2,((#2287,#2288,#2289),(#2290,#2291,#2292),(#2293,#2294,
#2295),(#2296,#2297,#2298),(#2299,#2300,#2301),(#2302,#2303,#2304),(#2305,
#2306,#2307),(#2308,#2309,#2310),(#2311,#2312,#2313),(#2314,#2315,#2316),
(#2317,#2318,#2319),(#2320,#2321,#2322),(#2323,#2324,#2325),(#2326,#2327,
#2328),(#2329,#2330,#2331),(#2332,#2333,#2334),(#2335,#2336,#2337),(#2338,
#2339,#2340),(#2341,#2342,#2343),(#2344,#2345,#2346),(#2347,#2348,#2349),
(#2350,#2351,#2352)),.UNSPECIFIED.,.F.,.F.,.F.)
B_SPLINE_SURFACE_WITH_KNOTS((4,1,1,1,1,1,1,1,1,1,1,1,1,1,1,1,1,1,1,4),(3,
3),(-7.7715611723761E-16,0.00651958392356475,0.00977937588534752,0.0130391678471303,
0.016298959808913,0.0195587517706958,0.0228185437324786,0.0260783356942613,
0.0293381276560441,0.0325979196178269,0.0391175035413924,0.0456370874649579,
0.0521566713885235,0.058676255312089,0.0651958392356545,0.0717154231592201,
0.0782350070827856,0.0847545910063511,0.0912741749299166,0.104313342777048),
(0.,1.),.UNSPECIFIED.)
GEOMETRIC_REPRESENTATION_ITEM()
RATIONAL_B_SPLINE_SURFACE(((1.,0.707106781186547,1.),(1.,0.707106781186547,
1.),(1.,0.707106781186548,1.),(1.,0.707106781186548,1.),(1.,0.707106781186548,
1.),(1.,0.707106781186547,1.),(1.,0.707106781186548,1.),(1.,0.707106781186548,
1.),(1.,0.707106781186547,1.),(1.,0.707106781186548,1.),(1.,0.707106781186547,
1.),(1.,0.707106781186547,1.),(1.,0.707106781186548,1.),(1.,0.707106781186547,
1.),(1.,0.707106781186548,1.),(1.,0.707106781186547,1.),(1.,0.707106781186548,
1.),(1.,0.707106781186547,1.),(1.,0.707106781186547,1.),(1.,0.707106781186548,
1.),(1.,0.707106781186548,1.),(1.,0.707106781186548,1.)))
REPRESENTATION_ITEM('')
SURFACE()
);
#22=(
BOUNDED_SURFACE()
B_SPLINE_SURFACE(3,2,((#2353,#2354,#2355),(#2356,#2357,#2358),(#2359,#2360,
#2361),(#2362,#2363,#2364)),.UNSPECIFIED.,.F.,.F.,.F.)
B_SPLINE_SURFACE_WITH_KNOTS((4,4),(3,3),(0.0164586478399542,0.0239865513681233),
(0.,1.),.PIECEWISE_BEZIER_KNOTS.)
GEOMETRIC_REPRESENTATION_ITEM()
RATIONAL_B_SPLINE_SURFACE(((1.,0.707106781186548,1.),(1.,0.707106781186548,
1.),(1.,0.707106781186547,1.),(1.,0.707106781186547,1.)))
REPRESENTATION_ITEM('')
SURFACE()
);
#23=(
BOUNDED_SURFACE()
B_SPLINE_SURFACE(3,2,((#2365,#2366,#2367),(#2368,#2369,#2370),(#2371,#2372,
#2373),(#2374,#2375,#2376)),.UNSPECIFIED.,.F.,.F.,.F.)
B_SPLINE_SURFACE_WITH_KNOTS((4,4),(3,3),(-8.32667268468867E-17,0.00583967577955885),
(0.,1.),.PIECEWISE_BEZIER_KNOTS.)
GEOMETRIC_REPRESENTATION_ITEM()
RATIONAL_B_SPLINE_SURFACE(((1.,0.707106781186547,1.),(1.,0.707106781186547,
1.),(1.,0.707106781186548,1.),(1.,0.707106781186548,1.)))
REPRESENTATION_ITEM('')
SURFACE()
);
#24=(
BOUNDED_SURFACE()
B_SPLINE_SURFACE(3,2,((#2377,#2378,#2379),(#2380,#2381,#2382),(#2383,#2384,
#2385),(#2386,#2387,#2388),(#2389,#2390,#2391),(#2392,#2393,#2394),(#2395,
#2396,#2397),(#2398,#2399,#2400),(#2401,#2402,#2403),(#2404,#2405,#2406),
(#2407,#2408,#2409),(#2410,#2411,#2412),(#2413,#2414,#2415),(#2416,#2417,
#2418),(#2419,#2420,#2421),(#2422,#2423,#2424),(#2425,#2426,#2427),(#2428,
#2429,#2430),(#2431,#2432,#2433),(#2434,#2435,#2436),(#2437,#2438,#2439),
(#2440,#2441,#2442),(#2443,#2444,#2445),(#2446,#2447,#2448),(#2449,#2450,
#2451),(#2452,#2453,#2454),(#2455,#2456,#2457),(#2458,#2459,#2460),(#2461,
#2462,#2463)),.UNSPECIFIED.,.F.,.F.,.F.)
B_SPLINE_SURFACE_WITH_KNOTS((4,1,1,1,1,1,1,1,1,1,1,1,1,1,1,1,1,1,1,1,1,
1,1,1,1,1,4),(3,3),(-3.46944695195361E-17,0.00463530463310864,0.00927060926621731,
0.013905913899326,0.0185412185324346,0.0231765231655433,0.027811827798652,
0.0301294801152063,0.0324471324317607,0.0370824370648693,0.041717741697978,
0.0463530463310867,0.0509883509641953,0.055623655597304,0.0648942648635214,
0.06952956949663,0.0741648741297387,0.0834354833959561,0.0927060926621734,
0.0973413972952821,0.101976701928391,0.106612006561499,0.111247311194608,
0.120517920460825,0.129788529727043,0.13905913899326,0.148329748259477),
(0.,1.),.UNSPECIFIED.)
GEOMETRIC_REPRESENTATION_ITEM()
RATIONAL_B_SPLINE_SURFACE(((1.,0.707106781186547,1.),(1.,0.707106781186547,
1.),(1.,0.707106781186548,1.),(1.,0.707106781186548,1.),(1.,0.707106781186547,
1.),(1.,0.707106781186548,1.),(1.,0.707106781186547,1.),(1.,0.707106781186548,
1.),(1.,0.707106781186547,1.),(1.,0.707106781186547,1.),(1.,0.707106781186548,
1.),(1.,0.707106781186547,1.),(1.,0.707106781186548,1.),(1.,0.707106781186547,
1.),(1.,0.707106781186548,1.),(1.,0.707106781186548,1.),(1.,0.707106781186548,
1.),(1.,0.707106781186547,1.),(1.,0.707106781186547,1.),(1.,0.707106781186548,
1.),(1.,0.707106781186548,1.),(1.,0.707106781186547,1.),(1.,0.707106781186548,
1.),(1.,0.707106781186547,1.),(1.,0.707106781186548,1.),(1.,0.707106781186547,
1.),(1.,0.707106781186548,1.),(1.,0.707106781186548,1.),(1.,0.707106781186548,
1.)))
REPRESENTATION_ITEM('')
SURFACE()
);
#25=(
BOUNDED_SURFACE()
B_SPLINE_SURFACE(3,2,((#2473,#2474,#2475),(#2476,#2477,#2478),(#2479,#2480,
#2481),(#2482,#2483,#2484),(#2485,#2486,#2487),(#2488,#2489,#2490),(#2491,
#2492,#2493),(#2494,#2495,#2496),(#2497,#2498,#2499),(#2500,#2501,#2502),
(#2503,#2504,#2505)),.UNSPECIFIED.,.F.,.F.,.F.)
B_SPLINE_SURFACE_WITH_KNOTS((4,1,1,1,1,1,1,1,4),(3,3),(0.0250838583489368,
0.0258712144216905,0.0266585704944442,0.0282332826399517,0.0298079947854592,
0.0313827069309667,0.0329574190764742,0.0345321312219817,0.0376815555129966),
(0.,1.),.UNSPECIFIED.)
GEOMETRIC_REPRESENTATION_ITEM()
RATIONAL_B_SPLINE_SURFACE(((1.,0.988610049975422,1.),(1.,0.988610048876023,
1.),(1.,0.983873393034614,1.),(1.,0.966719152926678,1.),(1.,0.940922845388375,
1.),(1.,0.907064113988636,1.),(1.,0.871242173324697,1.),(1.,0.833676717811837,
1.),(1.,0.780878944122007,1.),(1.,0.737883980883343,1.),(1.,0.707106781187289,
1.)))
REPRESENTATION_ITEM('')
SURFACE()
);
#26=(
BOUNDED_SURFACE()
B_SPLINE_SURFACE(3,2,((#2513,#2514,#2515),(#2516,#2517,#2518),(#2519,#2520,
#2521),(#2522,#2523,#2524),(#2525,#2526,#2527)),.UNSPECIFIED.,.F.,.F.,.F.)
B_SPLINE_SURFACE_WITH_KNOTS((4,1,4),(3,3),(-5.03069808033274E-17,0.00448215091748532,
0.0089643018349707),(0.,1.),.UNSPECIFIED.)
GEOMETRIC_REPRESENTATION_ITEM()
RATIONAL_B_SPLINE_SURFACE(((1.,0.823611972863852,1.),(1.,0.808607362442922,
1.),(1.,0.773629990066898,1.),(1.,0.729976526509909,1.),(1.,0.70710678118701,
1.)))
REPRESENTATION_ITEM('')
SURFACE()
);
#27=(
BOUNDED_SURFACE()
B_SPLINE_SURFACE(3,2,((#2528,#2529,#2530),(#2531,#2532,#2533),(#2534,#2535,
#2536),(#2537,#2538,#2539),(#2540,#2541,#2542),(#2543,#2544,#2545),(#2546,
#2547,#2548),(#2549,#2550,#2551),(#2552,#2553,#2554)),.UNSPECIFIED.,.F.,
 .F.,.F.)
B_SPLINE_SURFACE_WITH_KNOTS((4,1,1,1,1,1,4),(3,3),(0.0188188949526183,0.0233914941384724,
0.0256777937313994,0.0279640933243265,0.0302503929172535,0.0325366925101806,
0.0371092916960347),(0.620240399973991,1.),.UNSPECIFIED.)
GEOMETRIC_REPRESENTATION_ITEM()
RATIONAL_B_SPLINE_SURFACE(((0.980699100358559,0.984440791310716,1.),(0.985486733791186,
0.988300289525301,1.),(0.991266345681726,0.992959460300683,1.),(0.995568237649518,
0.996427383357592,1.),(0.996705918082555,0.997344511968598,1.),(0.995318329862682,
0.996225922934466,1.),(0.990865285013163,0.992636149638736,1.),(0.985065840150816,
0.987960990730522,1.),(0.980307005219109,0.984124708111793,1.)))
REPRESENTATION_ITEM('')
SURFACE()
);
#28=(
BOUNDED_SURFACE()
B_SPLINE_SURFACE(3,2,((#2555,#2556,#2557),(#2558,#2559,#2560),(#2561,#2562,
#2563),(#2564,#2565,#2566)),.UNSPECIFIED.,.F.,.F.,.F.)
B_SPLINE_SURFACE_WITH_KNOTS((4,4),(3,3),(0.253020622665104,0.255966574103126),
(0.,1.),.PIECEWISE_BEZIER_KNOTS.)
GEOMETRIC_REPRESENTATION_ITEM()
RATIONAL_B_SPLINE_SURFACE(((1.,0.975027143033354,1.),(1.,0.976915004962135,
1.),(1.,0.975270490568261,1.),(1.,0.971320177223243,1.)))
REPRESENTATION_ITEM('')
SURFACE()
);
#29=(
BOUNDED_SURFACE()
B_SPLINE_SURFACE(3,2,((#2664,#2665,#2666),(#2667,#2668,#2669),(#2670,#2671,
#2672),(#2673,#2674,#2675)),.UNSPECIFIED.,.F.,.F.,.F.)
B_SPLINE_SURFACE_WITH_KNOTS((4,4),(3,3),(0.0674556650759024,0.0736057364588429),
(0.,1.),.PIECEWISE_BEZIER_KNOTS.)
GEOMETRIC_REPRESENTATION_ITEM()
RATIONAL_B_SPLINE_SURFACE(((1.,0.823611972863976,1.),(1.,0.845893785267878,
1.),(1.,0.857904423541755,1.),(1.,0.857904423581089,1.)))
REPRESENTATION_ITEM('')
SURFACE()
);
#30=(
BOUNDED_SURFACE()
B_SPLINE_SURFACE(3,2,((#2677,#2678,#2679),(#2680,#2681,#2682),(#2683,#2684,
#2685),(#2686,#2687,#2688),(#2689,#2690,#2691),(#2692,#2693,#2694),(#2695,
#2696,#2697),(#2698,#2699,#2700),(#2701,#2702,#2703),(#2704,#2705,#2706),
(#2707,#2708,#2709),(#2710,#2711,#2712),(#2713,#2714,#2715),(#2716,#2717,
#2718),(#2719,#2720,#2721),(#2722,#2723,#2724),(#2725,#2726,#2727),(#2728,
#2729,#2730),(#2731,#2732,#2733),(#2734,#2735,#2736)),.UNSPECIFIED.,.F.,
 .F.,.F.)
B_SPLINE_SURFACE_WITH_KNOTS((4,1,1,1,1,1,1,1,1,1,1,1,1,1,1,1,1,4),(3,3),
(-0.000118856629172868,0.00392597649333194,0.00797080961583676,0.0160604758608464,
0.024150142105856,0.0322398083508656,0.0403294745958753,0.0484191408408849,
0.0565088070858945,0.0645984733309041,0.0726881395759137,0.0807778058209234,
0.088867472065933,0.0969571383109426,0.105046804555952,0.113136470800962,
0.121226137045972,0.129315803290981),(0.499999999967804,1.),
 .UNSPECIFIED.)
GEOMETRIC_REPRESENTATION_ITEM()
RATIONAL_B_SPLINE_SURFACE(((1.,1.,1.),(1.,1.,1.),(0.999994379202986,0.999994379202985,
1.),(0.999961206259664,0.999961206259662,1.),(0.999879341908133,0.999879341908125,
1.),(0.999716646372572,0.999716646372554,1.),(0.999484759808065,0.999484759808032,
1.),(0.999189724735191,0.999189724735139,1.),(0.998829930429452,0.998829930429377,
1.),(0.998399107787554,0.998399107787451,1.),(0.997902052816653,0.997902052816518,
1.),(0.997342551011162,0.997342551010991,1.),(0.996736194117025,0.996736194116815,
1.),(0.996102096149989,0.996102096149738,1.),(0.995459975437863,0.995459975437571,
1.),(0.994851261871049,0.994851261870717,1.),(0.994349850635109,0.994349850634746,
1.),(0.994009014907991,0.994009014907605,1.),(0.993926571636505,0.993926571636114,
1.),(0.993926576549078,0.993926576548687,1.)))
REPRESENTATION_ITEM('')
SURFACE()
);
#31=(
BOUNDED_SURFACE()
B_SPLINE_SURFACE(3,2,((#2772,#2773,#2774),(#2775,#2776,#2777),(#2778,#2779,
#2780),(#2781,#2782,#2783),(#2784,#2785,#2786)),.UNSPECIFIED.,.F.,.F.,.F.)
B_SPLINE_SURFACE_WITH_KNOTS((4,1,4),(3,3),(-1.21430643318376E-16,0.00747294171521491,
0.0149458834304299),(0.,1.),.UNSPECIFIED.)
GEOMETRIC_REPRESENTATION_ITEM()
RATIONAL_B_SPLINE_SURFACE(((1.,0.707106781186547,1.),(1.,0.707106781186547,
1.),(1.,0.707106781186548,1.),(1.,0.707106781186548,1.),(1.,0.707106781186548,
1.)))
REPRESENTATION_ITEM('')
SURFACE()
);
#32=(
BOUNDED_SURFACE()
B_SPLINE_SURFACE(3,2,((#2793,#2794,#2795),(#2796,#2797,#2798),(#2799,#2800,
#2801),(#2802,#2803,#2804)),.UNSPECIFIED.,.F.,.F.,.F.)
B_SPLINE_SURFACE_WITH_KNOTS((4,4),(3,3),(0.0162864618661586,0.0325340072438519),
(0.,1.),.PIECEWISE_BEZIER_KNOTS.)
GEOMETRIC_REPRESENTATION_ITEM()
RATIONAL_B_SPLINE_SURFACE(((1.,0.707106781186548,1.),(1.,0.707106781186548,
1.),(1.,0.707106781186547,1.),(1.,0.707106781186547,1.)))
REPRESENTATION_ITEM('')
SURFACE()
);
#33=(
BOUNDED_SURFACE()
B_SPLINE_SURFACE(3,2,((#2816,#2817,#2818),(#2819,#2820,#2821),(#2822,#2823,
#2824),(#2825,#2826,#2827),(#2828,#2829,#2830),(#2831,#2832,#2833)),
 .UNSPECIFIED.,.F.,.F.,.F.)
B_SPLINE_SURFACE_WITH_KNOTS((4,1,1,4),(3,3),(-1.73472347597681E-17,0.0080844988405004,
0.0161689976810008,0.0323379953620017),(0.,1.),.UNSPECIFIED.)
GEOMETRIC_REPRESENTATION_ITEM()
RATIONAL_B_SPLINE_SURFACE(((1.,0.707106781186548,1.),(1.,0.707106781186548,
1.),(1.,0.707106781186548,1.),(1.,0.707106781186548,1.),(1.,0.707106781186548,
1.),(1.,0.707106781186548,1.)))
REPRESENTATION_ITEM('')
SURFACE()
);
#34=(
BOUNDED_SURFACE()
B_SPLINE_SURFACE(3,2,((#2853,#2854,#2855),(#2856,#2857,#2858),(#2859,#2860,
#2861),(#2862,#2863,#2864),(#2865,#2866,#2867),(#2868,#2869,#2870),(#2871,
#2872,#2873),(#2874,#2875,#2876),(#2877,#2878,#2879),(#2880,#2881,#2882),
(#2883,#2884,#2885),(#2886,#2887,#2888),(#2889,#2890,#2891),(#2892,#2893,
#2894),(#2895,#2896,#2897),(#2898,#2899,#2900),(#2901,#2902,#2903),(#2904,
#2905,#2906),(#2907,#2908,#2909),(#2910,#2911,#2912),(#2913,#2914,#2915),
(#2916,#2917,#2918)),.UNSPECIFIED.,.F.,.F.,.F.)
B_SPLINE_SURFACE_WITH_KNOTS((4,1,1,1,1,1,1,1,1,1,1,1,1,1,1,1,1,1,1,4),(3,
3),(-7.7715611723761E-16,0.00651958392356475,0.00977937588534752,0.0130391678471303,
0.016298959808913,0.0195587517706958,0.0228185437324786,0.0260783356942613,
0.0293381276560441,0.0325979196178269,0.0391175035413924,0.0456370874649579,
0.0521566713885235,0.058676255312089,0.0651958392356545,0.0717154231592201,
0.0782350070827856,0.0847545910063511,0.0912741749299166,0.104313342777048),
(0.,1.),.UNSPECIFIED.)
GEOMETRIC_REPRESENTATION_ITEM()
RATIONAL_B_SPLINE_SURFACE(((1.,0.707106781186547,1.),(1.,0.707106781186547,
1.),(1.,0.707106781186548,1.),(1.,0.707106781186548,1.),(1.,0.707106781186547,
1.),(1.,0.707106781186547,1.),(1.,0.707106781186547,1.),(1.,0.707106781186548,
1.),(1.,0.707106781186547,1.),(1.,0.707106781186548,1.),(1.,0.707106781186548,
1.),(1.,0.707106781186547,1.),(1.,0.707106781186548,1.),(1.,0.707106781186547,
1.),(1.,0.707106781186548,1.),(1.,0.707106781186547,1.),(1.,0.707106781186548,
1.),(1.,0.707106781186547,1.),(1.,0.707106781186548,1.),(1.,0.707106781186548,
1.),(1.,0.707106781186548,1.),(1.,0.707106781186548,1.)))
REPRESENTATION_ITEM('')
SURFACE()
);
#35=(
BOUNDED_SURFACE()
B_SPLINE_SURFACE(3,2,((#2919,#2920,#2921),(#2922,#2923,#2924),(#2925,#2926,
#2927),(#2928,#2929,#2930)),.UNSPECIFIED.,.F.,.F.,.F.)
B_SPLINE_SURFACE_WITH_KNOTS((4,4),(3,3),(0.0164586478399542,0.0239865513681233),
(0.,1.),.PIECEWISE_BEZIER_KNOTS.)
GEOMETRIC_REPRESENTATION_ITEM()
RATIONAL_B_SPLINE_SURFACE(((1.,0.707106781186548,1.),(1.,0.707106781186548,
1.),(1.,0.707106781186548,1.),(1.,0.707106781186548,1.)))
REPRESENTATION_ITEM('')
SURFACE()
);
#36=(
BOUNDED_SURFACE()
B_SPLINE_SURFACE(3,2,((#2931,#2932,#2933),(#2934,#2935,#2936),(#2937,#2938,
#2939),(#2940,#2941,#2942)),.UNSPECIFIED.,.F.,.F.,.F.)
B_SPLINE_SURFACE_WITH_KNOTS((4,4),(3,3),(-8.32667268468867E-17,0.00583967577955879),
(0.,1.),.PIECEWISE_BEZIER_KNOTS.)
GEOMETRIC_REPRESENTATION_ITEM()
RATIONAL_B_SPLINE_SURFACE(((1.,0.707106781186548,1.),(1.,0.707106781186548,
1.),(1.,0.707106781186548,1.),(1.,0.707106781186548,1.)))
REPRESENTATION_ITEM('')
SURFACE()
);
#37=(
BOUNDED_SURFACE()
B_SPLINE_SURFACE(3,2,((#2943,#2944,#2945),(#2946,#2947,#2948),(#2949,#2950,
#2951),(#2952,#2953,#2954),(#2955,#2956,#2957),(#2958,#2959,#2960),(#2961,
#2962,#2963),(#2964,#2965,#2966),(#2967,#2968,#2969),(#2970,#2971,#2972),
(#2973,#2974,#2975),(#2976,#2977,#2978),(#2979,#2980,#2981),(#2982,#2983,
#2984),(#2985,#2986,#2987),(#2988,#2989,#2990),(#2991,#2992,#2993),(#2994,
#2995,#2996),(#2997,#2998,#2999),(#3000,#3001,#3002),(#3003,#3004,#3005),
(#3006,#3007,#3008),(#3009,#3010,#3011),(#3012,#3013,#3014),(#3015,#3016,
#3017),(#3018,#3019,#3020),(#3021,#3022,#3023),(#3024,#3025,#3026),(#3027,
#3028,#3029)),.UNSPECIFIED.,.F.,.F.,.F.)
B_SPLINE_SURFACE_WITH_KNOTS((4,1,1,1,1,1,1,1,1,1,1,1,1,1,1,1,1,1,1,1,1,
1,1,1,1,1,4),(3,3),(-3.46944695195361E-17,0.00463530463310864,0.00927060926621731,
0.013905913899326,0.0185412185324346,0.0231765231655433,0.027811827798652,
0.0301294801152063,0.0324471324317607,0.0370824370648693,0.041717741697978,
0.0463530463310867,0.0509883509641953,0.055623655597304,0.0648942648635214,
0.06952956949663,0.0741648741297387,0.0834354833959561,0.0927060926621734,
0.0973413972952821,0.101976701928391,0.106612006561499,0.111247311194608,
0.120517920460825,0.129788529727043,0.13905913899326,0.148329748259477),
(0.,1.),.UNSPECIFIED.)
GEOMETRIC_REPRESENTATION_ITEM()
RATIONAL_B_SPLINE_SURFACE(((1.,0.707106781186548,1.),(1.,0.707106781186548,
1.),(1.,0.707106781186548,1.),(1.,0.707106781186548,1.),(1.,0.707106781186547,
1.),(1.,0.707106781186548,1.),(1.,0.707106781186547,1.),(1.,0.707106781186547,
1.),(1.,0.707106781186548,1.),(1.,0.707106781186547,1.),(1.,0.707106781186548,
1.),(1.,0.707106781186547,1.),(1.,0.707106781186548,1.),(1.,0.707106781186547,
1.),(1.,0.707106781186548,1.),(1.,0.707106781186547,1.),(1.,0.707106781186547,
1.),(1.,0.707106781186548,1.),(1.,0.707106781186547,1.),(1.,0.707106781186548,
1.),(1.,0.707106781186548,1.),(1.,0.707106781186547,1.),(1.,0.707106781186547,
1.),(1.,0.707106781186548,1.),(1.,0.707106781186548,1.),(1.,0.707106781186547,
1.),(1.,0.707106781186548,1.),(1.,0.707106781186548,1.),(1.,0.707106781186548,
1.)))
REPRESENTATION_ITEM('')
SURFACE()
);
#38=(
BOUNDED_SURFACE()
B_SPLINE_SURFACE(3,2,((#3039,#3040,#3041),(#3042,#3043,#3044),(#3045,#3046,
#3047),(#3048,#3049,#3050),(#3051,#3052,#3053),(#3054,#3055,#3056),(#3057,
#3058,#3059),(#3060,#3061,#3062),(#3063,#3064,#3065),(#3066,#3067,#3068),
(#3069,#3070,#3071)),.UNSPECIFIED.,.F.,.F.,.F.)
B_SPLINE_SURFACE_WITH_KNOTS((4,1,1,1,1,1,1,1,4),(3,3),(0.0250838583489367,
0.0258712144216905,0.0266585704944442,0.0282332826399517,0.0298079947854592,
0.0313827069309666,0.0329574190764741,0.0345321312219816,0.0376815555129965),
(0.,1.),.UNSPECIFIED.)
GEOMETRIC_REPRESENTATION_ITEM()
RATIONAL_B_SPLINE_SURFACE(((1.,0.988610049975422,1.),(1.,0.988610048876023,
1.),(1.,0.9838733930346,1.),(1.,0.966719152926745,1.),(1.,0.940922845387838,
1.),(1.,0.907064113990595,1.),(1.,0.871242173317393,1.),(1.,0.833676717839094,
1.),(1.,0.780878943977277,1.),(1.,0.737883981525208,1.),(1.,0.707106781186872,
1.)))
REPRESENTATION_ITEM('')
SURFACE()
);
#39=(
BOUNDED_SURFACE()
B_SPLINE_SURFACE(3,2,((#3079,#3080,#3081),(#3082,#3083,#3084),(#3085,#3086,
#3087),(#3088,#3089,#3090),(#3091,#3092,#3093)),.UNSPECIFIED.,.F.,.F.,.F.)
B_SPLINE_SURFACE_WITH_KNOTS((4,1,4),(3,3),(-4.9439619065339E-17,0.00448215091748533,
0.00896430183497072),(0.,1.),.UNSPECIFIED.)
GEOMETRIC_REPRESENTATION_ITEM()
RATIONAL_B_SPLINE_SURFACE(((1.,0.823611972863838,1.),(1.,0.808607362387053,
1.),(1.,0.773629990095001,1.),(1.,0.729976526509572,1.),(1.,0.70710678118701,
1.)))
REPRESENTATION_ITEM('')
SURFACE()
);
#40=(
BOUNDED_SURFACE()
B_SPLINE_SURFACE(3,2,((#3094,#3095,#3096),(#3097,#3098,#3099),(#3100,#3101,
#3102),(#3103,#3104,#3105),(#3106,#3107,#3108),(#3109,#3110,#3111),(#3112,
#3113,#3114),(#3115,#3116,#3117),(#3118,#3119,#3120)),.UNSPECIFIED.,.F.,
 .F.,.F.)
B_SPLINE_SURFACE_WITH_KNOTS((4,1,1,1,1,1,4),(3,3),(0.0188188949526183,0.0233914941384724,
0.0256777937313994,0.0279640933243265,0.0302503929172535,0.0325366925101806,
0.0371092916960347),(0.,0.379759600026011),.UNSPECIFIED.)
GEOMETRIC_REPRESENTATION_ITEM()
RATIONAL_B_SPLINE_SURFACE(((1.,0.984440791310716,0.980699100358559),(1.,
0.988300289525301,0.985486733791186),(1.,0.992959460300683,0.991266345681726),
(1.,0.996427383357591,0.995568237649517),(1.,0.997344511968602,0.996705918082559),
(1.,0.996225922934453,0.995318329862664),(1.,0.992636149638808,0.990865285013251),
(1.,0.987960990730203,0.985065840150421),(1.,0.984124708111793,0.980307005219109)))
REPRESENTATION_ITEM('')
SURFACE()
);
#41=(
BOUNDED_SURFACE()
B_SPLINE_SURFACE(3,2,((#3121,#3122,#3123),(#3124,#3125,#3126),(#3127,#3128,
#3129),(#3130,#3131,#3132)),.UNSPECIFIED.,.F.,.F.,.F.)
B_SPLINE_SURFACE_WITH_KNOTS((4,4),(3,3),(0.253020622665104,0.255966574103126),
(0.,1.),.PIECEWISE_BEZIER_KNOTS.)
GEOMETRIC_REPRESENTATION_ITEM()
RATIONAL_B_SPLINE_SURFACE(((1.,0.975027143033354,1.),(1.,0.976915004962135,
1.),(1.,0.975270490568425,1.),(1.,0.971320177223243,1.)))
REPRESENTATION_ITEM('')
SURFACE()
);
#42=B_SPLINE_SURFACE_WITH_KNOTS('',3,1,((#1658,#1659),(#1660,#1661),(#1662,
#1663),(#1664,#1665),(#1666,#1667)),.SURF_OF_LINEAR_EXTRUSION.,.F.,.F.,
 .F.,(4,1,4),(2,2),(0.426080908504005,0.439754384490959,0.453427860477914),
(0.,1.),.UNSPECIFIED.);
#43=B_SPLINE_SURFACE_WITH_KNOTS('',3,1,((#1695,#1696),(#1697,#1698),(#1699,
#1700),(#1701,#1702)),.SURF_OF_LINEAR_EXTRUSION.,.F.,.F.,.F.,(4,4),(2,2),
(0.403664513258181,0.427643420770807),(0.,1.),.PIECEWISE_BEZIER_KNOTS.);
#44=B_SPLINE_SURFACE_WITH_KNOTS('',3,1,((#1718,#1719),(#1720,#1721),(#1722,
#1723),(#1724,#1725),(#1726,#1727),(#1728,#1729),(#1730,#1731),(#1732,#1733),
(#1734,#1735),(#1736,#1737),(#1738,#1739),(#1740,#1741),(#1742,#1743),(#1744,
#1745)),.SURF_OF_LINEAR_EXTRUSION.,.F.,.F.,.F.,(4,1,1,1,1,1,1,1,1,1,1,4),
(2,2),(0.0385733823321954,0.0733107460551596,0.108048109778124,0.142785473501088,
0.177522837224052,0.194891519085534,0.212260200947016,0.229628882808498,
0.246997564669981,0.281734928392945,0.299103610254427,0.316472292115909),
(0.,1.),.UNSPECIFIED.);
#45=B_SPLINE_SURFACE_WITH_KNOTS('',3,1,((#1780,#1781),(#1782,#1783),(#1784,
#1785),(#1786,#1787),(#1788,#1789),(#1790,#1791),(#1792,#1793),(#1794,#1795),
(#1796,#1797),(#1798,#1799),(#1800,#1801),(#1802,#1803),(#1804,#1805),(#1806,
#1807),(#1808,#1809),(#1810,#1811),(#1812,#1813),(#1814,#1815),(#1816,#1817),
(#1818,#1819),(#1820,#1821),(#1822,#1823),(#1824,#1825),(#1826,#1827)),
 .SURF_OF_LINEAR_EXTRUSION.,.F.,.F.,.F.,(4,1,1,1,1,1,1,1,1,1,1,1,1,1,1,
1,1,1,1,1,1,4),(2,2),(0.000962501874927365,0.0275324022892447,0.0541023027035621,
0.0806722031178794,0.0939571533250381,0.107242103532197,0.133812003946514,
0.160381904360831,0.186951804775149,0.213521705189466,0.240091605603784,
0.266661506018101,0.293231406432418,0.306516356639577,0.319801306846736,
0.333086257053894,0.346371207261053,0.359656157468212,0.37294110767537,
0.386226057882529,0.399511008089688,0.426080908504005),(0.,1.),
 .UNSPECIFIED.);
#46=B_SPLINE_SURFACE_WITH_KNOTS('',3,1,((#2182,#2183),(#2184,#2185),(#2186,
#2187),(#2188,#2189)),.SURF_OF_LINEAR_EXTRUSION.,.F.,.F.,.F.,(4,4),(2,2),
(0.38812592574067,0.403664513258206),(0.,1.),.PIECEWISE_BEZIER_KNOTS.);
#47=B_SPLINE_SURFACE_WITH_KNOTS('',3,1,((#2194,#2195),(#2196,#2197),(#2198,
#2199),(#2200,#2201)),.SURF_OF_LINEAR_EXTRUSION.,.F.,.F.,.F.,(4,4),(2,2),
(0.316472292115909,0.330123968177572),(0.,1.),.PIECEWISE_BEZIER_KNOTS.);
#48=B_SPLINE_SURFACE_WITH_KNOTS('',3,1,((#2748,#2749),(#2750,#2751),(#2752,
#2753),(#2754,#2755)),.SURF_OF_LINEAR_EXTRUSION.,.F.,.F.,.F.,(4,4),(2,2),
(0.38812592574067,0.403664513258206),(0.,1.),.PIECEWISE_BEZIER_KNOTS.);
#49=B_SPLINE_SURFACE_WITH_KNOTS('',3,1,((#2760,#2761),(#2762,#2763),(#2764,
#2765),(#2766,#2767)),.SURF_OF_LINEAR_EXTRUSION.,.F.,.F.,.F.,(4,4),(2,2),
(0.316472292115909,0.330123968177572),(0.,1.),.PIECEWISE_BEZIER_KNOTS.);
#50=B_SPLINE_SURFACE_WITH_KNOTS('',3,1,((#3151,#3152),(#3153,#3154),(#3155,
#3156),(#3157,#3158),(#3159,#3160),(#3161,#3162),(#3163,#3164),(#3165,#3166),
(#3167,#3168),(#3169,#3170),(#3171,#3172),(#3173,#3174),(#3175,#3176),(#3177,
#3178),(#3179,#3180),(#3181,#3182),(#3183,#3184),(#3185,#3186),(#3187,#3188)),
 .SURF_OF_LINEAR_EXTRUSION.,.F.,.F.,.F.,(4,1,1,1,1,1,1,1,1,1,1,1,1,1,1,
1,4),(2,2),(-0.0139095187373363,-0.0062472983457522,0.00141492204583194,
0.0167393628290002,0.0320638036121685,0.0473882443953368,0.0780371259616733,
0.0933615667448416,0.101023787136426,0.10868600752801,0.124010448311178,
0.139334889094346,0.154659329877515,0.169983770660683,0.185308211443851,
0.20063265222702,0.231281533793356),(0.,1.),.UNSPECIFIED.);
#51=B_SPLINE_SURFACE_WITH_KNOTS('',3,1,((#3281,#3282),(#3283,#3284),(#3285,
#3286),(#3287,#3288),(#3289,#3290),(#3291,#3292),(#3293,#3294),(#3295,#3296),
(#3297,#3298),(#3299,#3300),(#3301,#3302),(#3303,#3304),(#3305,#3306),(#3307,
#3308),(#3309,#3310),(#3311,#3312),(#3313,#3314),(#3315,#3316),(#3317,#3318),
(#3319,#3320),(#3321,#3322),(#3323,#3324),(#3325,#3326),(#3327,#3328),(#3329,
#3330),(#3331,#3332),(#3333,#3334)),.SURF_OF_LINEAR_EXTRUSION.,.F.,.F.,
 .F.,(4,1,1,1,1,1,1,1,1,1,1,1,1,1,1,1,1,1,1,1,1,1,1,1,4),(2,2),(0.0269729827229443,
0.0519172280842606,0.0768614734455769,0.089333596126235,0.101805718806893,
0.126749964168209,0.151694209529526,0.164166332210184,0.176638454890842,
0.201582700252158,0.226526945613475,0.238999068294133,0.251471190974791,
0.276415436336107,0.301359681697423,0.313831804378082,0.32630392705874,
0.338776049739398,0.351248172420056,0.363720295100714,0.376192417781372,
0.388664540462031,0.401136663142689,0.413608785823347,0.426080908504005),
(0.,1.),.UNSPECIFIED.);
#52=B_SPLINE_SURFACE_WITH_KNOTS('',3,1,((#3438,#3439),(#3440,#3441),(#3442,
#3443),(#3444,#3445),(#3446,#3447),(#3448,#3449)),
 .SURF_OF_LINEAR_EXTRUSION.,.F.,.F.,.F.,(4,1,1,4),(2,2),(0.426080908504005,
0.438014313700932,0.443981016299396,0.44994771889786),(0.,1.),
 .UNSPECIFIED.);
#53=VERTEX_LOOP('',#784);
#54=VERTEX_LOOP('',#795);
#55=CONICAL_SURFACE('',#1217,0.0189338396977381,0.484642123070394);
#56=CONICAL_SURFACE('',#1218,0.,0.440319171196753);
#57=PLANE('',#1213);
#58=PLANE('',#1225);
#59=PLANE('',#1230);
#60=PLANE('',#1231);
#61=PLANE('',#1232);
#62=PLANE('',#1233);
#63=PLANE('',#1234);
#64=PLANE('',#1243);
#65=PLANE('',#1247);
#66=PLANE('',#1248);
#67=PLANE('',#1257);
#68=PLANE('',#1261);
#69=PLANE('',#1262);
#70=PLANE('',#1263);
#71=PLANE('',#1264);
#72=PLANE('',#1265);
#73=PLANE('',#1266);
#74=PLANE('',#1267);
#75=PLANE('',#1268);
#76=PLANE('',#1269);
#77=PLANE('',#1270);
#78=PLANE('',#1271);
#79=PLANE('',#1272);
#80=LINE('',#1489,#142);
#81=LINE('',#1493,#143);
#82=LINE('',#1508,#144);
#83=LINE('',#1510,#145);
#84=LINE('',#1515,#146);
#85=LINE('',#1673,#147);
#86=LINE('',#1680,#148);
#87=LINE('',#1688,#149);
#88=LINE('',#1689,#150);
#89=LINE('',#1703,#151);
#90=LINE('',#1705,#152);
#91=LINE('',#1712,#153);
#92=LINE('',#1762,#154);
#93=LINE('',#1763,#155);
#94=LINE('',#1852,#156);
#95=LINE('',#1880,#157);
#96=LINE('',#1888,#158);
#97=LINE('',#1918,#159);
#98=LINE('',#1921,#160);
#99=LINE('',#1923,#161);
#100=LINE('',#1925,#162);
#101=LINE('',#1930,#163);
#102=LINE('',#1943,#164);
#103=LINE('',#1949,#165);
#104=LINE('',#1952,#166);
#105=LINE('',#1953,#167);
#106=LINE('',#1955,#168);
#107=LINE('',#1957,#169);
#108=LINE('',#1959,#170);
#109=LINE('',#1961,#171);
#110=LINE('',#1962,#172);
#111=LINE('',#1978,#173);
#112=LINE('',#1993,#174);
#113=LINE('',#1994,#175);
#114=LINE('',#1997,#176);
#115=LINE('',#1999,#177);
#116=LINE('',#2001,#178);
#117=LINE('',#2057,#179);
#118=LINE('',#2607,#180);
#119=LINE('',#3135,#181);
#120=LINE('',#3138,#182);
#121=LINE('',#3140,#183);
#122=LINE('',#3142,#184);
#123=LINE('',#3144,#185);
#124=LINE('',#3145,#186);
#125=LINE('',#3147,#187);
#126=LINE('',#3149,#188);
#127=LINE('',#3189,#189);
#128=LINE('',#3233,#190);
#129=LINE('',#3276,#191);
#130=LINE('',#3278,#192);
#131=LINE('',#3280,#193);
#132=LINE('',#3386,#194);
#133=LINE('',#3458,#195);
#134=LINE('',#3468,#196);
#135=LINE('',#3471,#197);
#136=LINE('',#3472,#198);
#137=LINE('',#3474,#199);
#138=LINE('',#3476,#200);
#139=LINE('',#3478,#201);
#140=LINE('',#3480,#202);
#141=LINE('',#3482,#203);
#142=VECTOR('',#1279,1.);
#143=VECTOR('',#1282,1.);
#144=VECTOR('',#1287,1.);
#145=VECTOR('',#1290,1.);
#146=VECTOR('',#1293,1.);
#147=VECTOR('',#1300,1.);
#148=VECTOR('',#1303,1.);
#149=VECTOR('',#1304,1.);
#150=VECTOR('',#1305,1.);
#151=VECTOR('',#1306,1.);
#152=VECTOR('',#1307,1.);
#153=VECTOR('',#1308,1.);
#154=VECTOR('',#1309,1.);
#155=VECTOR('',#1310,1.);
#156=VECTOR('',#1311,1.);
#157=VECTOR('',#1316,1.);
#158=VECTOR('',#1317,1.);
#159=VECTOR('',#1326,1.);
#160=VECTOR('',#1327,1.);
#161=VECTOR('',#1328,1.);
#162=VECTOR('',#1329,1.);
#163=VECTOR('',#1334,1.);
#164=VECTOR('',#1335,1.);
#165=VECTOR('',#1342,1.);
#166=VECTOR('',#1343,1.);
#167=VECTOR('',#1344,1.);
#168=VECTOR('',#1347,1.);
#169=VECTOR('',#1348,1.);
#170=VECTOR('',#1349,1.);
#171=VECTOR('',#1352,1.);
#172=VECTOR('',#1353,1.);
#173=VECTOR('',#1356,1.);
#174=VECTOR('',#1357,1.);
#175=VECTOR('',#1358,1.);
#176=VECTOR('',#1359,1.);
#177=VECTOR('',#1360,1.);
#178=VECTOR('',#1361,1.);
#179=VECTOR('',#1364,1.);
#180=VECTOR('',#1393,1.);
#181=VECTOR('',#1422,1.);
#182=VECTOR('',#1423,1.);
#183=VECTOR('',#1424,1.);
#184=VECTOR('',#1425,1.);
#185=VECTOR('',#1428,1.);
#186=VECTOR('',#1429,1.);
#187=VECTOR('',#1432,1.);
#188=VECTOR('',#1435,1.);
#189=VECTOR('',#1438,1.);
#190=VECTOR('',#1439,1.);
#191=VECTOR('',#1442,1.);
#192=VECTOR('',#1443,1.);
#193=VECTOR('',#1444,1.);
#194=VECTOR('',#1445,1.);
#195=VECTOR('',#1446,1.);
#196=VECTOR('',#1449,1.);
#197=VECTOR('',#1450,1.);
#198=VECTOR('',#1451,1.);
#199=VECTOR('',#1454,1.);
#200=VECTOR('',#1455,1.);
#201=VECTOR('',#1456,1.);
#202=VECTOR('',#1459,1.);
#203=VECTOR('',#1462,1.);
#204=CIRCLE('',#1210,0.0125);
#205=CIRCLE('',#1211,0.0125);
#206=CIRCLE('',#1212,0.0125);
#207=CIRCLE('',#1215,0.0762);
#208=CIRCLE('',#1216,0.0762);
#209=CIRCLE('',#1221,0.003);
#210=CIRCLE('',#1222,0.003);
#211=CIRCLE('',#1223,0.007);
#212=CIRCLE('',#1224,0.007);
#213=CIRCLE('',#1226,0.007);
#214=CIRCLE('',#1227,0.003);
#215=CIRCLE('',#1228,0.003);
#216=CIRCLE('',#1229,0.007);
#217=CIRCLE('',#1236,0.003);
#218=CIRCLE('',#1237,0.007);
#219=CIRCLE('',#1238,0.00635);
#220=CIRCLE('',#1239,0.00635);
#221=CIRCLE('',#1241,0.00635);
#222=CIRCLE('',#1242,0.00635);
#223=CIRCLE('',#1244,0.0195);
#224=CIRCLE('',#1246,0.007);
#225=CIRCLE('',#1250,0.003);
#226=CIRCLE('',#1251,0.007);
#227=CIRCLE('',#1252,0.00635);
#228=CIRCLE('',#1253,0.00635);
#229=CIRCLE('',#1255,0.00635);
#230=CIRCLE('',#1256,0.00635);
#231=CIRCLE('',#1258,0.0195);
#232=CIRCLE('',#1260,0.007);
#233=ORIENTED_EDGE('',*,*,#587,.T.);
#234=ORIENTED_EDGE('',*,*,#588,.F.);
#235=ORIENTED_EDGE('',*,*,#589,.F.);
#236=ORIENTED_EDGE('',*,*,#590,.T.);
#237=ORIENTED_EDGE('',*,*,#591,.T.);
#238=ORIENTED_EDGE('',*,*,#592,.T.);
#239=ORIENTED_EDGE('',*,*,#593,.F.);
#240=ORIENTED_EDGE('',*,*,#594,.F.);
#241=ORIENTED_EDGE('',*,*,#595,.T.);
#242=ORIENTED_EDGE('',*,*,#596,.T.);
#243=ORIENTED_EDGE('',*,*,#592,.F.);
#244=ORIENTED_EDGE('',*,*,#597,.T.);
#245=ORIENTED_EDGE('',*,*,#598,.F.);
#246=ORIENTED_EDGE('',*,*,#599,.F.);
#247=ORIENTED_EDGE('',*,*,#600,.F.);
#248=ORIENTED_EDGE('',*,*,#601,.T.);
#249=ORIENTED_EDGE('',*,*,#602,.T.);
#250=ORIENTED_EDGE('',*,*,#603,.F.);
#251=ORIENTED_EDGE('',*,*,#604,.T.);
#252=ORIENTED_EDGE('',*,*,#605,.T.);
#253=ORIENTED_EDGE('',*,*,#606,.F.);
#254=ORIENTED_EDGE('',*,*,#607,.T.);
#255=ORIENTED_EDGE('',*,*,#608,.F.);
#256=ORIENTED_EDGE('',*,*,#609,.T.);
#257=ORIENTED_EDGE('',*,*,#610,.T.);
#258=ORIENTED_EDGE('',*,*,#611,.F.);
#259=ORIENTED_EDGE('',*,*,#612,.T.);
#260=ORIENTED_EDGE('',*,*,#613,.T.);
#261=ORIENTED_EDGE('',*,*,#614,.F.);
#262=ORIENTED_EDGE('',*,*,#615,.F.);
#263=ORIENTED_EDGE('',*,*,#616,.T.);
#264=ORIENTED_EDGE('',*,*,#617,.F.);
#265=ORIENTED_EDGE('',*,*,#605,.F.);
#266=ORIENTED_EDGE('',*,*,#618,.F.);
#267=ORIENTED_EDGE('',*,*,#619,.T.);
#268=ORIENTED_EDGE('',*,*,#620,.T.);
#269=ORIENTED_EDGE('',*,*,#621,.T.);
#270=ORIENTED_EDGE('',*,*,#622,.F.);
#271=ORIENTED_EDGE('',*,*,#623,.F.);
#272=ORIENTED_EDGE('',*,*,#602,.F.);
#273=ORIENTED_EDGE('',*,*,#624,.T.);
#274=ORIENTED_EDGE('',*,*,#625,.T.);
#275=ORIENTED_EDGE('',*,*,#626,.F.);
#276=ORIENTED_EDGE('',*,*,#627,.T.);
#277=ORIENTED_EDGE('',*,*,#628,.F.);
#278=ORIENTED_EDGE('',*,*,#629,.F.);
#279=ORIENTED_EDGE('',*,*,#630,.T.);
#280=ORIENTED_EDGE('',*,*,#600,.T.);
#281=ORIENTED_EDGE('',*,*,#631,.F.);
#282=ORIENTED_EDGE('',*,*,#632,.F.);
#283=ORIENTED_EDGE('',*,*,#633,.T.);
#284=ORIENTED_EDGE('',*,*,#634,.T.);
#285=ORIENTED_EDGE('',*,*,#619,.F.);
#286=ORIENTED_EDGE('',*,*,#635,.F.);
#287=ORIENTED_EDGE('',*,*,#636,.T.);
#288=ORIENTED_EDGE('',*,*,#637,.T.);
#289=ORIENTED_EDGE('',*,*,#636,.F.);
#290=ORIENTED_EDGE('',*,*,#638,.T.);
#291=ORIENTED_EDGE('',*,*,#639,.T.);
#292=ORIENTED_EDGE('',*,*,#640,.T.);
#293=ORIENTED_EDGE('',*,*,#641,.F.);
#294=ORIENTED_EDGE('',*,*,#642,.F.);
#295=ORIENTED_EDGE('',*,*,#640,.F.);
#296=ORIENTED_EDGE('',*,*,#643,.T.);
#297=ORIENTED_EDGE('',*,*,#587,.F.);
#298=ORIENTED_EDGE('',*,*,#644,.F.);
#299=ORIENTED_EDGE('',*,*,#645,.T.);
#300=ORIENTED_EDGE('',*,*,#646,.F.);
#301=ORIENTED_EDGE('',*,*,#647,.F.);
#302=ORIENTED_EDGE('',*,*,#648,.F.);
#303=ORIENTED_EDGE('',*,*,#597,.F.);
#304=ORIENTED_EDGE('',*,*,#591,.F.);
#305=ORIENTED_EDGE('',*,*,#649,.F.);
#306=ORIENTED_EDGE('',*,*,#650,.T.);
#307=ORIENTED_EDGE('',*,*,#651,.F.);
#308=ORIENTED_EDGE('',*,*,#652,.F.);
#309=ORIENTED_EDGE('',*,*,#598,.T.);
#310=ORIENTED_EDGE('',*,*,#653,.T.);
#311=ORIENTED_EDGE('',*,*,#654,.T.);
#312=ORIENTED_EDGE('',*,*,#655,.F.);
#313=ORIENTED_EDGE('',*,*,#656,.T.);
#314=ORIENTED_EDGE('',*,*,#593,.T.);
#315=ORIENTED_EDGE('',*,*,#657,.F.);
#316=ORIENTED_EDGE('',*,*,#658,.F.);
#317=ORIENTED_EDGE('',*,*,#648,.T.);
#318=ORIENTED_EDGE('',*,*,#659,.T.);
#319=ORIENTED_EDGE('',*,*,#646,.T.);
#320=ORIENTED_EDGE('',*,*,#660,.T.);
#321=ORIENTED_EDGE('',*,*,#661,.F.);
#322=ORIENTED_EDGE('',*,*,#662,.F.);
#323=ORIENTED_EDGE('',*,*,#661,.T.);
#324=ORIENTED_EDGE('',*,*,#663,.F.);
#325=ORIENTED_EDGE('',*,*,#657,.T.);
#326=ORIENTED_EDGE('',*,*,#664,.T.);
#327=ORIENTED_EDGE('',*,*,#665,.F.);
#328=ORIENTED_EDGE('',*,*,#621,.F.);
#329=ORIENTED_EDGE('',*,*,#666,.T.);
#330=ORIENTED_EDGE('',*,*,#667,.F.);
#331=ORIENTED_EDGE('',*,*,#668,.T.);
#332=ORIENTED_EDGE('',*,*,#629,.T.);
#333=ORIENTED_EDGE('',*,*,#669,.F.);
#334=ORIENTED_EDGE('',*,*,#670,.T.);
#335=ORIENTED_EDGE('',*,*,#671,.T.);
#336=ORIENTED_EDGE('',*,*,#672,.T.);
#337=ORIENTED_EDGE('',*,*,#673,.F.);
#338=ORIENTED_EDGE('',*,*,#674,.F.);
#339=ORIENTED_EDGE('',*,*,#675,.T.);
#340=ORIENTED_EDGE('',*,*,#667,.T.);
#341=ORIENTED_EDGE('',*,*,#676,.T.);
#342=ORIENTED_EDGE('',*,*,#677,.T.);
#343=ORIENTED_EDGE('',*,*,#678,.T.);
#344=ORIENTED_EDGE('',*,*,#679,.T.);
#345=ORIENTED_EDGE('',*,*,#680,.T.);
#346=ORIENTED_EDGE('',*,*,#681,.F.);
#347=ORIENTED_EDGE('',*,*,#654,.F.);
#348=ORIENTED_EDGE('',*,*,#682,.T.);
#349=ORIENTED_EDGE('',*,*,#683,.T.);
#350=ORIENTED_EDGE('',*,*,#684,.T.);
#351=ORIENTED_EDGE('',*,*,#685,.T.);
#352=ORIENTED_EDGE('',*,*,#686,.F.);
#353=ORIENTED_EDGE('',*,*,#655,.T.);
#354=ORIENTED_EDGE('',*,*,#681,.T.);
#355=ORIENTED_EDGE('',*,*,#687,.T.);
#356=ORIENTED_EDGE('',*,*,#656,.F.);
#357=ORIENTED_EDGE('',*,*,#686,.T.);
#358=ORIENTED_EDGE('',*,*,#688,.T.);
#359=ORIENTED_EDGE('',*,*,#594,.T.);
#360=ORIENTED_EDGE('',*,*,#653,.F.);
#361=ORIENTED_EDGE('',*,*,#601,.F.);
#362=ORIENTED_EDGE('',*,*,#689,.F.);
#363=ORIENTED_EDGE('',*,*,#690,.T.);
#364=ORIENTED_EDGE('',*,*,#614,.T.);
#365=ORIENTED_EDGE('',*,*,#626,.T.);
#366=ORIENTED_EDGE('',*,*,#633,.F.);
#367=ORIENTED_EDGE('',*,*,#608,.T.);
#368=ORIENTED_EDGE('',*,*,#691,.T.);
#369=ORIENTED_EDGE('',*,*,#685,.F.);
#370=ORIENTED_EDGE('',*,*,#692,.T.);
#371=ORIENTED_EDGE('',*,*,#615,.T.);
#372=ORIENTED_EDGE('',*,*,#690,.F.);
#373=ORIENTED_EDGE('',*,*,#693,.F.);
#374=ORIENTED_EDGE('',*,*,#691,.F.);
#375=ORIENTED_EDGE('',*,*,#617,.T.);
#376=ORIENTED_EDGE('',*,*,#694,.T.);
#377=ORIENTED_EDGE('',*,*,#683,.F.);
#378=ORIENTED_EDGE('',*,*,#695,.T.);
#379=ORIENTED_EDGE('',*,*,#607,.F.);
#380=ORIENTED_EDGE('',*,*,#696,.T.);
#381=ORIENTED_EDGE('',*,*,#624,.F.);
#382=ORIENTED_EDGE('',*,*,#679,.F.);
#383=ORIENTED_EDGE('',*,*,#697,.T.);
#384=ORIENTED_EDGE('',*,*,#677,.F.);
#385=ORIENTED_EDGE('',*,*,#698,.T.);
#386=ORIENTED_EDGE('',*,*,#696,.F.);
#387=ORIENTED_EDGE('',*,*,#606,.T.);
#388=ORIENTED_EDGE('',*,*,#620,.F.);
#389=ORIENTED_EDGE('',*,*,#699,.F.);
#390=ORIENTED_EDGE('',*,*,#641,.T.);
#391=ORIENTED_EDGE('',*,*,#700,.T.);
#392=ORIENTED_EDGE('',*,*,#701,.T.);
#393=ORIENTED_EDGE('',*,*,#682,.F.);
#394=ORIENTED_EDGE('',*,*,#689,.T.);
#395=ORIENTED_EDGE('',*,*,#634,.F.);
#396=ORIENTED_EDGE('',*,*,#695,.F.);
#397=ORIENTED_EDGE('',*,*,#668,.F.);
#398=ORIENTED_EDGE('',*,*,#675,.F.);
#399=ORIENTED_EDGE('',*,*,#693,.T.);
#400=ORIENTED_EDGE('',*,*,#630,.F.);
#401=ORIENTED_EDGE('',*,*,#666,.F.);
#402=ORIENTED_EDGE('',*,*,#625,.F.);
#403=ORIENTED_EDGE('',*,*,#698,.F.);
#404=ORIENTED_EDGE('',*,*,#676,.F.);
#405=ORIENTED_EDGE('',*,*,#637,.F.);
#406=ORIENTED_EDGE('',*,*,#702,.T.);
#407=ORIENTED_EDGE('',*,*,#680,.F.);
#408=ORIENTED_EDGE('',*,*,#699,.T.);
#409=ORIENTED_EDGE('',*,*,#701,.F.);
#410=ORIENTED_EDGE('',*,*,#703,.T.);
#411=ORIENTED_EDGE('',*,*,#687,.F.);
#412=ORIENTED_EDGE('',*,*,#702,.F.);
#413=ORIENTED_EDGE('',*,*,#642,.T.);
#414=ORIENTED_EDGE('',*,*,#644,.T.);
#415=ORIENTED_EDGE('',*,*,#596,.F.);
#416=ORIENTED_EDGE('',*,*,#704,.F.);
#417=ORIENTED_EDGE('',*,*,#700,.F.);
#418=ORIENTED_EDGE('',*,*,#704,.T.);
#419=ORIENTED_EDGE('',*,*,#595,.F.);
#420=ORIENTED_EDGE('',*,*,#688,.F.);
#421=ORIENTED_EDGE('',*,*,#703,.F.);
#422=ORIENTED_EDGE('',*,*,#697,.F.);
#423=ORIENTED_EDGE('',*,*,#678,.F.);
#424=ORIENTED_EDGE('',*,*,#694,.F.);
#425=ORIENTED_EDGE('',*,*,#616,.F.);
#426=ORIENTED_EDGE('',*,*,#692,.F.);
#427=ORIENTED_EDGE('',*,*,#684,.F.);
#428=ORIENTED_EDGE('',*,*,#664,.F.);
#429=ORIENTED_EDGE('',*,*,#659,.F.);
#430=ORIENTED_EDGE('',*,*,#647,.T.);
#431=ORIENTED_EDGE('',*,*,#662,.T.);
#432=ORIENTED_EDGE('',*,*,#705,.F.);
#433=ORIENTED_EDGE('',*,*,#706,.F.);
#434=ORIENTED_EDGE('',*,*,#707,.F.);
#435=ORIENTED_EDGE('',*,*,#708,.F.);
#436=ORIENTED_EDGE('',*,*,#709,.F.);
#437=ORIENTED_EDGE('',*,*,#651,.T.);
#438=ORIENTED_EDGE('',*,*,#710,.T.);
#439=ORIENTED_EDGE('',*,*,#711,.F.);
#440=ORIENTED_EDGE('',*,*,#712,.F.);
#441=ORIENTED_EDGE('',*,*,#713,.F.);
#442=ORIENTED_EDGE('',*,*,#714,.F.);
#443=ORIENTED_EDGE('',*,*,#715,.F.);
#444=ORIENTED_EDGE('',*,*,#670,.F.);
#445=ORIENTED_EDGE('',*,*,#716,.T.);
#446=ORIENTED_EDGE('',*,*,#717,.F.);
#447=ORIENTED_EDGE('',*,*,#710,.F.);
#448=ORIENTED_EDGE('',*,*,#650,.F.);
#449=ORIENTED_EDGE('',*,*,#649,.T.);
#450=ORIENTED_EDGE('',*,*,#590,.F.);
#451=ORIENTED_EDGE('',*,*,#718,.F.);
#452=ORIENTED_EDGE('',*,*,#716,.F.);
#453=ORIENTED_EDGE('',*,*,#652,.T.);
#454=ORIENTED_EDGE('',*,*,#719,.T.);
#455=ORIENTED_EDGE('',*,*,#599,.T.);
#456=ORIENTED_EDGE('',*,*,#720,.F.);
#457=ORIENTED_EDGE('',*,*,#627,.F.);
#458=ORIENTED_EDGE('',*,*,#613,.F.);
#459=ORIENTED_EDGE('',*,*,#632,.T.);
#460=ORIENTED_EDGE('',*,*,#721,.F.);
#461=ORIENTED_EDGE('',*,*,#609,.F.);
#462=ORIENTED_EDGE('',*,*,#706,.T.);
#463=ORIENTED_EDGE('',*,*,#722,.T.);
#464=ORIENTED_EDGE('',*,*,#720,.T.);
#465=ORIENTED_EDGE('',*,*,#612,.F.);
#466=ORIENTED_EDGE('',*,*,#723,.F.);
#467=ORIENTED_EDGE('',*,*,#721,.T.);
#468=ORIENTED_EDGE('',*,*,#724,.F.);
#469=ORIENTED_EDGE('',*,*,#708,.T.);
#470=ORIENTED_EDGE('',*,*,#725,.F.);
#471=ORIENTED_EDGE('',*,*,#610,.F.);
#472=ORIENTED_EDGE('',*,*,#603,.T.);
#473=ORIENTED_EDGE('',*,*,#623,.T.);
#474=ORIENTED_EDGE('',*,*,#726,.F.);
#475=ORIENTED_EDGE('',*,*,#712,.T.);
#476=ORIENTED_EDGE('',*,*,#727,.T.);
#477=ORIENTED_EDGE('',*,*,#618,.T.);
#478=ORIENTED_EDGE('',*,*,#604,.F.);
#479=ORIENTED_EDGE('',*,*,#726,.T.);
#480=ORIENTED_EDGE('',*,*,#728,.F.);
#481=ORIENTED_EDGE('',*,*,#714,.T.);
#482=ORIENTED_EDGE('',*,*,#729,.F.);
#483=ORIENTED_EDGE('',*,*,#639,.F.);
#484=ORIENTED_EDGE('',*,*,#730,.F.);
#485=ORIENTED_EDGE('',*,*,#731,.F.);
#486=ORIENTED_EDGE('',*,*,#709,.T.);
#487=ORIENTED_EDGE('',*,*,#724,.T.);
#488=ORIENTED_EDGE('',*,*,#631,.T.);
#489=ORIENTED_EDGE('',*,*,#719,.F.);
#490=ORIENTED_EDGE('',*,*,#669,.T.);
#491=ORIENTED_EDGE('',*,*,#628,.T.);
#492=ORIENTED_EDGE('',*,*,#722,.F.);
#493=ORIENTED_EDGE('',*,*,#705,.T.);
#494=ORIENTED_EDGE('',*,*,#665,.T.);
#495=ORIENTED_EDGE('',*,*,#715,.T.);
#496=ORIENTED_EDGE('',*,*,#728,.T.);
#497=ORIENTED_EDGE('',*,*,#622,.T.);
#498=ORIENTED_EDGE('',*,*,#635,.T.);
#499=ORIENTED_EDGE('',*,*,#727,.F.);
#500=ORIENTED_EDGE('',*,*,#711,.T.);
#501=ORIENTED_EDGE('',*,*,#732,.F.);
#502=ORIENTED_EDGE('',*,*,#730,.T.);
#503=ORIENTED_EDGE('',*,*,#638,.F.);
#504=ORIENTED_EDGE('',*,*,#732,.T.);
#505=ORIENTED_EDGE('',*,*,#717,.T.);
#506=ORIENTED_EDGE('',*,*,#733,.F.);
#507=ORIENTED_EDGE('',*,*,#643,.F.);
#508=ORIENTED_EDGE('',*,*,#731,.T.);
#509=ORIENTED_EDGE('',*,*,#734,.T.);
#510=ORIENTED_EDGE('',*,*,#588,.T.);
#511=ORIENTED_EDGE('',*,*,#734,.F.);
#512=ORIENTED_EDGE('',*,*,#733,.T.);
#513=ORIENTED_EDGE('',*,*,#718,.T.);
#514=ORIENTED_EDGE('',*,*,#589,.T.);
#515=ORIENTED_EDGE('',*,*,#729,.T.);
#516=ORIENTED_EDGE('',*,*,#713,.T.);
#517=ORIENTED_EDGE('',*,*,#725,.T.);
#518=ORIENTED_EDGE('',*,*,#707,.T.);
#519=ORIENTED_EDGE('',*,*,#723,.T.);
#520=ORIENTED_EDGE('',*,*,#611,.T.);
#521=ORIENTED_EDGE('',*,*,#663,.T.);
#522=ORIENTED_EDGE('',*,*,#660,.F.);
#523=ORIENTED_EDGE('',*,*,#645,.F.);
#524=ORIENTED_EDGE('',*,*,#658,.T.);
#525=ORIENTED_EDGE('',*,*,#735,.F.);
#526=ORIENTED_EDGE('',*,*,#736,.T.);
#527=ORIENTED_EDGE('',*,*,#737,.T.);
#528=ORIENTED_EDGE('',*,*,#738,.F.);
#529=ORIENTED_EDGE('',*,*,#739,.T.);
#530=ORIENTED_EDGE('',*,*,#737,.F.);
#531=ORIENTED_EDGE('',*,*,#740,.F.);
#532=ORIENTED_EDGE('',*,*,#674,.T.);
#533=ORIENTED_EDGE('',*,*,#673,.T.);
#534=ORIENTED_EDGE('',*,*,#741,.F.);
#535=ORIENTED_EDGE('',*,*,#738,.T.);
#536=ORIENTED_EDGE('',*,*,#739,.F.);
#537=ORIENTED_EDGE('',*,*,#741,.T.);
#538=ORIENTED_EDGE('',*,*,#672,.F.);
#539=ORIENTED_EDGE('',*,*,#742,.F.);
#540=ORIENTED_EDGE('',*,*,#735,.T.);
#541=ORIENTED_EDGE('',*,*,#671,.F.);
#542=ORIENTED_EDGE('',*,*,#740,.T.);
#543=ORIENTED_EDGE('',*,*,#736,.F.);
#544=ORIENTED_EDGE('',*,*,#742,.T.);
#545=ORIENTED_EDGE('',*,*,#743,.F.);
#546=ORIENTED_EDGE('',*,*,#744,.T.);
#547=ORIENTED_EDGE('',*,*,#745,.T.);
#548=ORIENTED_EDGE('',*,*,#746,.F.);
#549=ORIENTED_EDGE('',*,*,#745,.F.);
#550=ORIENTED_EDGE('',*,*,#747,.T.);
#551=ORIENTED_EDGE('',*,*,#748,.F.);
#552=ORIENTED_EDGE('',*,*,#749,.F.);
#553=ORIENTED_EDGE('',*,*,#748,.T.);
#554=ORIENTED_EDGE('',*,*,#750,.T.);
#555=ORIENTED_EDGE('',*,*,#751,.T.);
#556=ORIENTED_EDGE('',*,*,#752,.F.);
#557=ORIENTED_EDGE('',*,*,#751,.F.);
#558=ORIENTED_EDGE('',*,*,#753,.T.);
#559=ORIENTED_EDGE('',*,*,#754,.T.);
#560=ORIENTED_EDGE('',*,*,#755,.F.);
#561=ORIENTED_EDGE('',*,*,#756,.F.);
#562=ORIENTED_EDGE('',*,*,#757,.T.);
#563=ORIENTED_EDGE('',*,*,#746,.T.);
#564=ORIENTED_EDGE('',*,*,#749,.T.);
#565=ORIENTED_EDGE('',*,*,#752,.T.);
#566=ORIENTED_EDGE('',*,*,#755,.T.);
#567=ORIENTED_EDGE('',*,*,#758,.F.);
#568=ORIENTED_EDGE('',*,*,#759,.F.);
#569=ORIENTED_EDGE('',*,*,#760,.T.);
#570=ORIENTED_EDGE('',*,*,#761,.T.);
#571=ORIENTED_EDGE('',*,*,#753,.F.);
#572=ORIENTED_EDGE('',*,*,#750,.F.);
#573=ORIENTED_EDGE('',*,*,#747,.F.);
#574=ORIENTED_EDGE('',*,*,#744,.F.);
#575=ORIENTED_EDGE('',*,*,#762,.F.);
#576=ORIENTED_EDGE('',*,*,#759,.T.);
#577=ORIENTED_EDGE('',*,*,#743,.T.);
#578=ORIENTED_EDGE('',*,*,#757,.F.);
#579=ORIENTED_EDGE('',*,*,#761,.F.);
#580=ORIENTED_EDGE('',*,*,#763,.T.);
#581=ORIENTED_EDGE('',*,*,#758,.T.);
#582=ORIENTED_EDGE('',*,*,#754,.F.);
#583=ORIENTED_EDGE('',*,*,#762,.T.);
#584=ORIENTED_EDGE('',*,*,#756,.T.);
#585=ORIENTED_EDGE('',*,*,#763,.F.);
#586=ORIENTED_EDGE('',*,*,#760,.F.);
#587=EDGE_CURVE('',#764,#765,#876,.T.);
#588=EDGE_CURVE('',#766,#765,#204,.T.);
#589=EDGE_CURVE('',#767,#766,#877,.T.);
#590=EDGE_CURVE('',#767,#768,#878,.T.);
#591=EDGE_CURVE('',#768,#769,#80,.F.);
#592=EDGE_CURVE('',#769,#770,#205,.T.);
#593=EDGE_CURVE('',#771,#770,#81,.F.);
#594=EDGE_CURVE('',#772,#771,#879,.T.);
#595=EDGE_CURVE('',#772,#773,#880,.T.);
#596=EDGE_CURVE('',#773,#764,#206,.T.);
#597=EDGE_CURVE('',#769,#770,#82,.T.);
#598=EDGE_CURVE('',#774,#775,#83,.T.);
#599=EDGE_CURVE('',#776,#774,#207,.T.);
#600=EDGE_CURVE('',#777,#776,#84,.F.);
#601=EDGE_CURVE('',#777,#775,#208,.T.);
#602=EDGE_CURVE('',#778,#779,#881,.T.);
#603=EDGE_CURVE('',#780,#779,#882,.T.);
#604=EDGE_CURVE('',#780,#781,#883,.T.);
#605=EDGE_CURVE('',#781,#782,#884,.T.);
#606=EDGE_CURVE('',#783,#782,#885,.T.);
#607=EDGE_CURVE('',#783,#778,#886,.T.);
#608=EDGE_CURVE('',#785,#786,#887,.T.);
#609=EDGE_CURVE('',#785,#787,#888,.T.);
#610=EDGE_CURVE('',#787,#788,#889,.T.);
#611=EDGE_CURVE('',#789,#788,#890,.T.);
#612=EDGE_CURVE('',#789,#790,#891,.T.);
#613=EDGE_CURVE('',#790,#791,#892,.T.);
#614=EDGE_CURVE('',#792,#791,#893,.T.);
#615=EDGE_CURVE('',#793,#792,#894,.T.);
#616=EDGE_CURVE('',#793,#794,#895,.T.);
#617=EDGE_CURVE('',#786,#794,#896,.T.);
#618=EDGE_CURVE('',#796,#781,#897,.T.);
#619=EDGE_CURVE('',#796,#797,#85,.T.);
#620=EDGE_CURVE('',#797,#782,#898,.T.);
#621=EDGE_CURVE('',#798,#799,#86,.T.);
#622=EDGE_CURVE('',#800,#799,#899,.T.);
#623=EDGE_CURVE('',#779,#800,#87,.T.);
#624=EDGE_CURVE('',#778,#801,#88,.T.);
#625=EDGE_CURVE('',#801,#798,#900,.T.);
#626=EDGE_CURVE('',#791,#802,#89,.T.);
#627=EDGE_CURVE('',#791,#803,#90,.T.);
#628=EDGE_CURVE('',#804,#803,#901,.T.);
#629=EDGE_CURVE('',#805,#804,#91,.F.);
#630=EDGE_CURVE('',#805,#802,#902,.T.);
#631=EDGE_CURVE('',#806,#776,#903,.T.);
#632=EDGE_CURVE('',#785,#806,#92,.T.);
#633=EDGE_CURVE('',#785,#807,#93,.T.);
#634=EDGE_CURVE('',#807,#777,#904,.T.);
#635=EDGE_CURVE('',#808,#796,#905,.T.);
#636=EDGE_CURVE('',#808,#809,#94,.T.);
#637=EDGE_CURVE('',#809,#797,#906,.T.);
#638=EDGE_CURVE('',#808,#810,#209,.T.);
#639=EDGE_CURVE('',#810,#811,#95,.T.);
#640=EDGE_CURVE('',#811,#812,#907,.T.);
#641=EDGE_CURVE('',#813,#812,#96,.T.);
#642=EDGE_CURVE('',#809,#813,#210,.T.);
#643=EDGE_CURVE('',#811,#765,#211,.T.);
#644=EDGE_CURVE('',#812,#764,#212,.T.);
#645=EDGE_CURVE('',#814,#815,#97,.T.);
#646=EDGE_CURVE('',#816,#815,#98,.T.);
#647=EDGE_CURVE('',#817,#816,#99,.T.);
#648=EDGE_CURVE('',#814,#817,#100,.T.);
#649=EDGE_CURVE('',#818,#768,#213,.F.);
#650=EDGE_CURVE('',#818,#819,#214,.F.);
#651=EDGE_CURVE('',#820,#819,#101,.T.);
#652=EDGE_CURVE('',#774,#820,#908,.T.);
#653=EDGE_CURVE('',#775,#821,#909,.T.);
#654=EDGE_CURVE('',#821,#822,#102,.T.);
#655=EDGE_CURVE('',#823,#822,#215,.F.);
#656=EDGE_CURVE('',#823,#771,#216,.F.);
#657=EDGE_CURVE('',#824,#825,#103,.T.);
#658=EDGE_CURVE('',#814,#824,#104,.T.);
#659=EDGE_CURVE('',#817,#825,#105,.T.);
#660=EDGE_CURVE('',#815,#826,#106,.T.);
#661=EDGE_CURVE('',#827,#826,#107,.T.);
#662=EDGE_CURVE('',#816,#827,#108,.T.);
#663=EDGE_CURVE('',#824,#826,#109,.T.);
#664=EDGE_CURVE('',#825,#827,#110,.T.);
#665=EDGE_CURVE('',#799,#828,#910,.T.);
#666=EDGE_CURVE('',#798,#829,#911,.T.);
#667=EDGE_CURVE('',#830,#829,#111,.T.);
#668=EDGE_CURVE('',#830,#805,#912,.T.);
#669=EDGE_CURVE('',#831,#804,#913,.T.);
#670=EDGE_CURVE('',#831,#828,#112,.T.);
#671=EDGE_CURVE('',#832,#833,#113,.T.);
#672=EDGE_CURVE('',#833,#834,#114,.T.);
#673=EDGE_CURVE('',#835,#834,#115,.T.);
#674=EDGE_CURVE('',#832,#835,#116,.T.);
#675=EDGE_CURVE('',#836,#830,#914,.T.);
#676=EDGE_CURVE('',#829,#837,#915,.T.);
#677=EDGE_CURVE('',#837,#838,#916,.T.);
#678=EDGE_CURVE('',#838,#839,#917,.T.);
#679=EDGE_CURVE('',#839,#840,#918,.T.);
#680=EDGE_CURVE('',#840,#841,#919,.T.);
#681=EDGE_CURVE('',#822,#841,#117,.F.);
#682=EDGE_CURVE('',#821,#842,#920,.T.);
#683=EDGE_CURVE('',#842,#843,#921,.T.);
#684=EDGE_CURVE('',#843,#844,#922,.T.);
#685=EDGE_CURVE('',#844,#836,#923,.T.);
#686=EDGE_CURVE('',#823,#845,#924,.T.);
#687=EDGE_CURVE('',#841,#845,#217,.T.);
#688=EDGE_CURVE('',#845,#772,#218,.T.);
#689=EDGE_CURVE('',#821,#777,#925,.F.);
#690=EDGE_CURVE('',#802,#792,#926,.T.);
#691=EDGE_CURVE('',#786,#807,#927,.T.);
#692=EDGE_CURVE('',#844,#793,#928,.F.);
#693=EDGE_CURVE('',#836,#802,#219,.T.);
#694=EDGE_CURVE('',#794,#843,#929,.T.);
#695=EDGE_CURVE('',#842,#807,#220,.T.);
#696=EDGE_CURVE('',#783,#801,#930,.T.);
#697=EDGE_CURVE('',#839,#838,#931,.T.);
#698=EDGE_CURVE('',#837,#801,#221,.T.);
#699=EDGE_CURVE('',#840,#797,#222,.T.);
#700=EDGE_CURVE('',#812,#846,#223,.F.);
#701=EDGE_CURVE('',#846,#813,#932,.T.);
#702=EDGE_CURVE('',#809,#841,#933,.T.);
#703=EDGE_CURVE('',#846,#845,#934,.T.);
#704=EDGE_CURVE('',#846,#773,#224,.T.);
#705=EDGE_CURVE('',#847,#831,#935,.T.);
#706=EDGE_CURVE('',#848,#847,#936,.T.);
#707=EDGE_CURVE('',#849,#848,#937,.T.);
#708=EDGE_CURVE('',#850,#849,#938,.T.);
#709=EDGE_CURVE('',#820,#850,#939,.T.);
#710=EDGE_CURVE('',#819,#851,#118,.F.);
#711=EDGE_CURVE('',#852,#851,#940,.T.);
#712=EDGE_CURVE('',#853,#852,#941,.T.);
#713=EDGE_CURVE('',#854,#853,#942,.T.);
#714=EDGE_CURVE('',#855,#854,#943,.T.);
#715=EDGE_CURVE('',#828,#855,#944,.T.);
#716=EDGE_CURVE('',#818,#856,#945,.T.);
#717=EDGE_CURVE('',#851,#856,#225,.T.);
#718=EDGE_CURVE('',#856,#767,#226,.T.);
#719=EDGE_CURVE('',#820,#776,#946,.F.);
#720=EDGE_CURVE('',#803,#790,#947,.T.);
#721=EDGE_CURVE('',#787,#806,#948,.T.);
#722=EDGE_CURVE('',#847,#803,#227,.T.);
#723=EDGE_CURVE('',#848,#789,#949,.F.);
#724=EDGE_CURVE('',#850,#806,#228,.T.);
#725=EDGE_CURVE('',#788,#849,#950,.T.);
#726=EDGE_CURVE('',#780,#800,#951,.T.);
#727=EDGE_CURVE('',#852,#796,#229,.T.);
#728=EDGE_CURVE('',#855,#800,#230,.T.);
#729=EDGE_CURVE('',#853,#854,#952,.T.);
#730=EDGE_CURVE('',#857,#810,#953,.T.);
#731=EDGE_CURVE('',#811,#857,#231,.F.);
#732=EDGE_CURVE('',#808,#851,#954,.T.);
#733=EDGE_CURVE('',#857,#856,#955,.T.);
#734=EDGE_CURVE('',#857,#766,#232,.T.);
#735=EDGE_CURVE('',#858,#859,#119,.T.);
#736=EDGE_CURVE('',#858,#860,#120,.T.);
#737=EDGE_CURVE('',#860,#861,#121,.T.);
#738=EDGE_CURVE('',#859,#861,#122,.T.);
#739=EDGE_CURVE('',#835,#861,#123,.T.);
#740=EDGE_CURVE('',#832,#860,#124,.T.);
#741=EDGE_CURVE('',#859,#834,#125,.T.);
#742=EDGE_CURVE('',#858,#833,#126,.T.);
#743=EDGE_CURVE('',#862,#863,#127,.T.);
#744=EDGE_CURVE('',#862,#864,#956,.T.);
#745=EDGE_CURVE('',#864,#865,#128,.T.);
#746=EDGE_CURVE('',#863,#865,#957,.T.);
#747=EDGE_CURVE('',#864,#866,#129,.T.);
#748=EDGE_CURVE('',#867,#866,#130,.F.);
#749=EDGE_CURVE('',#865,#867,#131,.T.);
#750=EDGE_CURVE('',#866,#868,#958,.T.);
#751=EDGE_CURVE('',#868,#869,#132,.T.);
#752=EDGE_CURVE('',#867,#869,#959,.T.);
#753=EDGE_CURVE('',#868,#870,#960,.T.);
#754=EDGE_CURVE('',#870,#871,#133,.T.);
#755=EDGE_CURVE('',#869,#871,#961,.T.);
#756=EDGE_CURVE('',#872,#873,#134,.T.);
#757=EDGE_CURVE('',#872,#863,#135,.T.);
#758=EDGE_CURVE('',#873,#871,#136,.T.);
#759=EDGE_CURVE('',#874,#862,#137,.T.);
#760=EDGE_CURVE('',#874,#875,#138,.T.);
#761=EDGE_CURVE('',#875,#870,#139,.T.);
#762=EDGE_CURVE('',#874,#872,#140,.T.);
#763=EDGE_CURVE('',#875,#873,#141,.T.);
#764=VERTEX_POINT('',#1474);
#765=VERTEX_POINT('',#1475);
#766=VERTEX_POINT('',#1477);
#767=VERTEX_POINT('',#1483);
#768=VERTEX_POINT('',#1488);
#769=VERTEX_POINT('',#1490);
#770=VERTEX_POINT('',#1492);
#771=VERTEX_POINT('',#1494);
#772=VERTEX_POINT('',#1499);
#773=VERTEX_POINT('',#1505);
#774=VERTEX_POINT('',#1511);
#775=VERTEX_POINT('',#1512);
#776=VERTEX_POINT('',#1514);
#777=VERTEX_POINT('',#1516);
#778=VERTEX_POINT('',#1525);
#779=VERTEX_POINT('',#1526);
#780=VERTEX_POINT('',#1532);
#781=VERTEX_POINT('',#1544);
#782=VERTEX_POINT('',#1555);
#783=VERTEX_POINT('',#1567);
#784=VERTEX_POINT('',#1573);
#785=VERTEX_POINT('',#1582);
#786=VERTEX_POINT('',#1583);
#787=VERTEX_POINT('',#1591);
#788=VERTEX_POINT('',#1602);
#789=VERTEX_POINT('',#1607);
#790=VERTEX_POINT('',#1617);
#791=VERTEX_POINT('',#1624);
#792=VERTEX_POINT('',#1631);
#793=VERTEX_POINT('',#1641);
#794=VERTEX_POINT('',#1646);
#795=VERTEX_POINT('',#1657);
#796=VERTEX_POINT('',#1672);
#797=VERTEX_POINT('',#1674);
#798=VERTEX_POINT('',#1681);
#799=VERTEX_POINT('',#1682);
#800=VERTEX_POINT('',#1687);
#801=VERTEX_POINT('',#1690);
#802=VERTEX_POINT('',#1704);
#803=VERTEX_POINT('',#1706);
#804=VERTEX_POINT('',#1711);
#805=VERTEX_POINT('',#1713);
#806=VERTEX_POINT('',#1761);
#807=VERTEX_POINT('',#1764);
#808=VERTEX_POINT('',#1851);
#809=VERTEX_POINT('',#1853);
#810=VERTEX_POINT('',#1879);
#811=VERTEX_POINT('',#1881);
#812=VERTEX_POINT('',#1887);
#813=VERTEX_POINT('',#1889);
#814=VERTEX_POINT('',#1919);
#815=VERTEX_POINT('',#1920);
#816=VERTEX_POINT('',#1922);
#817=VERTEX_POINT('',#1924);
#818=VERTEX_POINT('',#1927);
#819=VERTEX_POINT('',#1929);
#820=VERTEX_POINT('',#1931);
#821=VERTEX_POINT('',#1942);
#822=VERTEX_POINT('',#1944);
#823=VERTEX_POINT('',#1946);
#824=VERTEX_POINT('',#1950);
#825=VERTEX_POINT('',#1951);
#826=VERTEX_POINT('',#1956);
#827=VERTEX_POINT('',#1958);
#828=VERTEX_POINT('',#1970);
#829=VERTEX_POINT('',#1977);
#830=VERTEX_POINT('',#1979);
#831=VERTEX_POINT('',#1992);
#832=VERTEX_POINT('',#1995);
#833=VERTEX_POINT('',#1996);
#834=VERTEX_POINT('',#1998);
#835=VERTEX_POINT('',#2000);
#836=VERTEX_POINT('',#2007);
#837=VERTEX_POINT('',#2012);
#838=VERTEX_POINT('',#2017);
#839=VERTEX_POINT('',#2025);
#840=VERTEX_POINT('',#2030);
#841=VERTEX_POINT('',#2056);
#842=VERTEX_POINT('',#2075);
#843=VERTEX_POINT('',#2080);
#844=VERTEX_POINT('',#2085);
#845=VERTEX_POINT('',#2096);
#846=VERTEX_POINT('',#2279);
#847=VERTEX_POINT('',#2573);
#848=VERTEX_POINT('',#2579);
#849=VERTEX_POINT('',#2584);
#850=VERTEX_POINT('',#2589);
#851=VERTEX_POINT('',#2608);
#852=VERTEX_POINT('',#2634);
#853=VERTEX_POINT('',#2639);
#854=VERTEX_POINT('',#2647);
#855=VERTEX_POINT('',#2652);
#856=VERTEX_POINT('',#2662);
#857=VERTEX_POINT('',#2851);
#858=VERTEX_POINT('',#3136);
#859=VERTEX_POINT('',#3137);
#860=VERTEX_POINT('',#3139);
#861=VERTEX_POINT('',#3141);
#862=VERTEX_POINT('',#3190);
#863=VERTEX_POINT('',#3191);
#864=VERTEX_POINT('',#3232);
#865=VERTEX_POINT('',#3234);
#866=VERTEX_POINT('',#3277);
#867=VERTEX_POINT('',#3279);
#868=VERTEX_POINT('',#3385);
#869=VERTEX_POINT('',#3387);
#870=VERTEX_POINT('',#3457);
#871=VERTEX_POINT('',#3459);
#872=VERTEX_POINT('',#3469);
#873=VERTEX_POINT('',#3470);
#874=VERTEX_POINT('',#3475);
#875=VERTEX_POINT('',#3477);
#876=B_SPLINE_CURVE_WITH_KNOTS('',3,(#1467,#1468,#1469,#1470,#1471,#1472,
#1473),.UNSPECIFIED.,.F.,.F.,(4,1,1,1,4),(0.,0.00296932188736834,0.00593864377473667,
0.00890796566210501,0.0118772875494733),.UNSPECIFIED.);
#877=B_SPLINE_CURVE_WITH_KNOTS('',3,(#1478,#1479,#1480,#1481,#1482),
 .UNSPECIFIED.,.F.,.F.,(4,1,4),(0.,0.00288826497211793,0.00577652994423586),
 .UNSPECIFIED.);
#878=B_SPLINE_CURVE_WITH_KNOTS('',3,(#1484,#1485,#1486,#1487),
 .UNSPECIFIED.,.F.,.F.,(4,4),(1.09754488834475E-14,0.00396286202564709),
 .UNSPECIFIED.);
#879=B_SPLINE_CURVE_WITH_KNOTS('',3,(#1495,#1496,#1497,#1498),
 .UNSPECIFIED.,.F.,.F.,(4,4),(1.09754488834475E-14,0.00396286202564708),
 .UNSPECIFIED.);
#880=B_SPLINE_CURVE_WITH_KNOTS('',3,(#1500,#1501,#1502,#1503,#1504),
 .UNSPECIFIED.,.F.,.F.,(4,1,4),(0.,0.00288826497211792,0.00577652994423585),
 .UNSPECIFIED.);
#881=B_SPLINE_CURVE_WITH_KNOTS('',3,(#1519,#1520,#1521,#1522,#1523,#1524),
 .UNSPECIFIED.,.F.,.F.,(4,1,1,4),(0.,0.00307899025733846,0.00615798051467692,
0.0123159610293538),.UNSPECIFIED.);
#882=B_SPLINE_CURVE_WITH_KNOTS('',3,(#1527,#1528,#1529,#1530,#1531),
 .UNSPECIFIED.,.F.,.F.,(4,1,4),(1.56125112837913E-17,0.00341244202657728,
0.00682488405315455),.UNSPECIFIED.);
#883=B_SPLINE_CURVE_WITH_KNOTS('',3,(#1533,#1534,#1535,#1536,#1537,#1538,
#1539,#1540,#1541,#1542,#1543),.UNSPECIFIED.,.F.,.F.,(4,1,1,1,1,1,1,1,4),
(7.75791922889773E-18,0.00525961100615166,0.00788941650922749,0.0105192220123033,
0.0118341247638412,0.0131490275153791,0.015778833018455,0.0184086385215308,
0.0210384440246066),.UNSPECIFIED.);
#884=B_SPLINE_CURVE_WITH_KNOTS('',3,(#1545,#1546,#1547,#1548,#1549,#1550,
#1551,#1552,#1553,#1554),.UNSPECIFIED.,.F.,.F.,(4,1,1,1,1,1,1,4),(-0.0129949034443984,
-0.00974613635801792,-0.00649736927163743,-0.00324860218525694,1.64901123554662E-7,
0.00324893198750404,0.00649769907388453,0.0129952332466455),
 .UNSPECIFIED.);
#885=B_SPLINE_CURVE_WITH_KNOTS('',3,(#1556,#1557,#1558,#1559,#1560,#1561,
#1562,#1563,#1564,#1565,#1566),.UNSPECIFIED.,.F.,.F.,(4,1,1,1,1,1,1,1,4),
(7.75791922889773E-18,0.00525961100615166,0.00788941650922748,0.0105192220123033,
0.0118341247638412,0.0131490275153791,0.015778833018455,0.0184086385215308,
0.0210384440246066),.UNSPECIFIED.);
#886=B_SPLINE_CURVE_WITH_KNOTS('',3,(#1568,#1569,#1570,#1571,#1572),
 .UNSPECIFIED.,.F.,.F.,(4,1,4),(8.67361737988404E-18,0.00341243888435942,
0.00682487776871882),.UNSPECIFIED.);
#887=B_SPLINE_CURVE_WITH_KNOTS('',3,(#1575,#1576,#1577,#1578,#1579,#1580,
#1581),.UNSPECIFIED.,.F.,.F.,(4,1,1,1,4),(1.05004518624757E-16,0.00318664882097858,
0.00637329764195705,0.00955994646293552,0.012746595283914),
 .UNSPECIFIED.);
#888=B_SPLINE_CURVE_WITH_KNOTS('',3,(#1584,#1585,#1586,#1587,#1588,#1589,
#1590),.UNSPECIFIED.,.F.,.F.,(4,1,1,1,4),(1.05004518624757E-16,0.00318664882097858,
0.00637329764195705,0.00955994646293552,0.012746595283914),
 .UNSPECIFIED.);
#889=B_SPLINE_CURVE_WITH_KNOTS('',3,(#1592,#1593,#1594,#1595,#1596,#1597,
#1598,#1599,#1600,#1601),.UNSPECIFIED.,.F.,.F.,(4,1,1,1,1,1,1,4),(0.,0.00275759952073991,
0.00551519904147983,0.00689399880184978,0.00827279856221974,0.0096515983225897,
0.0103409982027747,0.0110303980829597),.UNSPECIFIED.);
#890=B_SPLINE_CURVE_WITH_KNOTS('',3,(#1603,#1604,#1605,#1606),
 .UNSPECIFIED.,.F.,.F.,(4,4),(1.56548582051476E-16,0.00484702312040543),
 .UNSPECIFIED.);
#891=B_SPLINE_CURVE_WITH_KNOTS('',3,(#1608,#1609,#1610,#1611,#1612,#1613,
#1614,#1615,#1616),.UNSPECIFIED.,.F.,.F.,(4,1,1,1,1,1,4),(0.00494146169157404,
0.00620482629765556,0.00746819090373708,0.0087315555098186,0.00999492011590011,
0.0125216493280631,0.0150483785402262),.UNSPECIFIED.);
#892=B_SPLINE_CURVE_WITH_KNOTS('',3,(#1618,#1619,#1620,#1621,#1622,#1623),
 .UNSPECIFIED.,.F.,.F.,(4,1,1,4),(0.,0.00315789608824106,0.00631579217648211,
0.0126315843529642),.UNSPECIFIED.);
#893=B_SPLINE_CURVE_WITH_KNOTS('',3,(#1625,#1626,#1627,#1628,#1629,#1630),
 .UNSPECIFIED.,.F.,.F.,(4,1,1,4),(0.,0.00315789608824106,0.00631579217648212,
0.0126315843529642),.UNSPECIFIED.);
#894=B_SPLINE_CURVE_WITH_KNOTS('',3,(#1632,#1633,#1634,#1635,#1636,#1637,
#1638,#1639,#1640),.UNSPECIFIED.,.F.,.F.,(4,1,1,1,1,1,4),(0.00494146169157403,
0.00620482629765555,0.00746819090373706,0.00873155550981857,0.00999492011590008,
0.0125216493280631,0.0150483785402261),.UNSPECIFIED.);
#895=B_SPLINE_CURVE_WITH_KNOTS('',3,(#1642,#1643,#1644,#1645),
 .UNSPECIFIED.,.F.,.F.,(4,4),(1.56279234408352E-16,0.00484702312040543),
 .UNSPECIFIED.);
#896=B_SPLINE_CURVE_WITH_KNOTS('',3,(#1647,#1648,#1649,#1650,#1651,#1652,
#1653,#1654,#1655,#1656),.UNSPECIFIED.,.F.,.F.,(4,1,1,1,1,1,1,4),(0.,0.00275759952073991,
0.00551519904147983,0.00689399880184979,0.00827279856221974,0.0096515983225897,
0.0103409982027747,0.0110303980829597),.UNSPECIFIED.);
#897=B_SPLINE_CURVE_WITH_KNOTS('',3,(#1668,#1669,#1670,#1671),
 .UNSPECIFIED.,.F.,.F.,(4,4),(0.,0.00977379696209121),.UNSPECIFIED.);
#898=B_SPLINE_CURVE_WITH_KNOTS('',3,(#1675,#1676,#1677,#1678),
 .UNSPECIFIED.,.F.,.F.,(4,4),(0.,0.00977379696209121),.UNSPECIFIED.);
#899=B_SPLINE_CURVE_WITH_KNOTS('',3,(#1683,#1684,#1685,#1686),
 .UNSPECIFIED.,.F.,.F.,(4,4),(0.,0.00580415451684717),.UNSPECIFIED.);
#900=B_SPLINE_CURVE_WITH_KNOTS('',3,(#1691,#1692,#1693,#1694),
 .UNSPECIFIED.,.F.,.F.,(4,4),(0.,0.00580415451684717),.UNSPECIFIED.);
#901=B_SPLINE_CURVE_WITH_KNOTS('',3,(#1707,#1708,#1709,#1710),
 .UNSPECIFIED.,.F.,.F.,(4,4),(0.0168987284864623,0.0240203959320963),
 .UNSPECIFIED.);
#902=B_SPLINE_CURVE_WITH_KNOTS('',3,(#1714,#1715,#1716,#1717),
 .UNSPECIFIED.,.F.,.F.,(4,4),(0.0168987284864623,0.0240203959320963),
 .UNSPECIFIED.);
#903=B_SPLINE_CURVE_WITH_KNOTS('',3,(#1746,#1747,#1748,#1749,#1750,#1751,
#1752,#1753,#1754,#1755,#1756,#1757,#1758,#1759,#1760),.UNSPECIFIED.,.F.,
 .F.,(4,1,1,1,1,1,1,1,1,1,1,1,4),(6.53325511460268E-16,0.00525466963709913,
0.0105093392741976,0.0157640089112961,0.0210186785483946,0.0262733481854931,
0.0315280178225915,0.03678268745969,0.0420373570967885,0.0525466963709855,
0.0630560356451824,0.0735653749193794,0.0840747141935764),.UNSPECIFIED.);
#904=B_SPLINE_CURVE_WITH_KNOTS('',3,(#1765,#1766,#1767,#1768,#1769,#1770,
#1771,#1772,#1773,#1774,#1775,#1776,#1777,#1778,#1779),.UNSPECIFIED.,.F.,
 .F.,(4,1,1,1,1,1,1,1,1,1,1,1,4),(6.53325511460268E-16,0.00525466963709913,
0.0105093392741976,0.0157640089112961,0.0210186785483946,0.0262733481854931,
0.0315280178225915,0.03678268745969,0.0420373570967885,0.0525466963709855,
0.0630560356451824,0.0735653749193794,0.0840747141935764),.UNSPECIFIED.);
#905=B_SPLINE_CURVE_WITH_KNOTS('',3,(#1828,#1829,#1830,#1831,#1832,#1833,
#1834,#1835,#1836,#1837,#1838,#1839,#1840,#1841,#1842,#1843,#1844,#1845,
#1846,#1847,#1848,#1849,#1850),.UNSPECIFIED.,.F.,.F.,(4,1,1,1,1,1,1,1,1,
1,1,1,1,1,1,1,1,1,1,1,4),(0.000455796270753936,0.018774161944751,0.0279333447817495,
0.0370925276187481,0.0416721190372473,0.0462517104557466,0.0554108932927451,
0.0645700761297437,0.0737292589667422,0.0828884418037407,0.0920476246407393,
0.101206807477738,0.105786398896237,0.110365990314736,0.114945581733236,
0.119525173151735,0.128684355988733,0.133263947407233,0.137843538825732,
0.142423130244231,0.14700272166273),.UNSPECIFIED.);
#906=B_SPLINE_CURVE_WITH_KNOTS('',3,(#1854,#1855,#1856,#1857,#1858,#1859,
#1860,#1861,#1862,#1863,#1864,#1865,#1866,#1867,#1868,#1869,#1870,#1871,
#1872,#1873,#1874,#1875,#1876),.UNSPECIFIED.,.F.,.F.,(4,1,1,1,1,1,1,1,1,
1,1,1,1,1,1,1,1,1,1,1,4),(0.000455796270753936,0.018774161944751,0.0279333447817495,
0.0370925276187481,0.0416721190372473,0.0462517104557466,0.0554108932927451,
0.0645700761297437,0.0737292589667422,0.0828884418037407,0.0920476246407393,
0.101206807477738,0.105786398896237,0.110365990314736,0.114945581733236,
0.119525173151735,0.128684355988733,0.133263947407233,0.137843538825732,
0.142423130244231,0.14700272166273),.UNSPECIFIED.);
#907=B_SPLINE_CURVE_WITH_KNOTS('',3,(#1882,#1883,#1884,#1885,#1886),
 .UNSPECIFIED.,.F.,.F.,(4,1,4),(4.85722573273506E-17,0.0089835057130862,
0.0179670114261723),.UNSPECIFIED.);
#908=B_SPLINE_CURVE_WITH_KNOTS('',3,(#1932,#1933,#1934,#1935,#1936),
 .UNSPECIFIED.,.F.,.F.,(4,1,4),(0.,0.00519945443897685,0.0103989088779537),
 .UNSPECIFIED.);
#909=B_SPLINE_CURVE_WITH_KNOTS('',3,(#1937,#1938,#1939,#1940,#1941),
 .UNSPECIFIED.,.F.,.F.,(4,1,4),(0.,0.00519945443897685,0.0103989088779537),
 .UNSPECIFIED.);
#910=B_SPLINE_CURVE_WITH_KNOTS('',3,(#1964,#1965,#1966,#1967,#1968,#1969),
 .UNSPECIFIED.,.F.,.F.,(4,1,1,4),(3.81639164714898E-17,0.00248105922379622,
0.0049621184475924,0.00992423689518476),.UNSPECIFIED.);
#911=B_SPLINE_CURVE_WITH_KNOTS('',3,(#1971,#1972,#1973,#1974,#1975,#1976),
 .UNSPECIFIED.,.F.,.F.,(4,1,1,4),(2.77555756156289E-17,0.00248105922379621,
0.0049621184475924,0.00992423689518477),.UNSPECIFIED.);
#912=B_SPLINE_CURVE_WITH_KNOTS('',3,(#1980,#1981,#1982,#1983,#1984,#1985),
 .UNSPECIFIED.,.F.,.F.,(4,1,1,4),(5.91562405850166E-16,0.00248026155404685,
0.00496052310809311,0.00992104621618563),.UNSPECIFIED.);
#913=B_SPLINE_CURVE_WITH_KNOTS('',3,(#1986,#1987,#1988,#1989,#1990,#1991),
 .UNSPECIFIED.,.F.,.F.,(4,1,1,4),(5.92087323058927E-16,0.00248026155404685,
0.00496052310809311,0.00992104621618563),.UNSPECIFIED.);
#914=B_SPLINE_CURVE_WITH_KNOTS('',3,(#2003,#2004,#2005,#2006),
 .UNSPECIFIED.,.F.,.F.,(4,4),(0.,0.00748313816969669),.UNSPECIFIED.);
#915=B_SPLINE_CURVE_WITH_KNOTS('',3,(#2008,#2009,#2010,#2011),
 .UNSPECIFIED.,.F.,.F.,(4,4),(0.0207102914228523,0.026243594860043),
 .UNSPECIFIED.);
#916=B_SPLINE_CURVE_WITH_KNOTS('',3,(#2013,#2014,#2015,#2016),
 .UNSPECIFIED.,.F.,.F.,(4,4),(0.,0.00528317238837856),.UNSPECIFIED.);
#917=B_SPLINE_CURVE_WITH_KNOTS('',3,(#2018,#2019,#2020,#2021,#2022,#2023,
#2024),.UNSPECIFIED.,.F.,.F.,(4,1,1,1,4),(-0.00742847553123346,-0.00323234430647613,
0.000963786918281211,0.00515991814303855,0.00935604936779589),
 .UNSPECIFIED.);
#918=B_SPLINE_CURVE_WITH_KNOTS('',3,(#2026,#2027,#2028,#2029),
 .UNSPECIFIED.,.F.,.F.,(4,4),(0.0219733406065482,0.0323407383318503),
 .UNSPECIFIED.);
#919=B_SPLINE_CURVE_WITH_KNOTS('',3,(#2031,#2032,#2033,#2034,#2035,#2036,
#2037,#2038,#2039,#2040,#2041,#2042,#2043,#2044,#2045,#2046,#2047,#2048,
#2049,#2050,#2051,#2052,#2053,#2054,#2055),.UNSPECIFIED.,.F.,.F.,(4,1,1,
1,1,1,1,1,1,1,1,1,1,1,1,1,1,1,1,1,1,1,4),(0.,0.00460632857938695,0.0092126571587739,
0.0138189857381608,0.0184253143175478,0.0230316428969347,0.0276379714763217,
0.0322443000557086,0.0368506286350956,0.0414569572144825,0.0460632857938695,
0.0506696143732564,0.0552759429526434,0.0644886001114173,0.0737012572701912,
0.0829139144289651,0.092126571587739,0.0967329001671259,0.101339228746513,
0.110551885905287,0.119764543064061,0.128977200222835,0.147402514540382),
 .UNSPECIFIED.);
#920=B_SPLINE_CURVE_WITH_KNOTS('',3,(#2058,#2059,#2060,#2061,#2062,#2063,
#2064,#2065,#2066,#2067,#2068,#2069,#2070,#2071,#2072,#2073,#2074),
 .UNSPECIFIED.,.F.,.F.,(4,1,1,1,1,1,1,1,1,1,1,1,1,1,4),(0.,0.0130015316473534,
0.0260030632947068,0.0325038291183836,0.0390045949420603,0.045505360765737,
0.0520061265894137,0.0585068924130904,0.0650076582367671,0.0715084240604438,
0.0780091898841205,0.0845099557077973,0.091010721531474,0.0975114873551507,
0.104012253178827),.UNSPECIFIED.);
#921=B_SPLINE_CURVE_WITH_KNOTS('',3,(#2076,#2077,#2078,#2079),
 .UNSPECIFIED.,.F.,.F.,(4,4),(0.,0.0161267865676244),.UNSPECIFIED.);
#922=B_SPLINE_CURVE_WITH_KNOTS('',3,(#2081,#2082,#2083,#2084),
 .UNSPECIFIED.,.F.,.F.,(4,4),(4.85722573273506E-17,0.00152685726168257),
 .UNSPECIFIED.);
#923=B_SPLINE_CURVE_WITH_KNOTS('',3,(#2086,#2087,#2088,#2089,#2090),
 .UNSPECIFIED.,.F.,.F.,(4,1,4),(0.0176511544447705,0.0250685540132638,0.0324859535817571),
 .UNSPECIFIED.);
#924=B_SPLINE_CURVE_WITH_KNOTS('',3,(#2092,#2093,#2094,#2095),
 .UNSPECIFIED.,.F.,.F.,(4,4),(0.00607335468599647,0.0121468566869785),
 .UNSPECIFIED.);
#925=B_SPLINE_CURVE_WITH_KNOTS('',3,(#2171,#2172,#2173,#2174,#2175,#2176,
#2177,#2178,#2179,#2180,#2181),.UNSPECIFIED.,.F.,.F.,(4,1,1,1,1,1,1,1,4),
(0.,0.00104100965253701,0.00208201930507401,0.00416403861014803,0.00624605791522204,
0.00832807722029605,0.0104100965253701,0.0124921158304441,0.0166561544405921),
 .UNSPECIFIED.);
#926=B_SPLINE_CURVE_WITH_KNOTS('',3,(#2190,#2191,#2192,#2193),
 .UNSPECIFIED.,.F.,.F.,(4,4),(0.,0.00478955300193548),.UNSPECIFIED.);
#927=B_SPLINE_CURVE_WITH_KNOTS('',3,(#2202,#2203,#2204,#2205),
 .UNSPECIFIED.,.F.,.F.,(4,4),(0.0254765992725419,0.0304473339410008),
 .UNSPECIFIED.);
#928=B_SPLINE_CURVE_WITH_KNOTS('',3,(#2221,#2222,#2223,#2224,#2225),
 .UNSPECIFIED.,.F.,.F.,(4,1,4),(8.23372140320151E-17,0.00187430205686182,
0.00374860411372356),.UNSPECIFIED.);
#929=B_SPLINE_CURVE_WITH_KNOTS('',3,(#2239,#2240,#2241,#2242,#2243),
 .UNSPECIFIED.,.F.,.F.,(4,1,4),(2.60208521396521E-18,0.00174438690268527,
0.00348877380537053),.UNSPECIFIED.);
#930=B_SPLINE_CURVE_WITH_KNOTS('',3,(#2246,#2247,#2248,#2249),
 .UNSPECIFIED.,.F.,.F.,(4,4),(0.0285248594779204,0.0326639450995503),
 .UNSPECIFIED.);
#931=B_SPLINE_CURVE_WITH_KNOTS('',3,(#2268,#2269,#2270,#2271,#2272,#2273,
#2274),.UNSPECIFIED.,.F.,.F.,(4,1,1,1,4),(2.01653638930856E-21,0.00424923615118181,
0.00849847230236361,0.0127477084535454,0.0169969446047272),
 .UNSPECIFIED.);
#932=B_SPLINE_CURVE_WITH_KNOTS('',3,(#2280,#2281,#2282,#2283,#2284,#2285,
#2286),.UNSPECIFIED.,.F.,.F.,(4,1,1,1,4),(0.013790789434863,0.0149399471769539,
0.0160891049190449,0.0172382626611358,0.0183874204032267),.UNSPECIFIED.);
#933=B_SPLINE_CURVE_WITH_KNOTS('',3,(#2464,#2465,#2466,#2467,#2468,#2469,
#2470,#2471,#2472),.UNSPECIFIED.,.F.,.F.,(4,1,1,1,1,1,4),(1.99493199737333E-17,
0.00192189455903691,0.0038437891180738,0.00576568367711068,0.00768757823614757,
0.0115313673542213,0.0153751564722951),.UNSPECIFIED.);
#934=B_SPLINE_CURVE_WITH_KNOTS('',3,(#2506,#2507,#2508,#2509,#2510),
 .UNSPECIFIED.,.F.,.F.,(4,1,4),(4.97528975334957E-15,0.00396540501419728,
0.00793081002838959),.UNSPECIFIED.);
#935=B_SPLINE_CURVE_WITH_KNOTS('',3,(#2569,#2570,#2571,#2572),
 .UNSPECIFIED.,.F.,.F.,(4,4),(0.,0.00748313816969669),.UNSPECIFIED.);
#936=B_SPLINE_CURVE_WITH_KNOTS('',3,(#2574,#2575,#2576,#2577,#2578),
 .UNSPECIFIED.,.F.,.F.,(4,1,4),(0.0176511544447705,0.0250685540132638,0.0324859535817571),
 .UNSPECIFIED.);
#937=B_SPLINE_CURVE_WITH_KNOTS('',3,(#2580,#2581,#2582,#2583),
 .UNSPECIFIED.,.F.,.F.,(4,4),(4.85722573273506E-17,0.00152685726168257),
 .UNSPECIFIED.);
#938=B_SPLINE_CURVE_WITH_KNOTS('',3,(#2585,#2586,#2587,#2588),
 .UNSPECIFIED.,.F.,.F.,(4,4),(0.,0.0161267865676244),.UNSPECIFIED.);
#939=B_SPLINE_CURVE_WITH_KNOTS('',3,(#2590,#2591,#2592,#2593,#2594,#2595,
#2596,#2597,#2598,#2599,#2600,#2601,#2602,#2603,#2604,#2605,#2606),
 .UNSPECIFIED.,.F.,.F.,(4,1,1,1,1,1,1,1,1,1,1,1,1,1,4),(0.,0.0130015316473534,
0.0260030632947068,0.0325038291183836,0.0390045949420603,0.045505360765737,
0.0520061265894137,0.0585068924130904,0.0650076582367671,0.0715084240604438,
0.0780091898841205,0.0845099557077973,0.091010721531474,0.0975114873551507,
0.104012253178827),.UNSPECIFIED.);
#940=B_SPLINE_CURVE_WITH_KNOTS('',3,(#2609,#2610,#2611,#2612,#2613,#2614,
#2615,#2616,#2617,#2618,#2619,#2620,#2621,#2622,#2623,#2624,#2625,#2626,
#2627,#2628,#2629,#2630,#2631,#2632,#2633),.UNSPECIFIED.,.F.,.F.,(4,1,1,
1,1,1,1,1,1,1,1,1,1,1,1,1,1,1,1,1,1,1,4),(0.,0.00460632857938695,0.0092126571587739,
0.0138189857381608,0.0184253143175478,0.0230316428969347,0.0276379714763217,
0.0322443000557086,0.0368506286350956,0.0414569572144825,0.0460632857938695,
0.0506696143732564,0.0552759429526434,0.0644886001114173,0.0737012572701912,
0.0829139144289651,0.092126571587739,0.0967329001671259,0.101339228746513,
0.110551885905287,0.119764543064061,0.128977200222835,0.147402514540382),
 .UNSPECIFIED.);
#941=B_SPLINE_CURVE_WITH_KNOTS('',3,(#2635,#2636,#2637,#2638),
 .UNSPECIFIED.,.F.,.F.,(4,4),(0.0219733406065482,0.0323407383318503),
 .UNSPECIFIED.);
#942=B_SPLINE_CURVE_WITH_KNOTS('',3,(#2640,#2641,#2642,#2643,#2644,#2645,
#2646),.UNSPECIFIED.,.F.,.F.,(4,1,1,1,4),(-0.00742847553123346,-0.00323234430647613,
0.000963786918281211,0.00515991814303855,0.00935604936779588),
 .UNSPECIFIED.);
#943=B_SPLINE_CURVE_WITH_KNOTS('',3,(#2648,#2649,#2650,#2651),
 .UNSPECIFIED.,.F.,.F.,(4,4),(0.,0.00528317238837856),.UNSPECIFIED.);
#944=B_SPLINE_CURVE_WITH_KNOTS('',3,(#2653,#2654,#2655,#2656),
 .UNSPECIFIED.,.F.,.F.,(4,4),(0.0207102914228523,0.026243594860043),
 .UNSPECIFIED.);
#945=B_SPLINE_CURVE_WITH_KNOTS('',3,(#2658,#2659,#2660,#2661),
 .UNSPECIFIED.,.F.,.F.,(4,4),(0.00607335468599647,0.0121468566869785),
 .UNSPECIFIED.);
#946=B_SPLINE_CURVE_WITH_KNOTS('',3,(#2737,#2738,#2739,#2740,#2741,#2742,
#2743,#2744,#2745,#2746,#2747),.UNSPECIFIED.,.F.,.F.,(4,1,1,1,1,1,1,1,4),
(0.,0.00104100965253701,0.00208201930507401,0.00416403861014803,0.00624605791522204,
0.00832807722029605,0.0104100965253701,0.0124921158304441,0.0166561544405921),
 .UNSPECIFIED.);
#947=B_SPLINE_CURVE_WITH_KNOTS('',3,(#2756,#2757,#2758,#2759),
 .UNSPECIFIED.,.F.,.F.,(4,4),(0.,0.00478955300193548),.UNSPECIFIED.);
#948=B_SPLINE_CURVE_WITH_KNOTS('',3,(#2768,#2769,#2770,#2771),
 .UNSPECIFIED.,.F.,.F.,(4,4),(0.0254765992725419,0.0304473339410008),
 .UNSPECIFIED.);
#949=B_SPLINE_CURVE_WITH_KNOTS('',3,(#2788,#2789,#2790,#2791,#2792),
 .UNSPECIFIED.,.F.,.F.,(4,1,4),(7.66425882286152E-17,0.00187430205686181,
0.00374860411372355),.UNSPECIFIED.);
#950=B_SPLINE_CURVE_WITH_KNOTS('',3,(#2806,#2807,#2808,#2809,#2810),
 .UNSPECIFIED.,.F.,.F.,(4,1,4),(0.,0.00174438690268526,0.00348877380537052),
 .UNSPECIFIED.);
#951=B_SPLINE_CURVE_WITH_KNOTS('',3,(#2812,#2813,#2814,#2815),
 .UNSPECIFIED.,.F.,.F.,(4,4),(0.0285248594779204,0.0326639450995503),
 .UNSPECIFIED.);
#952=B_SPLINE_CURVE_WITH_KNOTS('',3,(#2836,#2837,#2838,#2839,#2840,#2841,
#2842),.UNSPECIFIED.,.F.,.F.,(4,1,1,1,4),(0.,0.00424923615118181,0.00849847230236361,
0.0127477084535454,0.0169969446047272),.UNSPECIFIED.);
#953=B_SPLINE_CURVE_WITH_KNOTS('',3,(#2844,#2845,#2846,#2847,#2848,#2849,
#2850),.UNSPECIFIED.,.F.,.F.,(4,1,1,1,4),(0.013790789434863,0.0149399471769539,
0.0160891049190449,0.0172382626611358,0.0183874204032267),.UNSPECIFIED.);
#954=B_SPLINE_CURVE_WITH_KNOTS('',3,(#3030,#3031,#3032,#3033,#3034,#3035,
#3036,#3037,#3038),.UNSPECIFIED.,.F.,.F.,(4,1,1,1,1,1,4),(2.08166817117217E-17,
0.00192189455903691,0.0038437891180738,0.00576568367711069,0.00768757823614758,
0.0115313673542214,0.0153751564722951),.UNSPECIFIED.);
#955=B_SPLINE_CURVE_WITH_KNOTS('',3,(#3072,#3073,#3074,#3075,#3076),
 .UNSPECIFIED.,.F.,.F.,(4,1,4),(4.98946520722851E-15,0.00396540501419729,
0.00793081002838959),.UNSPECIFIED.);
#956=B_SPLINE_CURVE_WITH_KNOTS('',3,(#3192,#3193,#3194,#3195,#3196,#3197,
#3198,#3199,#3200,#3201,#3202,#3203,#3204,#3205,#3206,#3207,#3208,#3209,
#3210,#3211,#3212,#3213,#3214,#3215,#3216,#3217,#3218,#3219,#3220,#3221,
#3222,#3223,#3224,#3225,#3226,#3227,#3228,#3229,#3230,#3231),
 .UNSPECIFIED.,.F.,.F.,(4,3,1,1,1,1,1,1,1,1,1,1,1,1,1,1,1,1,1,1,1,1,1,1,
1,1,1,1,1,1,1,1,1,1,1,4),(-0.0139095187373363,0.,0.00868434093074103,0.017368681861482,
0.0217108523268526,0.0260530227922231,0.0303951932575936,0.0347373637229642,
0.0434217046537052,0.0521060455844462,0.0694747274459283,0.0781590683766693,
0.0825012388420398,0.0868434093074103,0.0911855797727808,0.0955277502381514,
0.0998699207035219,0.104212091168892,0.112896432099633,0.121580773030374,
0.130265113961115,0.138949454891856,0.147633795822597,0.156318136753338,
0.165002477684079,0.16934464814945,0.17368681861482,0.182371159545561,0.191055500476302,
0.208424182337785,0.225792864199267,0.234477205130008,0.243161546060749,
0.25184588699149,0.260530227922231,0.277898909783713),.UNSPECIFIED.);
#957=B_SPLINE_CURVE_WITH_KNOTS('',3,(#3235,#3236,#3237,#3238,#3239,#3240,
#3241,#3242,#3243,#3244,#3245,#3246,#3247,#3248,#3249,#3250,#3251,#3252,
#3253,#3254,#3255,#3256,#3257,#3258,#3259,#3260,#3261,#3262,#3263,#3264,
#3265,#3266,#3267,#3268,#3269,#3270,#3271,#3272,#3273,#3274),
 .UNSPECIFIED.,.F.,.F.,(4,3,1,1,1,1,1,1,1,1,1,1,1,1,1,1,1,1,1,1,1,1,1,1,
1,1,1,1,1,1,1,1,1,1,1,4),(-0.0139095187373363,0.,0.00868434093074103,0.017368681861482,
0.0217108523268526,0.0260530227922231,0.0303951932575936,0.0347373637229642,
0.0434217046537052,0.0521060455844462,0.0694747274459283,0.0781590683766693,
0.0825012388420398,0.0868434093074103,0.0911855797727808,0.0955277502381514,
0.0998699207035219,0.104212091168892,0.112896432099633,0.121580773030374,
0.130265113961115,0.138949454891856,0.147633795822597,0.156318136753338,
0.165002477684079,0.16934464814945,0.17368681861482,0.182371159545561,0.191055500476302,
0.208424182337785,0.225792864199267,0.234477205130008,0.243161546060749,
0.25184588699149,0.260530227922231,0.277898909783713),.UNSPECIFIED.);
#958=B_SPLINE_CURVE_WITH_KNOTS('',3,(#3335,#3336,#3337,#3338,#3339,#3340,
#3341,#3342,#3343,#3344,#3345,#3346,#3347,#3348,#3349,#3350,#3351,#3352,
#3353,#3354,#3355,#3356,#3357,#3358,#3359,#3360,#3361,#3362,#3363,#3364,
#3365,#3366,#3367,#3368,#3369,#3370,#3371,#3372,#3373,#3374,#3375,#3376,
#3377,#3378,#3379,#3380,#3381,#3382,#3383,#3384),.UNSPECIFIED.,.F.,.F.,
(4,1,1,1,1,1,1,1,1,1,1,1,1,1,1,1,1,1,1,1,1,1,1,1,1,1,1,1,1,1,1,1,1,1,1,
1,1,1,1,1,1,1,1,1,1,1,1,4),(0.00123371737230408,0.0275324024392498,0.0408173526414083,
0.0541023028435668,0.0673872530457253,0.0806722032478838,0.0939571534500423,
0.100599628551122,0.107242103652201,0.11388457875328,0.120527053854359,
0.133812004056518,0.147096954258676,0.160381904460835,0.167024379561914,
0.173666854662994,0.180309329764072,0.186951804865152,0.20023675506731,
0.213521705269469,0.226806655471627,0.233449130572706,0.240091605673786,
0.246734080774865,0.253376555875944,0.260019030977024,0.266661506078103,
0.279946456280261,0.29323140648242,0.299873881583499,0.306516356684578,
0.309837594235118,0.313158831785658,0.316480069336197,0.319801306886737,
0.326443781987816,0.333086257088895,0.346371207291054,0.359656157493213,
0.372941107695371,0.376262345245911,0.37958358279645,0.382904820346989,
0.38622605789753,0.392868532998608,0.399511008099688,0.412795958301847,
0.426080908504005),.UNSPECIFIED.);
#959=B_SPLINE_CURVE_WITH_KNOTS('',3,(#3388,#3389,#3390,#3391,#3392,#3393,
#3394,#3395,#3396,#3397,#3398,#3399,#3400,#3401,#3402,#3403,#3404,#3405,
#3406,#3407,#3408,#3409,#3410,#3411,#3412,#3413,#3414,#3415,#3416,#3417,
#3418,#3419,#3420,#3421,#3422,#3423,#3424,#3425,#3426,#3427,#3428,#3429,
#3430,#3431,#3432,#3433,#3434,#3435,#3436,#3437),.UNSPECIFIED.,.F.,.F.,
(4,1,1,1,1,1,1,1,1,1,1,1,1,1,1,1,1,1,1,1,1,1,1,1,1,1,1,1,1,1,1,1,1,1,1,
1,1,1,1,1,1,1,1,1,1,1,1,4),(0.00123371737230408,0.0275324024392498,0.0408173526414083,
0.0541023028435668,0.0673872530457253,0.0806722032478838,0.0939571534500423,
0.100599628551122,0.107242103652201,0.11388457875328,0.120527053854359,
0.133812004056518,0.147096954258676,0.160381904460835,0.167024379561914,
0.173666854662994,0.180309329764072,0.186951804865152,0.20023675506731,
0.213521705269469,0.226806655471627,0.233449130572706,0.240091605673786,
0.246734080774865,0.253376555875944,0.260019030977024,0.266661506078103,
0.279946456280261,0.29323140648242,0.299873881583499,0.306516356684578,
0.309837594235118,0.313158831785658,0.316480069336197,0.319801306886737,
0.326443781987816,0.333086257088895,0.346371207291054,0.359656157493213,
0.372941107695371,0.376262345245911,0.37958358279645,0.382904820346989,
0.38622605789753,0.392868532998608,0.399511008099688,0.412795958301847,
0.426080908504005),.UNSPECIFIED.);
#960=B_SPLINE_CURVE_WITH_KNOTS('',3,(#3450,#3451,#3452,#3453,#3454,#3455,
#3456),.UNSPECIFIED.,.F.,.F.,(4,3,4),(0.426080908504005,0.439412504758553,
0.44994771889786),.PIECEWISE_BEZIER_KNOTS.);
#961=B_SPLINE_CURVE_WITH_KNOTS('',3,(#3460,#3461,#3462,#3463,#3464,#3465,
#3466),.UNSPECIFIED.,.F.,.F.,(4,3,4),(0.426080908504005,0.439412504758553,
0.44994771889786),.PIECEWISE_BEZIER_KNOTS.);
#962=EDGE_LOOP('',(#233,#234,#235,#236,#237,#238,#239,#240,#241,#242));
#963=EDGE_LOOP('',(#243,#244));
#964=EDGE_LOOP('',(#245,#246,#247,#248));
#965=EDGE_LOOP('',(#249,#250,#251,#252,#253,#254));
#966=EDGE_LOOP('',(#255,#256,#257,#258,#259,#260,#261,#262,#263,#264));
#967=EDGE_LOOP('',(#265,#266,#267,#268));
#968=EDGE_LOOP('',(#269,#270,#271,#272,#273,#274));
#969=EDGE_LOOP('',(#275,#276,#277,#278,#279));
#970=EDGE_LOOP('',(#280,#281,#282,#283,#284));
#971=EDGE_LOOP('',(#285,#286,#287,#288));
#972=EDGE_LOOP('',(#289,#290,#291,#292,#293,#294));
#973=EDGE_LOOP('',(#295,#296,#297,#298));
#974=EDGE_LOOP('',(#299,#300,#301,#302));
#975=EDGE_LOOP('',(#303,#304,#305,#306,#307,#308,#309,#310,#311,#312,#313,
#314));
#976=EDGE_LOOP('',(#315,#316,#317,#318));
#977=EDGE_LOOP('',(#319,#320,#321,#322));
#978=EDGE_LOOP('',(#323,#324,#325,#326));
#979=EDGE_LOOP('',(#327,#328,#329,#330,#331,#332,#333,#334));
#980=EDGE_LOOP('',(#335,#336,#337,#338));
#981=EDGE_LOOP('',(#339,#340,#341,#342,#343,#344,#345,#346,#347,#348,#349,
#350,#351));
#982=EDGE_LOOP('',(#352,#353,#354,#355));
#983=EDGE_LOOP('',(#356,#357,#358,#359));
#984=EDGE_LOOP('',(#360,#361,#362));
#985=EDGE_LOOP('',(#363,#364,#365));
#986=EDGE_LOOP('',(#366,#367,#368));
#987=EDGE_LOOP('',(#369,#370,#371,#372,#373));
#988=EDGE_LOOP('',(#374,#375,#376,#377,#378));
#989=EDGE_LOOP('',(#379,#380,#381));
#990=EDGE_LOOP('',(#382,#383,#384,#385,#386,#387,#388,#389));
#991=EDGE_LOOP('',(#390,#391,#392));
#992=EDGE_LOOP('',(#393,#394,#395,#396));
#993=EDGE_LOOP('',(#397,#398,#399,#400));
#994=EDGE_LOOP('',(#401,#402,#403,#404));
#995=EDGE_LOOP('',(#405,#406,#407,#408));
#996=EDGE_LOOP('',(#409,#410,#411,#412,#413));
#997=EDGE_LOOP('',(#414,#415,#416,#417));
#998=EDGE_LOOP('',(#418,#419,#420,#421));
#999=EDGE_LOOP('',(#422,#423));
#1000=EDGE_LOOP('',(#424,#425,#426,#427));
#1001=EDGE_LOOP('',(#428,#429,#430,#431));
#1002=EDGE_LOOP('',(#432,#433,#434,#435,#436,#437,#438,#439,#440,#441,#442,
#443,#444));
#1003=EDGE_LOOP('',(#445,#446,#447,#448));
#1004=EDGE_LOOP('',(#449,#450,#451,#452));
#1005=EDGE_LOOP('',(#453,#454,#455));
#1006=EDGE_LOOP('',(#456,#457,#458));
#1007=EDGE_LOOP('',(#459,#460,#461));
#1008=EDGE_LOOP('',(#462,#463,#464,#465,#466));
#1009=EDGE_LOOP('',(#467,#468,#469,#470,#471));
#1010=EDGE_LOOP('',(#472,#473,#474));
#1011=EDGE_LOOP('',(#475,#476,#477,#478,#479,#480,#481,#482));
#1012=EDGE_LOOP('',(#483,#484,#485));
#1013=EDGE_LOOP('',(#486,#487,#488,#489));
#1014=EDGE_LOOP('',(#490,#491,#492,#493));
#1015=EDGE_LOOP('',(#494,#495,#496,#497));
#1016=EDGE_LOOP('',(#498,#499,#500,#501));
#1017=EDGE_LOOP('',(#502,#503,#504,#505,#506));
#1018=EDGE_LOOP('',(#507,#508,#509,#510));
#1019=EDGE_LOOP('',(#511,#512,#513,#514));
#1020=EDGE_LOOP('',(#515,#516));
#1021=EDGE_LOOP('',(#517,#518,#519,#520));
#1022=EDGE_LOOP('',(#521,#522,#523,#524));
#1023=EDGE_LOOP('',(#525,#526,#527,#528));
#1024=EDGE_LOOP('',(#529,#530,#531,#532));
#1025=EDGE_LOOP('',(#533,#534,#535,#536));
#1026=EDGE_LOOP('',(#537,#538,#539,#540));
#1027=EDGE_LOOP('',(#541,#542,#543,#544));
#1028=EDGE_LOOP('',(#545,#546,#547,#548));
#1029=EDGE_LOOP('',(#549,#550,#551,#552));
#1030=EDGE_LOOP('',(#553,#554,#555,#556));
#1031=EDGE_LOOP('',(#557,#558,#559,#560));
#1032=EDGE_LOOP('',(#561,#562,#563,#564,#565,#566,#567));
#1033=EDGE_LOOP('',(#568,#569,#570,#571,#572,#573,#574));
#1034=EDGE_LOOP('',(#575,#576,#577,#578));
#1035=EDGE_LOOP('',(#579,#580,#581,#582));
#1036=EDGE_LOOP('',(#583,#584,#585,#586));
#1037=FACE_BOUND('',#962,.T.);
#1038=FACE_BOUND('',#963,.T.);
#1039=FACE_BOUND('',#964,.T.);
#1040=FACE_BOUND('',#965,.T.);
#1041=FACE_BOUND('',#53,.T.);
#1042=FACE_BOUND('',#966,.T.);
#1043=FACE_BOUND('',#54,.T.);
#1044=FACE_BOUND('',#967,.T.);
#1045=FACE_BOUND('',#968,.T.);
#1046=FACE_BOUND('',#969,.T.);
#1047=FACE_BOUND('',#970,.T.);
#1048=FACE_BOUND('',#971,.T.);
#1049=FACE_BOUND('',#972,.T.);
#1050=FACE_BOUND('',#973,.T.);
#1051=FACE_BOUND('',#974,.T.);
#1052=FACE_BOUND('',#975,.T.);
#1053=FACE_BOUND('',#976,.T.);
#1054=FACE_BOUND('',#977,.T.);
#1055=FACE_BOUND('',#978,.T.);
#1056=FACE_BOUND('',#979,.T.);
#1057=FACE_BOUND('',#980,.T.);
#1058=FACE_BOUND('',#981,.T.);
#1059=FACE_BOUND('',#982,.T.);
#1060=FACE_BOUND('',#983,.T.);
#1061=FACE_BOUND('',#984,.T.);
#1062=FACE_BOUND('',#985,.T.);
#1063=FACE_BOUND('',#986,.T.);
#1064=FACE_BOUND('',#987,.T.);
#1065=FACE_BOUND('',#988,.T.);
#1066=FACE_BOUND('',#989,.T.);
#1067=FACE_BOUND('',#990,.T.);
#1068=FACE_BOUND('',#991,.T.);
#1069=FACE_BOUND('',#992,.T.);
#1070=FACE_BOUND('',#993,.T.);
#1071=FACE_BOUND('',#994,.T.);
#1072=FACE_BOUND('',#995,.T.);
#1073=FACE_BOUND('',#996,.T.);
#1074=FACE_BOUND('',#997,.T.);
#1075=FACE_BOUND('',#998,.T.);
#1076=FACE_BOUND('',#999,.T.);
#1077=FACE_BOUND('',#1000,.T.);
#1078=FACE_BOUND('',#1001,.T.);
#1079=FACE_BOUND('',#1002,.T.);
#1080=FACE_BOUND('',#1003,.T.);
#1081=FACE_BOUND('',#1004,.T.);
#1082=FACE_BOUND('',#1005,.T.);
#1083=FACE_BOUND('',#1006,.T.);
#1084=FACE_BOUND('',#1007,.T.);
#1085=FACE_BOUND('',#1008,.T.);
#1086=FACE_BOUND('',#1009,.T.);
#1087=FACE_BOUND('',#1010,.T.);
#1088=FACE_BOUND('',#1011,.T.);
#1089=FACE_BOUND('',#1012,.T.);
#1090=FACE_BOUND('',#1013,.T.);
#1091=FACE_BOUND('',#1014,.T.);
#1092=FACE_BOUND('',#1015,.T.);
#1093=FACE_BOUND('',#1016,.T.);
#1094=FACE_BOUND('',#1017,.T.);
#1095=FACE_BOUND('',#1018,.T.);
#1096=FACE_BOUND('',#1019,.T.);
#1097=FACE_BOUND('',#1020,.T.);
#1098=FACE_BOUND('',#1021,.T.);
#1099=FACE_BOUND('',#1022,.T.);
#1100=FACE_BOUND('',#1023,.T.);
#1101=FACE_BOUND('',#1024,.T.);
#1102=FACE_BOUND('',#1025,.T.);
#1103=FACE_BOUND('',#1026,.T.);
#1104=FACE_BOUND('',#1027,.T.);
#1105=FACE_BOUND('',#1028,.T.);
#1106=FACE_BOUND('',#1029,.T.);
#1107=FACE_BOUND('',#1030,.T.);
#1108=FACE_BOUND('',#1031,.T.);
#1109=FACE_BOUND('',#1032,.T.);
#1110=FACE_BOUND('',#1033,.T.);
#1111=FACE_BOUND('',#1034,.T.);
#1112=FACE_BOUND('',#1035,.T.);
#1113=FACE_BOUND('',#1036,.T.);
#1114=CYLINDRICAL_SURFACE('',#1209,0.0125);
#1115=CYLINDRICAL_SURFACE('',#1214,0.0762);
#1116=CYLINDRICAL_SURFACE('',#1219,85.3413069964461);
#1117=CYLINDRICAL_SURFACE('',#1220,0.003);
#1118=CYLINDRICAL_SURFACE('',#1235,0.003);
#1119=CYLINDRICAL_SURFACE('',#1240,6.09232013788393);
#1120=CYLINDRICAL_SURFACE('',#1249,0.003);
#1121=CYLINDRICAL_SURFACE('',#1254,6.09232013788393);
#1122=ADVANCED_FACE('',(#1037),#1114,.T.);
#1123=ADVANCED_FACE('',(#1038),#57,.T.);
#1124=ADVANCED_FACE('',(#1039),#1115,.F.);
#1125=ADVANCED_FACE('',(#1040,#1041),#55,.T.);
#1126=ADVANCED_FACE('',(#1042,#1043),#56,.T.);
#1127=ADVANCED_FACE('',(#1044),#42,.F.);
#1128=ADVANCED_FACE('',(#1045),#1116,.T.);
#1129=ADVANCED_FACE('',(#1046),#43,.T.);
#1130=ADVANCED_FACE('',(#1047),#44,.T.);
#1131=ADVANCED_FACE('',(#1048),#45,.F.);
#1132=ADVANCED_FACE('',(#1049),#1117,.T.);
#1133=ADVANCED_FACE('',(#1050),#15,.F.);
#1134=ADVANCED_FACE('',(#1051,#1052),#58,.T.);
#1135=ADVANCED_FACE('',(#1053),#59,.T.);
#1136=ADVANCED_FACE('',(#1054),#60,.T.);
#1137=ADVANCED_FACE('',(#1055),#61,.T.);
#1138=ADVANCED_FACE('',(#1056,#1057),#62,.F.);
#1139=ADVANCED_FACE('',(#1058),#63,.F.);
#1140=ADVANCED_FACE('',(#1059),#1118,.T.);
#1141=ADVANCED_FACE('',(#1060),#16,.F.);
#1142=ADVANCED_FACE('',(#1061),#17,.F.);
#1143=ADVANCED_FACE('',(#1062),#46,.T.);
#1144=ADVANCED_FACE('',(#1063),#47,.T.);
#1145=ADVANCED_FACE('',(#1064),#18,.T.);
#1146=ADVANCED_FACE('',(#1065),#19,.T.);
#1147=ADVANCED_FACE('',(#1066),#1119,.T.);
#1148=ADVANCED_FACE('',(#1067),#20,.T.);
#1149=ADVANCED_FACE('',(#1068),#64,.T.);
#1150=ADVANCED_FACE('',(#1069),#21,.T.);
#1151=ADVANCED_FACE('',(#1070),#22,.T.);
#1152=ADVANCED_FACE('',(#1071),#23,.T.);
#1153=ADVANCED_FACE('',(#1072),#24,.T.);
#1154=ADVANCED_FACE('',(#1073),#25,.T.);
#1155=ADVANCED_FACE('',(#1074),#13,.F.);
#1156=ADVANCED_FACE('',(#1075),#26,.F.);
#1157=ADVANCED_FACE('',(#1076),#27,.F.);
#1158=ADVANCED_FACE('',(#1077),#28,.T.);
#1159=ADVANCED_FACE('',(#1078),#65,.T.);
#1160=ADVANCED_FACE('',(#1079),#66,.F.);
#1161=ADVANCED_FACE('',(#1080),#1120,.T.);
#1162=ADVANCED_FACE('',(#1081),#29,.F.);
#1163=ADVANCED_FACE('',(#1082),#30,.F.);
#1164=ADVANCED_FACE('',(#1083),#48,.F.);
#1165=ADVANCED_FACE('',(#1084),#49,.F.);
#1166=ADVANCED_FACE('',(#1085),#31,.T.);
#1167=ADVANCED_FACE('',(#1086),#32,.T.);
#1168=ADVANCED_FACE('',(#1087),#1121,.T.);
#1169=ADVANCED_FACE('',(#1088),#33,.T.);
#1170=ADVANCED_FACE('',(#1089),#67,.T.);
#1171=ADVANCED_FACE('',(#1090),#34,.T.);
#1172=ADVANCED_FACE('',(#1091),#35,.T.);
#1173=ADVANCED_FACE('',(#1092),#36,.T.);
#1174=ADVANCED_FACE('',(#1093),#37,.T.);
#1175=ADVANCED_FACE('',(#1094),#38,.T.);
#1176=ADVANCED_FACE('',(#1095),#14,.F.);
#1177=ADVANCED_FACE('',(#1096),#39,.F.);
#1178=ADVANCED_FACE('',(#1097),#40,.F.);
#1179=ADVANCED_FACE('',(#1098),#41,.T.);
#1180=ADVANCED_FACE('',(#1099),#68,.T.);
#1181=ADVANCED_FACE('',(#1100),#69,.F.);
#1182=ADVANCED_FACE('',(#1101),#70,.T.);
#1183=ADVANCED_FACE('',(#1102),#71,.F.);
#1184=ADVANCED_FACE('',(#1103),#72,.T.);
#1185=ADVANCED_FACE('',(#1104),#73,.F.);
#1186=ADVANCED_FACE('',(#1105),#50,.T.);
#1187=ADVANCED_FACE('',(#1106),#74,.F.);
#1188=ADVANCED_FACE('',(#1107),#51,.T.);
#1189=ADVANCED_FACE('',(#1108),#52,.T.);
#1190=ADVANCED_FACE('',(#1109),#75,.T.);
#1191=ADVANCED_FACE('',(#1110),#76,.T.);
#1192=ADVANCED_FACE('',(#1111),#77,.F.);
#1193=ADVANCED_FACE('',(#1112),#78,.T.);
#1194=ADVANCED_FACE('',(#1113),#79,.T.);
#1195=CLOSED_SHELL('',(#1122,#1123,#1124,#1125,#1126,#1127,#1128,#1129,
#1130,#1131,#1132,#1133,#1134,#1135,#1136,#1137,#1138,#1139,#1140,#1141,
#1142,#1143,#1144,#1145,#1146,#1147,#1148,#1149,#1150,#1151,#1152,#1153,
#1154,#1155,#1156,#1157,#1158,#1159,#1160,#1161,#1162,#1163,#1164,#1165,
#1166,#1167,#1168,#1169,#1170,#1171,#1172,#1173,#1174,#1175,#1176,#1177,
#1178,#1179,#1180,#1181,#1182,#1183,#1184,#1185));
#1196=CLOSED_SHELL('',(#1186,#1187,#1188,#1189,#1190,#1191,#1192,#1193,
#1194));
#1197=STYLED_ITEM('',(#1198),#1205);
#1198=PRESENTATION_STYLE_ASSIGNMENT((#1199));
#1199=SURFACE_STYLE_USAGE(.BOTH.,#1200);
#1200=SURFACE_SIDE_STYLE('',(#1201));
#1201=SURFACE_STYLE_FILL_AREA(#1202);
#1202=FILL_AREA_STYLE('',(#1203));
#1203=FILL_AREA_STYLE_COLOUR('',#1204);
#1204=COLOUR_RGB('',0.647058823529412,0.647058823529412,0.647058823529412);
#1205=BREP_WITH_VOIDS('Horn Base 2',#1195,(#12));
#1206=SHAPE_DEFINITION_REPRESENTATION(#3490,#1207);
#1207=SHAPE_REPRESENTATION('Horn Base 2',(#1208),#3485);
#1208=AXIS2_PLACEMENT_3D('',#1465,#1273,#1274);
#1209=AXIS2_PLACEMENT_3D('',#1466,#1275,#1276);
#1210=AXIS2_PLACEMENT_3D('',#1476,#1277,#1278);
#1211=AXIS2_PLACEMENT_3D('',#1491,#1280,#1281);
#1212=AXIS2_PLACEMENT_3D('',#1506,#1283,#1284);
#1213=AXIS2_PLACEMENT_3D('',#1507,#1285,#1286);
#1214=AXIS2_PLACEMENT_3D('',#1509,#1288,#1289);
#1215=AXIS2_PLACEMENT_3D('',#1513,#1291,#1292);
#1216=AXIS2_PLACEMENT_3D('',#1517,#1294,#1295);
#1217=AXIS2_PLACEMENT_3D('',#1518,#1296,#1297);
#1218=AXIS2_PLACEMENT_3D('',#1574,#1298,#1299);
#1219=AXIS2_PLACEMENT_3D('',#1679,#1301,#1302);
#1220=AXIS2_PLACEMENT_3D('',#1877,#1312,#1313);
#1221=AXIS2_PLACEMENT_3D('',#1878,#1314,#1315);
#1222=AXIS2_PLACEMENT_3D('',#1890,#1318,#1319);
#1223=AXIS2_PLACEMENT_3D('',#1915,#1320,#1321);
#1224=AXIS2_PLACEMENT_3D('',#1916,#1322,#1323);
#1225=AXIS2_PLACEMENT_3D('',#1917,#1324,#1325);
#1226=AXIS2_PLACEMENT_3D('',#1926,#1330,#1331);
#1227=AXIS2_PLACEMENT_3D('',#1928,#1332,#1333);
#1228=AXIS2_PLACEMENT_3D('',#1945,#1336,#1337);
#1229=AXIS2_PLACEMENT_3D('',#1947,#1338,#1339);
#1230=AXIS2_PLACEMENT_3D('',#1948,#1340,#1341);
#1231=AXIS2_PLACEMENT_3D('',#1954,#1345,#1346);
#1232=AXIS2_PLACEMENT_3D('',#1960,#1350,#1351);
#1233=AXIS2_PLACEMENT_3D('',#1963,#1354,#1355);
#1234=AXIS2_PLACEMENT_3D('',#2002,#1362,#1363);
#1235=AXIS2_PLACEMENT_3D('',#2091,#1365,#1366);
#1236=AXIS2_PLACEMENT_3D('',#2097,#1367,#1368);
#1237=AXIS2_PLACEMENT_3D('',#2110,#1369,#1370);
#1238=AXIS2_PLACEMENT_3D('',#2226,#1371,#1372);
#1239=AXIS2_PLACEMENT_3D('',#2244,#1373,#1374);
#1240=AXIS2_PLACEMENT_3D('',#2245,#1375,#1376);
#1241=AXIS2_PLACEMENT_3D('',#2275,#1377,#1378);
#1242=AXIS2_PLACEMENT_3D('',#2276,#1379,#1380);
#1243=AXIS2_PLACEMENT_3D('',#2277,#1381,#1382);
#1244=AXIS2_PLACEMENT_3D('',#2278,#1383,#1384);
#1245=AXIS2_PLACEMENT_3D('',#2511,#1385,#1386);
#1246=AXIS2_PLACEMENT_3D('',#2512,#1387,#1388);
#1247=AXIS2_PLACEMENT_3D('',#2567,#1389,#1390);
#1248=AXIS2_PLACEMENT_3D('',#2568,#1391,#1392);
#1249=AXIS2_PLACEMENT_3D('',#2657,#1394,#1395);
#1250=AXIS2_PLACEMENT_3D('',#2663,#1396,#1397);
#1251=AXIS2_PLACEMENT_3D('',#2676,#1398,#1399);
#1252=AXIS2_PLACEMENT_3D('',#2787,#1400,#1401);
#1253=AXIS2_PLACEMENT_3D('',#2805,#1402,#1403);
#1254=AXIS2_PLACEMENT_3D('',#2811,#1404,#1405);
#1255=AXIS2_PLACEMENT_3D('',#2834,#1406,#1407);
#1256=AXIS2_PLACEMENT_3D('',#2835,#1408,#1409);
#1257=AXIS2_PLACEMENT_3D('',#2843,#1410,#1411);
#1258=AXIS2_PLACEMENT_3D('',#2852,#1412,#1413);
#1259=AXIS2_PLACEMENT_3D('',#3077,#1414,#1415);
#1260=AXIS2_PLACEMENT_3D('',#3078,#1416,#1417);
#1261=AXIS2_PLACEMENT_3D('',#3133,#1418,#1419);
#1262=AXIS2_PLACEMENT_3D('',#3134,#1420,#1421);
#1263=AXIS2_PLACEMENT_3D('',#3143,#1426,#1427);
#1264=AXIS2_PLACEMENT_3D('',#3146,#1430,#1431);
#1265=AXIS2_PLACEMENT_3D('',#3148,#1433,#1434);
#1266=AXIS2_PLACEMENT_3D('',#3150,#1436,#1437);
#1267=AXIS2_PLACEMENT_3D('',#3275,#1440,#1441);
#1268=AXIS2_PLACEMENT_3D('',#3467,#1447,#1448);
#1269=AXIS2_PLACEMENT_3D('',#3473,#1452,#1453);
#1270=AXIS2_PLACEMENT_3D('',#3479,#1457,#1458);
#1271=AXIS2_PLACEMENT_3D('',#3481,#1460,#1461);
#1272=AXIS2_PLACEMENT_3D('',#3483,#1463,#1464);
#1273=DIRECTION('',(0.,0.,1.));
#1274=DIRECTION('',(1.,0.,0.));
#1275=DIRECTION('',(8.71736664389741E-17,1.,0.));
#1276=DIRECTION('',(0.,0.,1.));
#1277=DIRECTION('',(-2.78955732604717E-16,1.,0.));
#1278=DIRECTION('',(0.,0.,1.));
#1279=DIRECTION('',(8.71736664389741E-17,1.,0.));
#1280=DIRECTION('',(8.71736664389741E-17,1.,0.));
#1281=DIRECTION('',(0.,0.,-1.));
#1282=DIRECTION('',(8.71736664389741E-17,1.,0.));
#1283=DIRECTION('',(2.78955732604717E-16,-1.,0.));
#1284=DIRECTION('',(0.,0.,-1.));
#1285=DIRECTION('',(-8.71736664389741E-17,-1.,0.));
#1286=DIRECTION('',(-1.,8.71736664389741E-17,0.));
#1287=DIRECTION('',(0.,0.,-1.));
#1288=DIRECTION('',(0.,0.,-1.));
#1289=DIRECTION('',(1.,-8.71736664389741E-17,0.));
#1290=DIRECTION('',(0.,0.,-1.));
#1291=DIRECTION('',(4.39513896253438E-16,-3.45679920276675E-16,-1.));
#1292=DIRECTION('',(-1.,-2.78955732604717E-16,-4.39513896253438E-16));
#1293=DIRECTION('',(0.,0.,-1.));
#1294=DIRECTION('',(-4.39513896253438E-16,3.45679920276675E-16,-1.));
#1295=DIRECTION('',(-1.,-2.78955732604717E-16,4.39513896253438E-16));
#1296=DIRECTION('',(-0.99934174801451,0.0362776883952561,0.));
#1297=DIRECTION('',(-0.0362776883952561,-0.99934174801451,0.));
#1298=DIRECTION('',(0.995301981741737,-0.0968192395186582,0.));
#1299=DIRECTION('',(0.0968192395186582,0.995301981741737,0.));
#1300=DIRECTION('',(0.,0.,-1.));
#1301=DIRECTION('',(0.,0.,1.));
#1302=DIRECTION('',(1.,0.,0.));
#1303=DIRECTION('',(0.,0.,1.));
#1304=DIRECTION('',(0.,0.,1.));
#1305=DIRECTION('',(0.,0.,-1.));
#1306=DIRECTION('',(0.,0.,-1.));
#1307=DIRECTION('',(0.,0.,1.));
#1308=DIRECTION('',(0.,0.,-1.));
#1309=DIRECTION('',(0.,0.,1.));
#1310=DIRECTION('',(0.,0.,-1.));
#1311=DIRECTION('',(0.,0.,-1.));
#1312=DIRECTION('',(0.,0.,-1.));
#1313=DIRECTION('',(-1.,-2.78955732604717E-16,0.));
#1314=DIRECTION('',(7.42070248900346E-15,2.31296463463572E-15,-1.));
#1315=DIRECTION('',(-1.,-2.78955732604717E-16,-7.42070248900346E-15));
#1316=DIRECTION('',(0.,0.,-1.));
#1317=DIRECTION('',(0.,0.,1.));
#1318=DIRECTION('',(-7.42070248900346E-15,-2.31296463463572E-15,-1.));
#1319=DIRECTION('',(-1.,-2.78955732604717E-16,7.42070248900346E-15));
#1320=DIRECTION('',(-0.45911642892326,1.24465166576988E-15,0.888376105426499));
#1321=DIRECTION('',(0.888376105426499,2.47817607317775E-16,0.45911642892326));
#1322=DIRECTION('',(0.45911642892326,-1.24465166576988E-15,0.888376105426499));
#1323=DIRECTION('',(0.888376105426499,2.47817607317775E-16,-0.45911642892326));
#1324=DIRECTION('',(-1.,4.3586833219487E-17,0.));
#1325=DIRECTION('',(4.3586833219487E-17,1.,0.));
#1326=DIRECTION('',(-4.3586833219487E-17,-1.,0.));
#1327=DIRECTION('',(0.,0.,1.));
#1328=DIRECTION('',(-4.3586833219487E-17,-1.,0.));
#1329=DIRECTION('',(0.,0.,-1.));
#1330=DIRECTION('',(1.,-4.3586833219487E-17,0.));
#1331=DIRECTION('',(4.3586833219487E-17,1.,0.));
#1332=DIRECTION('',(1.,-4.3586833219487E-17,0.));
#1333=DIRECTION('',(4.3586833219487E-17,1.,0.));
#1334=DIRECTION('',(-4.3586833219487E-17,-1.,0.));
#1335=DIRECTION('',(-4.3586833219487E-17,-1.,0.));
#1336=DIRECTION('',(-1.,4.3586833219487E-17,0.));
#1337=DIRECTION('',(4.3586833219487E-17,1.,0.));
#1338=DIRECTION('',(-1.,4.3586833219487E-17,0.));
#1339=DIRECTION('',(4.3586833219487E-17,1.,0.));
#1340=DIRECTION('',(4.3586833219487E-17,1.,0.));
#1341=DIRECTION('',(-1.,4.3586833219487E-17,0.));
#1342=DIRECTION('',(0.,0.,-1.));
#1343=DIRECTION('',(-1.,4.3586833219487E-17,0.));
#1344=DIRECTION('',(-1.,4.3586833219487E-17,0.));
#1345=DIRECTION('',(-4.3586833219487E-17,-1.,0.));
#1346=DIRECTION('',(1.,-4.3586833219487E-17,0.));
#1347=DIRECTION('',(-1.,4.3586833219487E-17,0.));
#1348=DIRECTION('',(0.,0.,1.));
#1349=DIRECTION('',(-1.,4.3586833219487E-17,0.));
#1350=DIRECTION('',(-1.,4.3586833219487E-17,0.));
#1351=DIRECTION('',(-4.3586833219487E-17,-1.,0.));
#1352=DIRECTION('',(-4.3586833219487E-17,-1.,0.));
#1353=DIRECTION('',(-4.3586833219487E-17,-1.,0.));
#1354=DIRECTION('',(0.,-1.,0.));
#1355=DIRECTION('',(1.,0.,0.));
#1356=DIRECTION('',(1.,0.,0.));
#1357=DIRECTION('',(1.,0.,0.));
#1358=DIRECTION('',(-1.,8.71736664389741E-17,0.));
#1359=DIRECTION('',(0.,0.,-1.));
#1360=DIRECTION('',(-1.,8.71736664389741E-17,0.));
#1361=DIRECTION('',(0.,0.,-1.));
#1362=DIRECTION('',(0.,0.,1.));
#1363=DIRECTION('',(-1.,8.71736664389741E-17,0.));
#1364=DIRECTION('',(-1.,8.71736664389741E-17,0.));
#1365=DIRECTION('',(1.,-8.71736664389741E-17,0.));
#1366=DIRECTION('',(0.,0.,1.));
#1367=DIRECTION('',(-1.,-5.68076311934171E-16,3.02420125978624E-13));
#1368=DIRECTION('',(3.02420125978624E-13,8.43618277967779E-29,1.));
#1369=DIRECTION('',(0.942956293884715,-0.124939034508365,0.308583320157329));
#1370=DIRECTION('',(0.311020344739795,8.6760908121861E-17,-0.950403253970618));
#1371=DIRECTION('',(0.0568719707060374,0.998381479669977,0.));
#1372=DIRECTION('',(-0.998381479669977,0.0568719707060374,0.));
#1373=DIRECTION('',(0.375973212824707,0.926630532217813,0.));
#1374=DIRECTION('',(-0.926630532217813,0.375973212824707,0.));
#1375=DIRECTION('',(0.,0.,1.));
#1376=DIRECTION('',(1.,0.,0.));
#1377=DIRECTION('',(-0.0426085824370336,-0.999091841975855,0.));
#1378=DIRECTION('',(0.999091841975855,-0.0426085824370336,0.));
#1379=DIRECTION('',(-0.093823740810567,-0.995588823591502,0.));
#1380=DIRECTION('',(0.995588823591502,-0.093823740810567,0.));
#1381=DIRECTION('',(2.78955732604717E-16,-1.,0.));
#1382=DIRECTION('',(0.,0.,-1.));
#1383=DIRECTION('',(2.78955732604717E-16,-1.,0.));
#1384=DIRECTION('',(0.,0.,-1.));
#1385=DIRECTION('',(2.78955732604717E-16,-1.,0.));
#1386=DIRECTION('',(0.,0.,-1.));
#1387=DIRECTION('',(0.712709990854086,1.98814537633403E-16,0.701458814854278));
#1388=DIRECTION('',(0.701458814854278,1.95675957589712E-16,-0.712709990854086));
#1389=DIRECTION('',(0.,0.,-1.));
#1390=DIRECTION('',(-1.,0.,0.));
#1391=DIRECTION('',(0.,0.,-1.));
#1392=DIRECTION('',(-1.,8.71736664389741E-17,0.));
#1393=DIRECTION('',(-1.,8.71736664389741E-17,0.));
#1394=DIRECTION('',(1.,-8.71736664389741E-17,0.));
#1395=DIRECTION('',(0.,0.,-1.));
#1396=DIRECTION('',(1.,5.68076311934171E-16,3.02420125978624E-13));
#1397=DIRECTION('',(3.02420125978624E-13,8.43618277967779E-29,-1.));
#1398=DIRECTION('',(-0.942956293884715,0.124939034508365,0.308583320157329));
#1399=DIRECTION('',(0.311020344739795,8.6760908121861E-17,0.950403253970618));
#1400=DIRECTION('',(-0.0568719707060374,-0.998381479669977,0.));
#1401=DIRECTION('',(-0.998381479669977,0.0568719707060374,0.));
#1402=DIRECTION('',(-0.375973212824707,-0.926630532217813,0.));
#1403=DIRECTION('',(-0.926630532217813,0.375973212824707,0.));
#1404=DIRECTION('',(0.,0.,1.));
#1405=DIRECTION('',(1.,0.,0.));
#1406=DIRECTION('',(0.093823740810567,0.995588823591502,0.));
#1407=DIRECTION('',(0.995588823591502,-0.093823740810567,0.));
#1408=DIRECTION('',(0.0426085824370336,0.999091841975855,0.));
#1409=DIRECTION('',(0.999091841975855,-0.0426085824370336,0.));
#1410=DIRECTION('',(2.78955732604717E-16,-1.,0.));
#1411=DIRECTION('',(0.,0.,1.));
#1412=DIRECTION('',(-2.78955732604717E-16,1.,0.));
#1413=DIRECTION('',(0.,0.,1.));
#1414=DIRECTION('',(2.78955732604717E-16,-1.,0.));
#1415=DIRECTION('',(0.,0.,1.));
#1416=DIRECTION('',(-0.712709990854086,-1.98814537633403E-16,0.701458814854278));
#1417=DIRECTION('',(0.701458814854278,1.95675957589712E-16,0.712709990854086));
#1418=DIRECTION('',(0.,0.,1.));
#1419=DIRECTION('',(-1.,0.,0.));
#1420=DIRECTION('',(-8.71736664389741E-17,-1.,0.));
#1421=DIRECTION('',(0.,0.,-1.));
#1422=DIRECTION('',(0.,0.,-1.));
#1423=DIRECTION('',(1.,-8.71736664389741E-17,0.));
#1424=DIRECTION('',(0.,0.,-1.));
#1425=DIRECTION('',(1.,-8.71736664389741E-17,0.));
#1426=DIRECTION('',(1.,-8.71736664389741E-17,0.));
#1427=DIRECTION('',(0.,0.,1.));
#1428=DIRECTION('',(8.71736664389741E-17,1.,0.));
#1429=DIRECTION('',(8.71736664389741E-17,1.,0.));
#1430=DIRECTION('',(0.,0.,1.));
#1431=DIRECTION('',(-1.,8.71736664389741E-17,0.));
#1432=DIRECTION('',(-8.71736664389741E-17,-1.,0.));
#1433=DIRECTION('',(-1.,8.71736664389741E-17,0.));
#1434=DIRECTION('',(0.,0.,-1.));
#1435=DIRECTION('',(-8.71736664389741E-17,-1.,0.));
#1436=DIRECTION('',(0.,0.,-1.));
#1437=DIRECTION('',(-1.,8.71736664389741E-17,0.));
#1438=DIRECTION('',(0.,0.,-1.));
#1439=DIRECTION('',(0.,0.,-1.));
#1440=DIRECTION('',(-1.,4.3586833219487E-17,0.));
#1441=DIRECTION('',(-4.3586833219487E-17,-1.,0.));
#1442=DIRECTION('',(-4.3586833219487E-17,-1.,0.));
#1443=DIRECTION('',(0.,0.,-1.));
#1444=DIRECTION('',(-4.3586833219487E-17,-1.,0.));
#1445=DIRECTION('',(0.,0.,-1.));
#1446=DIRECTION('',(0.,0.,-1.));
#1447=DIRECTION('',(0.,0.,1.));
#1448=DIRECTION('',(-1.,8.71736664389741E-17,0.));
#1449=DIRECTION('',(1.,-8.71736664389741E-17,0.));
#1450=DIRECTION('',(-0.20361969195007,-0.979050060543463,0.));
#1451=DIRECTION('',(-0.0475127734266406,-0.998870630442856,0.));
#1452=DIRECTION('',(0.,0.,-1.));
#1453=DIRECTION('',(-1.,8.71736664389741E-17,0.));
#1454=DIRECTION('',(-0.20361969195007,-0.979050060543463,0.));
#1455=DIRECTION('',(1.,-8.71736664389741E-17,0.));
#1456=DIRECTION('',(-0.0475127734266406,-0.998870630442856,0.));
#1457=DIRECTION('',(-0.979050060543463,0.20361969195007,0.));
#1458=DIRECTION('',(0.20361969195007,0.979050060543463,0.));
#1459=DIRECTION('',(0.,0.,-1.));
#1460=DIRECTION('',(-0.998870630442856,0.0475127734266406,0.));
#1461=DIRECTION('',(0.0475127734266406,0.998870630442856,0.));
#1462=DIRECTION('',(0.,0.,-1.));
#1463=DIRECTION('',(-8.71736664389741E-17,-1.,0.));
#1464=DIRECTION('',(0.,0.,-1.));
#1465=CARTESIAN_POINT('',(0.,0.,0.));
#1466=CARTESIAN_POINT('',(0.0520968781662881,-0.115620921335371,0.01778));
#1467=CARTESIAN_POINT('',(0.0632015794841193,-0.071820921335371,0.0120410446384593));
#1468=CARTESIAN_POINT('',(0.0636628879301607,-0.071820921335371,0.0129336622292863));
#1469=CARTESIAN_POINT('',(0.0643543309047089,-0.0716755624496523,0.0147870375757038));
#1470=CARTESIAN_POINT('',(0.0647173691697634,-0.0715341459187741,0.0177800990370287));
#1471=CARTESIAN_POINT('',(0.0643574603878837,-0.0716747732220208,0.0207601601342146));
#1472=CARTESIAN_POINT('',(0.0636627563098948,-0.071820921335371,0.0226265924518617));
#1473=CARTESIAN_POINT('',(0.0632015794841193,-0.071820921335371,0.0235189553615408));
#1474=CARTESIAN_POINT('',(0.0632015794841193,-0.071820921335371,0.0120410446384593));
#1475=CARTESIAN_POINT('',(0.0632015794841193,-0.071820921335371,0.0235189553615407));
#1476=CARTESIAN_POINT('',(0.0520968781662881,-0.071820921335371,0.01778));
#1477=CARTESIAN_POINT('',(0.0608651133519666,-0.071820921335371,0.0266888748856761));
#1478=CARTESIAN_POINT('',(0.0559846324755369,-0.0710900106060298,0.0296600406746322));
#1479=CARTESIAN_POINT('',(0.0568954172792516,-0.0712782657951872,0.0293619855044171));
#1480=CARTESIAN_POINT('',(0.0586144607361042,-0.0716424498495159,0.0285744791223409));
#1481=CARTESIAN_POINT('',(0.0601675221005195,-0.0718209213353717,0.027375453632673));
#1482=CARTESIAN_POINT('',(0.0608651133519666,-0.071820921335371,0.0266888748856761));
#1483=CARTESIAN_POINT('',(0.0559846324755369,-0.0710900106060298,0.0296600406746322));
#1484=CARTESIAN_POINT('',(0.0559846324755265,-0.0710900106060277,0.0296600406746356));
#1485=CARTESIAN_POINT('',(0.0547333999603004,-0.0708313863812129,0.0300695076736263));
#1486=CARTESIAN_POINT('',(0.0534431327326861,-0.0706369068163028,0.03028));
#1487=CARTESIAN_POINT('',(0.0520968781662881,-0.0706369068163028,0.03028));
#1488=CARTESIAN_POINT('',(0.0520968781662881,-0.0706369068163028,0.03028));
#1489=CARTESIAN_POINT('',(0.0520968781662881,-0.115620921335371,0.03028));
#1490=CARTESIAN_POINT('',(0.0520968781662881,-0.115620921335371,0.03028));
#1491=CARTESIAN_POINT('',(0.0520968781662881,-0.115620921335371,0.01778));
#1492=CARTESIAN_POINT('',(0.0520968781662881,-0.115620921335371,0.00528));
#1493=CARTESIAN_POINT('',(0.0520968781662881,-0.115620921335371,0.00528));
#1494=CARTESIAN_POINT('',(0.0520968781662881,-0.0706369068163028,0.00528));
#1495=CARTESIAN_POINT('',(0.0559846324755265,-0.0710900106060277,0.00589995932536434));
#1496=CARTESIAN_POINT('',(0.0547333999603004,-0.0708313863812129,0.00549049232637372));
#1497=CARTESIAN_POINT('',(0.0534431327326861,-0.0706369068163028,0.00528));
#1498=CARTESIAN_POINT('',(0.0520968781662881,-0.0706369068163028,0.00528));
#1499=CARTESIAN_POINT('',(0.0559846324755369,-0.0710900106060298,0.00589995932536776));
#1500=CARTESIAN_POINT('',(0.0559846324755369,-0.0710900106060298,0.00589995932536776));
#1501=CARTESIAN_POINT('',(0.0568954172792516,-0.0712782657951872,0.00619801449558288));
#1502=CARTESIAN_POINT('',(0.0586144607361042,-0.0716424498495159,0.00698552087765909));
#1503=CARTESIAN_POINT('',(0.0601675221005195,-0.0718209213353717,0.00818454636732705));
#1504=CARTESIAN_POINT('',(0.0608651133519666,-0.071820921335371,0.00887112511432395));
#1505=CARTESIAN_POINT('',(0.0608651133519666,-0.071820921335371,0.00887112511432395));
#1506=CARTESIAN_POINT('',(0.0520968781662881,-0.071820921335371,0.01778));
#1507=CARTESIAN_POINT('',(0.0520968781662881,-0.115620921335371,0.01778));
#1508=CARTESIAN_POINT('',(0.0520968781662881,-0.115620921335371,0.04318));
#1509=CARTESIAN_POINT('',(0.0520968781662881,0.060077215363468,0.01778));
#1510=CARTESIAN_POINT('',(0.0520968781662881,-0.016122784636532,0.04318));
#1511=CARTESIAN_POINT('',(0.0520968781662881,-0.016122784636532,0.02921));
#1512=CARTESIAN_POINT('',(0.0520968781662881,-0.016122784636532,0.00635));
#1513=CARTESIAN_POINT('',(0.052096878166288,0.060077215363468,0.02921));
#1514=CARTESIAN_POINT('',(0.063937619658861,-0.0151971949026116,0.02921));
#1515=CARTESIAN_POINT('',(0.063937619658861,-0.0151971949026116,0.00635));
#1516=CARTESIAN_POINT('',(0.063937619658861,-0.0151971949026116,0.00635));
#1517=CARTESIAN_POINT('',(0.052096878166288,0.060077215363468,0.00635));
#1518=CARTESIAN_POINT('',(0.162661805521724,0.049657156013816,0.01778));
#1519=CARTESIAN_POINT('',(0.171163171650852,0.0627810944305369,0.011761208622366));
#1520=CARTESIAN_POINT('',(0.171181260209975,0.0632057319414929,0.0127125561797019));
#1521=CARTESIAN_POINT('',(0.171208320740518,0.0638411273675451,0.0146640975949069));
#1522=CARTESIAN_POINT('',(0.17122714257765,0.0642831684415447,0.0188164819575876));
#1523=CARTESIAN_POINT('',(0.171199348116771,0.0636303541337042,0.0218961491282208));
#1524=CARTESIAN_POINT('',(0.171163170720967,0.0627810726011145,0.023798840283506));
#1525=CARTESIAN_POINT('',(0.171163108071285,0.062781102978208,0.0117611403607171));
#1526=CARTESIAN_POINT('',(0.171163108515902,0.0627811134321711,0.0237988573260214));
#1527=CARTESIAN_POINT('',(0.170985772210808,0.058645460839276,0.0292099963207167));
#1528=CARTESIAN_POINT('',(0.171024375500508,0.0595389566621971,0.0284793860956831));
#1529=CARTESIAN_POINT('',(0.171092293585176,0.0611199009878505,0.026845097128905));
#1530=CARTESIAN_POINT('',(0.171143031571216,0.062310485839861,0.0248532487146909));
#1531=CARTESIAN_POINT('',(0.171163045641526,0.0627811385552356,0.0237988673469366));
#1532=CARTESIAN_POINT('',(0.170985763229749,0.0586454642358453,0.02921));
#1533=CARTESIAN_POINT('',(0.170985763229749,0.0586454642358453,0.02921));
#1534=CARTESIAN_POINT('',(0.170926301096234,0.0572700217346861,0.0303347231062817));
#1535=CARTESIAN_POINT('',(0.17039006130006,0.0551196518325855,0.0317889681541783));
#1536=CARTESIAN_POINT('',(0.16940873941957,0.0519622085551083,0.033068681331727));
#1537=CARTESIAN_POINT('',(0.168981772571693,0.0498007482097343,0.0334314900564906));
#1538=CARTESIAN_POINT('',(0.169022183046151,0.0480151277963259,0.0332904200035271));
#1539=CARTESIAN_POINT('',(0.169244708255743,0.0463140021171778,0.0329134550389596));
#1540=CARTESIAN_POINT('',(0.169669439663396,0.0442801341687524,0.0321089013042041));
#1541=CARTESIAN_POINT('',(0.170054380763963,0.042032715366043,0.0308252836781294));
#1542=CARTESIAN_POINT('',(0.170125113886526,0.0406021707108908,0.0297705443114281));
#1543=CARTESIAN_POINT('',(0.17008583995708,0.0399145526539231,0.02921));
#1544=CARTESIAN_POINT('',(0.17008583995708,0.0399145526539231,0.02921));
#1545=CARTESIAN_POINT('',(0.17008583995708,0.039914552653923,0.02921));
#1546=CARTESIAN_POINT('',(0.170037189829442,0.0390627737076968,0.0285156321920822));
#1547=CARTESIAN_POINT('',(0.169946824181963,0.0375454861587562,0.0269726102212524));
#1548=CARTESIAN_POINT('',(0.169834258505142,0.03579570929962,0.0241597560146484));
#1549=CARTESIAN_POINT('',(0.169760493002064,0.0347227788757836,0.0210813590096065));
#1550=CARTESIAN_POINT('',(0.169733829787038,0.0343491544038073,0.017768452904736));
#1551=CARTESIAN_POINT('',(0.169759884462434,0.0347142055368029,0.0145238242048674));
#1552=CARTESIAN_POINT('',(0.169858961151065,0.0361539273999605,0.0103604602878706));
#1553=CARTESIAN_POINT('',(0.169988539233255,0.0382109865579802,0.00773874230329804));
#1554=CARTESIAN_POINT('',(0.17008583995708,0.0399145526539231,0.00635));
#1555=CARTESIAN_POINT('',(0.17008583995708,0.0399145526539231,0.00635));
#1556=CARTESIAN_POINT('',(0.170985763229749,0.0586454642358453,0.00635));
#1557=CARTESIAN_POINT('',(0.170926301096234,0.0572700217346861,0.00522527689371835));
#1558=CARTESIAN_POINT('',(0.17039006130006,0.0551196518325855,0.00377103184582177));
#1559=CARTESIAN_POINT('',(0.16940873941957,0.0519622085551083,0.00249131866827302));
#1560=CARTESIAN_POINT('',(0.168981772571692,0.0498007482097343,0.00212850994350938));
#1561=CARTESIAN_POINT('',(0.169022183046151,0.0480151277963259,0.00226957999647291));
#1562=CARTESIAN_POINT('',(0.169244708255743,0.0463140021171778,0.00264654496104037));
#1563=CARTESIAN_POINT('',(0.169669439663396,0.0442801341687524,0.00345109869579594));
#1564=CARTESIAN_POINT('',(0.170054380763963,0.042032715366043,0.00473471632187062));
#1565=CARTESIAN_POINT('',(0.170125113886526,0.0406021707108908,0.00578945568857186));
#1566=CARTESIAN_POINT('',(0.17008583995708,0.0399145526539231,0.00635));
#1567=CARTESIAN_POINT('',(0.170985763229749,0.0586454642358453,0.00635));
#1568=CARTESIAN_POINT('',(0.170985772210808,0.058645460839276,0.00635000367928332));
#1569=CARTESIAN_POINT('',(0.171024375464962,0.0595389558394553,0.00708061323156222));
#1570=CARTESIAN_POINT('',(0.171092293494771,0.0611198988789037,0.00871490052247972));
#1571=CARTESIAN_POINT('',(0.171143031460015,0.0623104832296119,0.0107067466615826));
#1572=CARTESIAN_POINT('',(0.17116304553095,0.0627811359549385,0.0117611268277412));
#1573=CARTESIAN_POINT('',(0.198598103020091,0.0483526114920694,0.01778));
#1574=CARTESIAN_POINT('',(0.102381431354165,0.0489085771962036,0.01778));
#1575=CARTESIAN_POINT('',(0.131008714276173,0.0318538084022441,0.01778));
#1576=CARTESIAN_POINT('',(0.131008714276173,0.0318538084022441,0.0167035104708838));
#1577=CARTESIAN_POINT('',(0.131091390436883,0.0320561073322807,0.014591366879692));
#1578=CARTESIAN_POINT('',(0.131455381580823,0.0329716633460912,0.0115019518977597));
#1579=CARTESIAN_POINT('',(0.132008121309696,0.034433800333377,0.00872399158846493));
#1580=CARTESIAN_POINT('',(0.13247879661102,0.0357711952755613,0.00708638159299212));
#1581=CARTESIAN_POINT('',(0.132728244113001,0.0365155298525927,0.00635));
#1582=CARTESIAN_POINT('',(0.131008714276174,0.0318538084022446,0.01778));
#1583=CARTESIAN_POINT('',(0.132728244113001,0.0365155298525927,0.00635));
#1584=CARTESIAN_POINT('',(0.131008714276173,0.0318538084022441,0.01778));
#1585=CARTESIAN_POINT('',(0.131008714276173,0.0318538084022441,0.0188564895291162));
#1586=CARTESIAN_POINT('',(0.131091390436883,0.0320561073322807,0.020968633120308));
#1587=CARTESIAN_POINT('',(0.131455381580823,0.0329716633460912,0.0240580481022403));
#1588=CARTESIAN_POINT('',(0.132008121309696,0.034433800333377,0.0268360084115351));
#1589=CARTESIAN_POINT('',(0.13247879661102,0.0357711952755613,0.0284736184070079));
#1590=CARTESIAN_POINT('',(0.132728244113001,0.0365155298525927,0.02921));
#1591=CARTESIAN_POINT('',(0.132728244113001,0.0365155298525927,0.02921));
#1592=CARTESIAN_POINT('',(0.132728244113001,0.0365155298525927,0.02921));
#1593=CARTESIAN_POINT('',(0.132944312220846,0.0371602625614197,0.0298478439398498));
#1594=CARTESIAN_POINT('',(0.133552757461377,0.0384396203916856,0.0310199054526868));
#1595=CARTESIAN_POINT('',(0.134619765732024,0.0400797398829094,0.0322695013052576));
#1596=CARTESIAN_POINT('',(0.135599720843094,0.0413879980911715,0.0331328411537174));
#1597=CARTESIAN_POINT('',(0.13639367159321,0.0423553479745652,0.0337183674496313));
#1598=CARTESIAN_POINT('',(0.137112398922669,0.0431383459725108,0.0341647278619248));
#1599=CARTESIAN_POINT('',(0.137761419585445,0.0437041631177111,0.0345196442358504));
#1600=CARTESIAN_POINT('',(0.138137697872232,0.0439307359527406,0.0347097532139667));
#1601=CARTESIAN_POINT('',(0.138341606637418,0.043983471648444,0.0348093199598651));
#1602=CARTESIAN_POINT('',(0.138341606637418,0.0439834716484439,0.0348093199598651));
#1603=CARTESIAN_POINT('',(0.139152157342131,0.0487168094610587,0.0347004487171087));
#1604=CARTESIAN_POINT('',(0.138607845740464,0.0471998754806688,0.0348218681243693));
#1605=CARTESIAN_POINT('',(0.138328390889524,0.0455991359508206,0.0348631556284945));
#1606=CARTESIAN_POINT('',(0.138341606637418,0.0439834716484439,0.0348093199598651));
#1607=CARTESIAN_POINT('',(0.139152157342131,0.0487168094610586,0.0347004487171087));
#1608=CARTESIAN_POINT('',(0.139152157342131,0.0487168094610584,0.0347004487171086));
#1609=CARTESIAN_POINT('',(0.138859251264031,0.0489563302689633,0.0345074275599016));
#1610=CARTESIAN_POINT('',(0.138487366336085,0.0496515467383154,0.0341519981242056));
#1611=CARTESIAN_POINT('',(0.138067583015838,0.0506983809107311,0.0336023787384835));
#1612=CARTESIAN_POINT('',(0.137734459627389,0.0517545693288045,0.0330085371273203));
#1613=CARTESIAN_POINT('',(0.13737278831321,0.0531438692634652,0.0321424276765925));
#1614=CARTESIAN_POINT('',(0.137079732252555,0.0548347897548004,0.0309101701804806));
#1615=CARTESIAN_POINT('',(0.137058917330358,0.0560826617896723,0.0297980696440657));
#1616=CARTESIAN_POINT('',(0.13712105501044,0.0566870006081767,0.02921));
#1617=CARTESIAN_POINT('',(0.13712105501044,0.0566870006081767,0.02921));
#1618=CARTESIAN_POINT('',(0.13712105501044,0.0566870006081767,0.02921));
#1619=CARTESIAN_POINT('',(0.137199749658534,0.0574523692313586,0.0284652355731053));
#1620=CARTESIAN_POINT('',(0.137319782290603,0.0587991124193778,0.0268509994320253));
#1621=CARTESIAN_POINT('',(0.137464988196267,0.0608302617230366,0.0230864480073169));
#1622=CARTESIAN_POINT('',(0.137497155775661,0.061462740954916,0.019920241274282));
#1623=CARTESIAN_POINT('',(0.137497155775659,0.0614627409548886,0.0177799999997921));
#1624=CARTESIAN_POINT('',(0.137497155775659,0.0614627409548886,0.01778));
#1625=CARTESIAN_POINT('',(0.13712105501044,0.0566870006081767,0.00635));
#1626=CARTESIAN_POINT('',(0.137199749658534,0.0574523692313586,0.0070947644268947));
#1627=CARTESIAN_POINT('',(0.137319782290603,0.0587991124193778,0.00870900056797473));
#1628=CARTESIAN_POINT('',(0.137464988196267,0.0608302617230366,0.0124735519926831));
#1629=CARTESIAN_POINT('',(0.137497155775661,0.061462740954916,0.015639758725718));
#1630=CARTESIAN_POINT('',(0.137497155775659,0.0614627409548886,0.0177800000002079));
#1631=CARTESIAN_POINT('',(0.13712105501044,0.0566870006081767,0.00635));
#1632=CARTESIAN_POINT('',(0.139152157342131,0.0487168094610584,0.000859551282891382));
#1633=CARTESIAN_POINT('',(0.138859251264031,0.0489563302689633,0.00105257244009844));
#1634=CARTESIAN_POINT('',(0.138487366336085,0.0496515467383154,0.00140800187579439));
#1635=CARTESIAN_POINT('',(0.138067583015838,0.0506983809107311,0.0019576212615165));
#1636=CARTESIAN_POINT('',(0.137734459627389,0.0517545693288045,0.0025514628726797));
#1637=CARTESIAN_POINT('',(0.13737278831321,0.0531438692634653,0.00341757232340751));
#1638=CARTESIAN_POINT('',(0.137079732252554,0.0548347897548004,0.00464982981951941));
#1639=CARTESIAN_POINT('',(0.137058917330358,0.0560826617896723,0.00576193035593425));
#1640=CARTESIAN_POINT('',(0.13712105501044,0.0566870006081767,0.00635));
#1641=CARTESIAN_POINT('',(0.139152157342131,0.0487168094610586,0.000859551282891308));
#1642=CARTESIAN_POINT('',(0.139152157342131,0.0487168094610587,0.000859551282891301));
#1643=CARTESIAN_POINT('',(0.138607845740464,0.0471998754806688,0.000738131875630711));
#1644=CARTESIAN_POINT('',(0.138328390889524,0.0455991359508206,0.000696844371505448));
#1645=CARTESIAN_POINT('',(0.138341606637418,0.0439834716484439,0.000750680040134934));
#1646=CARTESIAN_POINT('',(0.138341606637418,0.0439834716484439,0.000750680040134941));
#1647=CARTESIAN_POINT('',(0.132728244113001,0.0365155298525927,0.00635));
#1648=CARTESIAN_POINT('',(0.132944312220846,0.0371602625614197,0.00571215606015018));
#1649=CARTESIAN_POINT('',(0.133552757461377,0.0384396203916856,0.00454009454731324));
#1650=CARTESIAN_POINT('',(0.134619765732024,0.0400797398829094,0.00329049869474239));
#1651=CARTESIAN_POINT('',(0.135599720843094,0.0413879980911715,0.00242715884628264));
#1652=CARTESIAN_POINT('',(0.13639367159321,0.0423553479745653,0.00184163255036869));
#1653=CARTESIAN_POINT('',(0.137112398922669,0.0431383459725108,0.00139527213807515));
#1654=CARTESIAN_POINT('',(0.137761419585444,0.0437041631177111,0.00104035576414958));
#1655=CARTESIAN_POINT('',(0.138137697872232,0.0439307359527406,0.000850246786033304));
#1656=CARTESIAN_POINT('',(0.138341606637418,0.043983471648444,0.000750680040134944));
#1657=CARTESIAN_POINT('',(0.102381431354165,0.0489085771962036,0.01778));
#1658=CARTESIAN_POINT('',(0.169393416378873,0.0301653099990383,0.02921));
#1659=CARTESIAN_POINT('',(0.169393416378873,0.0301653099990383,0.00635));
#1660=CARTESIAN_POINT('',(0.169519177256271,0.0314997923262259,0.02921));
#1661=CARTESIAN_POINT('',(0.169519177256271,0.0314997923262259,0.00635));
#1662=CARTESIAN_POINT('',(0.16975341217895,0.0344194589755045,0.02921));
#1663=CARTESIAN_POINT('',(0.16975341217895,0.0344194589755045,0.00635));
#1664=CARTESIAN_POINT('',(0.169979010420247,0.038040206810848,0.02921));
#1665=CARTESIAN_POINT('',(0.169979010420247,0.038040206810848,0.00635));
#1666=CARTESIAN_POINT('',(0.170089805597097,0.0399840560445999,0.02921));
#1667=CARTESIAN_POINT('',(0.170089805597097,0.0399840560445999,0.00635));
#1668=CARTESIAN_POINT('',(0.169393416378873,0.0301653099990383,0.02921));
#1669=CARTESIAN_POINT('',(0.169699175448829,0.0334098013199996,0.02921));
#1670=CARTESIAN_POINT('',(0.169900047368955,0.0366616482400157,0.02921));
#1671=CARTESIAN_POINT('',(0.17008583995708,0.0399145526539231,0.02921));
#1672=CARTESIAN_POINT('',(0.169393416378873,0.0301653099990383,0.02921));
#1673=CARTESIAN_POINT('',(0.169393416378873,0.0301653099990383,0.03556));
#1674=CARTESIAN_POINT('',(0.169393416378873,0.0301653099990383,0.00635));
#1675=CARTESIAN_POINT('',(0.169393416378873,0.0301653099990383,0.00635));
#1676=CARTESIAN_POINT('',(0.169699175448829,0.0334098013199996,0.00635));
#1677=CARTESIAN_POINT('',(0.169900047368955,0.0366616482400157,0.00635));
#1678=CARTESIAN_POINT('',(0.17008583995708,0.0399145526539231,0.00635));
#1679=CARTESIAN_POINT('',(-85.0928205958364,3.69482624273544,0.024638));
#1680=CARTESIAN_POINT('',(0.171409993835256,0.06858,0.00635));
#1681=CARTESIAN_POINT('',(0.171410256480679,0.06858,0.00635));
#1682=CARTESIAN_POINT('',(0.171410256480679,0.06858,0.02921));
#1683=CARTESIAN_POINT('',(0.171163147537958,0.062781107145417,0.02921));
#1684=CARTESIAN_POINT('',(0.171245583149184,0.0647140685807276,0.02921));
#1685=CARTESIAN_POINT('',(0.171327610472269,0.0666470476535949,0.02921));
#1686=CARTESIAN_POINT('',(0.17141025648068,0.06858,0.02921));
#1687=CARTESIAN_POINT('',(0.171163109163283,0.0627811286060425,0.02921));
#1688=CARTESIAN_POINT('',(0.171163147537958,0.062781107145417,0.));
#1689=CARTESIAN_POINT('',(0.171163147537958,0.062781107145417,0.03556));
#1690=CARTESIAN_POINT('',(0.171163109163283,0.0627811286060425,0.00635));
#1691=CARTESIAN_POINT('',(0.171163147537958,0.062781107145417,0.00635));
#1692=CARTESIAN_POINT('',(0.171245583149184,0.0647140685807276,0.00635));
#1693=CARTESIAN_POINT('',(0.171327610472269,0.0666470476535949,0.00635000000000001));
#1694=CARTESIAN_POINT('',(0.17141025648068,0.06858,0.00635000000000001));
#1695=CARTESIAN_POINT('',(0.137497155775659,0.0614627409548886,0.02921));
#1696=CARTESIAN_POINT('',(0.137497155775659,0.0614627409548886,0.00635));
#1697=CARTESIAN_POINT('',(0.137634888997258,0.0638806332113505,0.02921));
#1698=CARTESIAN_POINT('',(0.137634888997258,0.0638806332113505,0.00635));
#1699=CARTESIAN_POINT('',(0.137698361176581,0.0662302284774801,0.02921));
#1700=CARTESIAN_POINT('',(0.137698361176581,0.0662302284774801,0.00635));
#1701=CARTESIAN_POINT('',(0.13775305604025,0.06858,0.02921));
#1702=CARTESIAN_POINT('',(0.13775305604025,0.06858,0.00635));
#1703=CARTESIAN_POINT('',(0.137497155775659,0.0614627409548886,0.03556));
#1704=CARTESIAN_POINT('',(0.137497155775659,0.0614627409548886,0.00635));
#1705=CARTESIAN_POINT('',(0.137497155775659,0.0614627409548886,0.));
#1706=CARTESIAN_POINT('',(0.137497155775659,0.0614627409548886,0.02921));
#1707=CARTESIAN_POINT('',(0.13775305604025,0.06858,0.02921));
#1708=CARTESIAN_POINT('',(0.137697811735024,0.0662066236627455,0.02921));
#1709=CARTESIAN_POINT('',(0.137632208481813,0.0638335770439049,0.02921));
#1710=CARTESIAN_POINT('',(0.137497155775659,0.0614627409548886,0.02921));
#1711=CARTESIAN_POINT('',(0.13775305604025,0.06858,0.02921));
#1712=CARTESIAN_POINT('',(0.13775305604025,0.06858,0.01778));
#1713=CARTESIAN_POINT('',(0.13775305604025,0.06858,0.00635));
#1714=CARTESIAN_POINT('',(0.13775305604025,0.06858,0.00635));
#1715=CARTESIAN_POINT('',(0.137697811735024,0.0662066236627455,0.00635));
#1716=CARTESIAN_POINT('',(0.137632208481813,0.0638335770439049,0.00635));
#1717=CARTESIAN_POINT('',(0.137497155775659,0.0614627409548886,0.00635));
#1718=CARTESIAN_POINT('',(0.0639376196588609,-0.0151971949026116,0.02921));
#1719=CARTESIAN_POINT('',(0.0639376196588609,-0.0151971949026116,0.00635));
#1720=CARTESIAN_POINT('',(0.0674870328512391,-0.0146388685880949,0.02921));
#1721=CARTESIAN_POINT('',(0.0674870328512391,-0.0146388685880949,0.00635));
#1722=CARTESIAN_POINT('',(0.0745719260710568,-0.0132785147744893,0.02921));
#1723=CARTESIAN_POINT('',(0.0745719260710568,-0.0132785147744893,0.00634999999999999));
#1724=CARTESIAN_POINT('',(0.0851250886643325,-0.00981709714937796,0.02921));
#1725=CARTESIAN_POINT('',(0.0851250886643325,-0.00981709714937796,0.00635000000000001));
#1726=CARTESIAN_POINT('',(0.0951007880829639,-0.00495935515779192,0.02921));
#1727=CARTESIAN_POINT('',(0.0951007880829639,-0.00495935515779192,0.00635));
#1728=CARTESIAN_POINT('',(0.102418252674507,0.000320280197822238,0.02921));
#1729=CARTESIAN_POINT('',(0.102418252674507,0.000320280197822238,0.00634999999999999));
#1730=CARTESIAN_POINT('',(0.107794107284079,0.00482156153247606,0.02921));
#1731=CARTESIAN_POINT('',(0.107794107284079,0.00482156153247606,0.00635));
#1732=CARTESIAN_POINT('',(0.111649448257497,0.00819056221243697,0.02921));
#1733=CARTESIAN_POINT('',(0.111649448257497,0.00819056221243697,0.00635));
#1734=CARTESIAN_POINT('',(0.115386355680611,0.0113736205557797,0.02921));
#1735=CARTESIAN_POINT('',(0.115386355680611,0.0113736205557797,0.00634999999999999));
#1736=CARTESIAN_POINT('',(0.120215897180927,0.0154505001799132,0.02921));
#1737=CARTESIAN_POINT('',(0.120215897180927,0.0154505001799132,0.00635));
#1738=CARTESIAN_POINT('',(0.124676337786902,0.0199577774417127,0.02921));
#1739=CARTESIAN_POINT('',(0.124676337786902,0.0199577774417127,0.00634999999999998));
#1740=CARTESIAN_POINT('',(0.128530302415185,0.026217486595427,0.02921));
#1741=CARTESIAN_POINT('',(0.128530302415185,0.026217486595427,0.00635));
#1742=CARTESIAN_POINT('',(0.130224592341783,0.0299212469840282,0.02921));
#1743=CARTESIAN_POINT('',(0.130224592341783,0.0299212469840282,0.00635));
#1744=CARTESIAN_POINT('',(0.131008714276173,0.0318538084022441,0.02921));
#1745=CARTESIAN_POINT('',(0.131008714276173,0.0318538084022441,0.00635));
#1746=CARTESIAN_POINT('',(0.131008714276173,0.0318538084022441,0.02921));
#1747=CARTESIAN_POINT('',(0.130342046691065,0.0302107271450458,0.02921));
#1748=CARTESIAN_POINT('',(0.128896850332535,0.0269900939461892,0.02921));
#1749=CARTESIAN_POINT('',(0.126283786173003,0.0224378848653489,0.02921));
#1750=CARTESIAN_POINT('',(0.122984733774679,0.0182608728125654,0.02921));
#1751=CARTESIAN_POINT('',(0.119157308901599,0.0145417303885521,0.02921));
#1752=CARTESIAN_POINT('',(0.115118684982566,0.011155758783636,0.02921));
#1753=CARTESIAN_POINT('',(0.11110847357134,0.00771683931241485,0.02921));
#1754=CARTESIAN_POINT('',(0.107125791792691,0.00424703808908495,0.02921));
#1755=CARTESIAN_POINT('',(0.101702766577112,-0.000237024522459395,0.02921));
#1756=CARTESIAN_POINT('',(0.0945056723641766,-0.00528748014801786,0.02921));
#1757=CARTESIAN_POINT('',(0.0847435335276183,-0.00995509862995475,0.02921));
#1758=CARTESIAN_POINT('',(0.0744703941166738,-0.0132945316065482,0.02921));
#1759=CARTESIAN_POINT('',(0.0674639703319751,-0.0146424963458921,0.02921));
#1760=CARTESIAN_POINT('',(0.063937619658861,-0.0151971949026115,0.02921));
#1761=CARTESIAN_POINT('',(0.131008714276174,0.0318538084022447,0.02921));
#1762=CARTESIAN_POINT('',(0.131008714276174,0.0318538084022447,0.));
#1763=CARTESIAN_POINT('',(0.131008714276174,0.0318538084022447,0.03556));
#1764=CARTESIAN_POINT('',(0.131008714276174,0.0318538084022447,0.00635));
#1765=CARTESIAN_POINT('',(0.131008714276173,0.0318538084022441,0.00635));
#1766=CARTESIAN_POINT('',(0.130342046691065,0.0302107271450458,0.00635));
#1767=CARTESIAN_POINT('',(0.128896850332535,0.0269900939461892,0.00635));
#1768=CARTESIAN_POINT('',(0.126283786173003,0.0224378848653489,0.00635000000000001));
#1769=CARTESIAN_POINT('',(0.122984733774679,0.0182608728125654,0.00634999999999998));
#1770=CARTESIAN_POINT('',(0.119157308901599,0.0145417303885521,0.00635));
#1771=CARTESIAN_POINT('',(0.115118684982566,0.011155758783636,0.00635000000000001));
#1772=CARTESIAN_POINT('',(0.11110847357134,0.00771683931241485,0.00634999999999998));
#1773=CARTESIAN_POINT('',(0.107125791792691,0.00424703808908495,0.00635));
#1774=CARTESIAN_POINT('',(0.101702766577112,-0.000237024522459395,0.00634999999999999));
#1775=CARTESIAN_POINT('',(0.0945056723641766,-0.00528748014801786,0.00635000000000001));
#1776=CARTESIAN_POINT('',(0.0847435335276183,-0.00995509862995475,0.00635));
#1777=CARTESIAN_POINT('',(0.0744703941166738,-0.0132945316065482,0.00635));
#1778=CARTESIAN_POINT('',(0.0674639703319751,-0.0146424963458921,0.00635000000000001));
#1779=CARTESIAN_POINT('',(0.063937619658861,-0.0151971949026115,0.00635000000000001));
#1780=CARTESIAN_POINT('',(0.0703129254302458,-0.064685020343438,0.02921));
#1781=CARTESIAN_POINT('',(0.0703129254302458,-0.064685020343438,0.00635));
#1782=CARTESIAN_POINT('',(0.0743250634251603,-0.0634344738749497,0.02921));
#1783=CARTESIAN_POINT('',(0.0743250634251603,-0.0634344738749497,0.00635));
#1784=CARTESIAN_POINT('',(0.0823433323482597,-0.0609309270040278,0.02921));
#1785=CARTESIAN_POINT('',(0.0823433323482597,-0.0609309270040278,0.00635));
#1786=CARTESIAN_POINT('',(0.0938642793577382,-0.0569687642787509,0.02921));
#1787=CARTESIAN_POINT('',(0.0938642793577382,-0.0569687642787509,0.00634999999999999));
#1788=CARTESIAN_POINT('',(0.102633038238843,-0.0533271367381135,0.02921));
#1789=CARTESIAN_POINT('',(0.102633038238843,-0.0533271367381135,0.00634999999999999));
#1790=CARTESIAN_POINT('',(0.108909040582659,-0.0501120333447503,0.02921));
#1791=CARTESIAN_POINT('',(0.108909040582659,-0.0501120333447503,0.00635));
#1792=CARTESIAN_POINT('',(0.114594277113854,-0.0466555737958283,0.02921));
#1793=CARTESIAN_POINT('',(0.114594277113854,-0.0466555737958283,0.00634999999999999));
#1794=CARTESIAN_POINT('',(0.12071996861319,-0.0419362671665628,0.02921));
#1795=CARTESIAN_POINT('',(0.12071996861319,-0.0419362671665628,0.00634999999999999));
#1796=CARTESIAN_POINT('',(0.127097297989806,-0.0358896799367815,0.02921));
#1797=CARTESIAN_POINT('',(0.127097297989806,-0.0358896799367815,0.00635));
#1798=CARTESIAN_POINT('',(0.13314261526986,-0.0297248229337065,0.02921));
#1799=CARTESIAN_POINT('',(0.13314261526986,-0.0297248229337065,0.00635));
#1800=CARTESIAN_POINT('',(0.139169515528083,-0.0236102963844223,0.02921));
#1801=CARTESIAN_POINT('',(0.139169515528083,-0.0236102963844223,0.00634999999999999));
#1802=CARTESIAN_POINT('',(0.145201799154208,-0.0176160182671899,0.02921));
#1803=CARTESIAN_POINT('',(0.145201799154208,-0.0176160182671899,0.00634999999999999));
#1804=CARTESIAN_POINT('',(0.151377812885791,-0.0118847588908999,0.02921));
#1805=CARTESIAN_POINT('',(0.151377812885791,-0.0118847588908999,0.00634999999999999));
#1806=CARTESIAN_POINT('',(0.156182369680568,-0.00687632104011398,0.02921));
#1807=CARTESIAN_POINT('',(0.156182369680568,-0.00687632104011398,0.00634999999999999));
#1808=CARTESIAN_POINT('',(0.159511754555988,-0.00243104141699747,0.02921));
#1809=CARTESIAN_POINT('',(0.159511754555988,-0.00243104141699747,0.00635));
#1810=CARTESIAN_POINT('',(0.161665903794154,0.00121700592769093,0.02921));
#1811=CARTESIAN_POINT('',(0.161665903794154,0.00121700592769093,0.00635));
#1812=CARTESIAN_POINT('',(0.1634654358635,0.00512591175145811,0.02921));
#1813=CARTESIAN_POINT('',(0.1634654358635,0.00512591175145811,0.00635));
#1814=CARTESIAN_POINT('',(0.164956524497566,0.00912971299846181,0.02921));
#1815=CARTESIAN_POINT('',(0.164956524497566,0.00912971299846181,0.00634999999999999));
#1816=CARTESIAN_POINT('',(0.166172207925711,0.0130839700259078,0.02921));
#1817=CARTESIAN_POINT('',(0.166172207925711,0.0130839700259078,0.00635));
#1818=CARTESIAN_POINT('',(0.167149133392022,0.0168531776476159,0.02921));
#1819=CARTESIAN_POINT('',(0.167149133392022,0.0168531776476159,0.00634999999999998));
#1820=CARTESIAN_POINT('',(0.167922647585853,0.0202445694378985,0.02921));
#1821=CARTESIAN_POINT('',(0.167922647585853,0.0202445694378985,0.00634999999999999));
#1822=CARTESIAN_POINT('',(0.168732494571808,0.024374218785265,0.02921));
#1823=CARTESIAN_POINT('',(0.168732494571808,0.024374218785265,0.00635));
#1824=CARTESIAN_POINT('',(0.169149041503628,0.0275721827962796,0.02921));
#1825=CARTESIAN_POINT('',(0.169149041503628,0.0275721827962796,0.00634999999999999));
#1826=CARTESIAN_POINT('',(0.169393416378873,0.0301653099990383,0.02921));
#1827=CARTESIAN_POINT('',(0.169393416378873,0.0301653099990383,0.00634999999999999));
#1828=CARTESIAN_POINT('',(0.0703129255027298,-0.0646850203208454,0.02921));
#1829=CARTESIAN_POINT('',(0.0761542235832935,-0.0628643414968755,0.02921));
#1830=CARTESIAN_POINT('',(0.0849161894748375,-0.060134472572396,0.02921));
#1831=CARTESIAN_POINT('',(0.0963917235127324,-0.0559494126536931,0.02921));
#1832=CARTESIAN_POINT('',(0.103408552121651,-0.0529371249000746,0.02921));
#1833=CARTESIAN_POINT('',(0.108873475860313,-0.0501184609675599,0.02921));
#1834=CARTESIAN_POINT('',(0.114168080004144,-0.046931273233157,0.02921));
#1835=CARTESIAN_POINT('',(0.120213503922912,-0.0423777563889785,0.02921));
#1836=CARTESIAN_POINT('',(0.126813117258154,-0.0361836277823153,0.02921));
#1837=CARTESIAN_POINT('',(0.13315280230825,-0.0297139834561445,0.02921));
#1838=CARTESIAN_POINT('',(0.139509572152772,-0.0232616337669147,0.02921));
#1839=CARTESIAN_POINT('',(0.145948765312466,-0.016897530154228,0.02921));
#1840=CARTESIAN_POINT('',(0.151479970404517,-0.0117768715913717,0.02921));
#1841=CARTESIAN_POINT('',(0.155642179631925,-0.00738686254474495,0.02921));
#1842=CARTESIAN_POINT('',(0.158519539725613,-0.00385539394211926,0.02921));
#1843=CARTESIAN_POINT('',(0.160961756486235,-0.000104952203918453,0.02921));
#1844=CARTESIAN_POINT('',(0.16360994134117,0.0052350734180086,0.02921));
#1845=CARTESIAN_POINT('',(0.165606704134543,0.0109611130890609,0.02921));
#1846=CARTESIAN_POINT('',(0.167140329718162,0.0167845867597585,0.02921));
#1847=CARTESIAN_POINT('',(0.168140736253808,0.0211891075671565,0.02921));
#1848=CARTESIAN_POINT('',(0.168918002553788,0.0256512076706208,0.02921));
#1849=CARTESIAN_POINT('',(0.169251529567227,0.0286597110677932,0.02921));
#1850=CARTESIAN_POINT('',(0.169393416378873,0.0301653099990383,0.02921));
#1851=CARTESIAN_POINT('',(0.0703129255027298,-0.0646850203208454,0.02921));
#1852=CARTESIAN_POINT('',(0.0703129255027296,-0.0646850203208455,0.02921));
#1853=CARTESIAN_POINT('',(0.0703129255027298,-0.0646850203208454,0.00635));
#1854=CARTESIAN_POINT('',(0.0703129255027298,-0.0646850203208454,0.00635));
#1855=CARTESIAN_POINT('',(0.0761542235832935,-0.0628643414968755,0.00635));
#1856=CARTESIAN_POINT('',(0.0849161894748375,-0.060134472572396,0.00635));
#1857=CARTESIAN_POINT('',(0.0963917235127324,-0.0559494126536931,0.00635000000000001));
#1858=CARTESIAN_POINT('',(0.103408552121651,-0.0529371249000746,0.00634999999999999));
#1859=CARTESIAN_POINT('',(0.108873475860313,-0.0501184609675599,0.00635000000000002));
#1860=CARTESIAN_POINT('',(0.114168080004144,-0.046931273233157,0.00634999999999999));
#1861=CARTESIAN_POINT('',(0.120213503922912,-0.0423777563889785,0.00634999999999999));
#1862=CARTESIAN_POINT('',(0.126813117258154,-0.0361836277823153,0.00635000000000001));
#1863=CARTESIAN_POINT('',(0.13315280230825,-0.0297139834561445,0.00634999999999999));
#1864=CARTESIAN_POINT('',(0.139509572152772,-0.0232616337669147,0.00635000000000003));
#1865=CARTESIAN_POINT('',(0.145948765312466,-0.016897530154228,0.00634999999999998));
#1866=CARTESIAN_POINT('',(0.151479970404517,-0.0117768715913717,0.00635));
#1867=CARTESIAN_POINT('',(0.155642179631925,-0.00738686254474495,0.00635000000000002));
#1868=CARTESIAN_POINT('',(0.158519539725613,-0.00385539394211926,0.00635));
#1869=CARTESIAN_POINT('',(0.160961756486235,-0.000104952203918453,0.00634999999999998));
#1870=CARTESIAN_POINT('',(0.16360994134117,0.0052350734180086,0.00635));
#1871=CARTESIAN_POINT('',(0.165606704134543,0.0109611130890609,0.00634999999999999));
#1872=CARTESIAN_POINT('',(0.167140329718162,0.0167845867597585,0.00635000000000002));
#1873=CARTESIAN_POINT('',(0.168140736253808,0.0211891075671565,0.00635));
#1874=CARTESIAN_POINT('',(0.168918002553788,0.0256512076706208,0.00635));
#1875=CARTESIAN_POINT('',(0.169251529567227,0.0286597110677932,0.00635));
#1876=CARTESIAN_POINT('',(0.169393416378873,0.0301653099990383,0.00635));
#1877=CARTESIAN_POINT('',(0.0694202122221048,-0.061820921335371,0.00635));
#1878=CARTESIAN_POINT('',(0.0694202122221048,-0.061820921335371,0.02921));
#1879=CARTESIAN_POINT('',(0.0694202122221048,-0.064820921335371,0.02921));
#1880=CARTESIAN_POINT('',(0.0694202122221048,-0.064820921335371,0.00635));
#1881=CARTESIAN_POINT('',(0.0694202122221048,-0.064820921335371,0.0267327703640035));
#1882=CARTESIAN_POINT('',(0.0694202122221048,-0.064820921335371,0.0267327703640036));
#1883=CARTESIAN_POINT('',(0.0698796000919849,-0.064820921335371,0.0237697659130314));
#1884=CARTESIAN_POINT('',(0.0702668059826481,-0.0646770604336184,0.017779127304264));
#1885=CARTESIAN_POINT('',(0.0698796359597497,-0.0648209213353731,0.0117904654303559));
#1886=CARTESIAN_POINT('',(0.0694202122221052,-0.0648209213353731,0.00882722963599649));
#1887=CARTESIAN_POINT('',(0.0694202122221048,-0.064820921335371,0.00882722963599649));
#1888=CARTESIAN_POINT('',(0.0694202122221048,-0.064820921335371,0.02921));
#1889=CARTESIAN_POINT('',(0.0694202122221048,-0.064820921335371,0.00635));
#1890=CARTESIAN_POINT('',(0.0694202122221048,-0.061820921335371,0.00635));
#1891=CARTESIAN_POINT('',(0.0632015794841193,-0.071820921335371,0.0120410446384593));
#1892=CARTESIAN_POINT('',(0.0632015794841193,-0.064820921335371,0.0120410446384593));
#1893=CARTESIAN_POINT('',(0.0694202122221048,-0.064820921335371,0.00882722963599648));
#1894=CARTESIAN_POINT('',(0.0636622288513431,-0.0718209213317544,0.0129323869321366));
#1895=CARTESIAN_POINT('',(0.0635452271993934,-0.0652539772612524,0.0127059923402063));
#1896=CARTESIAN_POINT('',(0.0696357961257795,-0.064820921335371,0.0102177236144452));
#1897=CARTESIAN_POINT('',(0.0643547614166784,-0.0716751656635395,0.0147842425018949));
#1898=CARTESIAN_POINT('',(0.0642849191592464,-0.0658182536551382,0.0144316749468046));
#1899=CARTESIAN_POINT('',(0.0699599013666293,-0.0647771946333145,0.0131066183028048));
#1900=CARTESIAN_POINT('',(0.0646558694745615,-0.0715589689865079,0.0172879357420376));
#1901=CARTESIAN_POINT('',(0.064670081076233,-0.0660073286826545,0.0172401257019963));
#1902=CARTESIAN_POINT('',(0.0701008199376253,-0.0647423356307503,0.0170123797576045));
#1903=CARTESIAN_POINT('',(0.0645391163545431,-0.0716022824671528,0.0192570884681562));
#1904=CARTESIAN_POINT('',(0.0645255641385522,-0.065933057151982,0.0194120821343668));
#1905=CARTESIAN_POINT('',(0.0700461794774574,-0.0647553296749382,0.0200842580103074));
#1906=CARTESIAN_POINT('',(0.0641828469462771,-0.0717126249308783,0.0212345027408179));
#1907=CARTESIAN_POINT('',(0.0641058942905879,-0.0656846649680346,0.0215398104898233));
#1908=CARTESIAN_POINT('',(0.0698794453944355,-0.0647884324137893,0.0231690242757479));
#1909=CARTESIAN_POINT('',(0.0636621749503626,-0.0718209213317982,0.0226277173645954));
#1910=CARTESIAN_POINT('',(0.0635451882324598,-0.0652539281562768,0.0228540830595194));
#1911=CARTESIAN_POINT('',(0.0696357709001197,-0.064820921335371,0.0253424390884576));
#1912=CARTESIAN_POINT('',(0.0632015794841193,-0.071820921335371,0.0235189553615408));
#1913=CARTESIAN_POINT('',(0.0632015794841193,-0.064820921335371,0.0235189553615408));
#1914=CARTESIAN_POINT('',(0.0694202122221048,-0.064820921335371,0.0267327703640036));
#1915=CARTESIAN_POINT('',(0.0694202122221048,-0.071820921335371,0.0267327703640035));
#1916=CARTESIAN_POINT('',(0.0694202122221048,-0.071820921335371,0.00882722963599649));
#1917=CARTESIAN_POINT('',(0.0520968781662881,-0.0658718529859515,0.04318));
#1918=CARTESIAN_POINT('',(0.0520968781662881,-0.0405090507220264,0.02871));
#1919=CARTESIAN_POINT('',(0.0520968781662881,-0.0229336984600984,0.02871));
#1920=CARTESIAN_POINT('',(0.0520968781662881,-0.0580844029839544,0.02871));
#1921=CARTESIAN_POINT('',(0.0520968781662881,-0.0580844029839544,0.01778));
#1922=CARTESIAN_POINT('',(0.0520968781662881,-0.0580844029839544,0.00685));
#1923=CARTESIAN_POINT('',(0.0520968781662881,-0.0405090507220264,0.00685));
#1924=CARTESIAN_POINT('',(0.0520968781662881,-0.0229336984600984,0.00685));
#1925=CARTESIAN_POINT('',(0.0520968781662881,-0.0229336984600984,0.01778));
#1926=CARTESIAN_POINT('',(0.0520968781662881,-0.0706369068163028,0.03728));
#1927=CARTESIAN_POINT('',(0.0520968781662881,-0.0644657169796505,0.033976));
#1928=CARTESIAN_POINT('',(0.0520968781662881,-0.061820921335371,0.03256));
#1929=CARTESIAN_POINT('',(0.0520968781662881,-0.0618209213353674,0.03556));
#1930=CARTESIAN_POINT('',(0.0520968781662881,0.0798709325967918,0.03556));
#1931=CARTESIAN_POINT('',(0.0520968781662881,-0.0231477733711857,0.03556));
#1932=CARTESIAN_POINT('',(0.0520968781662881,-0.016122784636532,0.02921));
#1933=CARTESIAN_POINT('',(0.0520968781662881,-0.016122784636532,0.0309744631424892));
#1934=CARTESIAN_POINT('',(0.0520968781662881,-0.0179039001207332,0.0342970404637694));
#1935=CARTESIAN_POINT('',(0.0520968781662881,-0.0213889793301468,0.0355599928569358));
#1936=CARTESIAN_POINT('',(0.0520968781662881,-0.02314774287269,0.0355599999999381));
#1937=CARTESIAN_POINT('',(0.0520968781662881,-0.016122784636532,0.00635));
#1938=CARTESIAN_POINT('',(0.0520968781662881,-0.016122784636532,0.00458553685751084));
#1939=CARTESIAN_POINT('',(0.0520968781662881,-0.0179039001207332,0.00126295953623059));
#1940=CARTESIAN_POINT('',(0.0520968781662881,-0.0213889793301468,7.14306421264567E-9));
#1941=CARTESIAN_POINT('',(0.0520968781662881,-0.02314774287269,6.19226891984681E-14));
#1942=CARTESIAN_POINT('',(0.0520968781662881,-0.0231477733711857,0.));
#1943=CARTESIAN_POINT('',(0.0520968781662881,0.0798709325967918,0.));
#1944=CARTESIAN_POINT('',(0.0520968781662881,-0.0618209213353674,0.));
#1945=CARTESIAN_POINT('',(0.0520968781662881,-0.061820921335371,0.003));
#1946=CARTESIAN_POINT('',(0.0520968781662881,-0.0644657169796505,0.001584));
#1947=CARTESIAN_POINT('',(0.0520968781662881,-0.0706369068163028,-0.00171999999999997));
#1948=CARTESIAN_POINT('',(0.0520968781662881,-0.0229336984600984,0.01778));
#1949=CARTESIAN_POINT('',(0.0393968781662881,-0.0229336984600984,0.01778));
#1950=CARTESIAN_POINT('',(0.0393968781662881,-0.0229336984600984,0.02871));
#1951=CARTESIAN_POINT('',(0.0393968781662881,-0.0229336984600984,0.00685));
#1952=CARTESIAN_POINT('',(0.0520968781662881,-0.0229336984600984,0.02871));
#1953=CARTESIAN_POINT('',(0.0520968781662881,-0.0229336984600984,0.00685));
#1954=CARTESIAN_POINT('',(0.0520968781662881,-0.0580844029839544,0.01778));
#1955=CARTESIAN_POINT('',(0.0520968781662881,-0.0580844029839544,0.02871));
#1956=CARTESIAN_POINT('',(0.0393968781662881,-0.0580844029839544,0.02871));
#1957=CARTESIAN_POINT('',(0.0393968781662881,-0.0580844029839544,0.01778));
#1958=CARTESIAN_POINT('',(0.0393968781662881,-0.0580844029839544,0.00685));
#1959=CARTESIAN_POINT('',(0.0520968781662881,-0.0580844029839544,0.00685));
#1960=CARTESIAN_POINT('',(0.0393968781662881,-0.0656793827128547,0.01778));
#1961=CARTESIAN_POINT('',(0.0393968781662881,-0.0405090507220264,0.02871));
#1962=CARTESIAN_POINT('',(0.0393968781662881,-0.0405090507220264,0.00685));
#1963=CARTESIAN_POINT('',(0.,0.06858,0.));
#1964=CARTESIAN_POINT('',(0.171410256480679,0.06858,0.02921));
#1965=CARTESIAN_POINT('',(0.171410256480679,0.06858,0.0300489315166097));
#1966=CARTESIAN_POINT('',(0.171078593047885,0.06858,0.0317005986393694));
#1967=CARTESIAN_POINT('',(0.169195066555288,0.06858,0.0345268281611102));
#1968=CARTESIAN_POINT('',(0.166732278780379,0.06858,0.0355599999999999));
#1969=CARTESIAN_POINT('',(0.165054458868633,0.06858,0.03556));
#1970=CARTESIAN_POINT('',(0.165054458868633,0.068580000000005,0.03556));
#1971=CARTESIAN_POINT('',(0.171410256480679,0.06858,0.00635));
#1972=CARTESIAN_POINT('',(0.171410256480679,0.06858,0.00551106848339026));
#1973=CARTESIAN_POINT('',(0.171078593047885,0.06858,0.00385940136063061));
#1974=CARTESIAN_POINT('',(0.169195066555288,0.06858,0.00103317183888973));
#1975=CARTESIAN_POINT('',(0.166732278780379,0.06858,1.03960958766059E-16));
#1976=CARTESIAN_POINT('',(0.165054458868633,0.06858,1.28946207030368E-18));
#1977=CARTESIAN_POINT('',(0.165054458868633,0.068580000000005,0.));
#1978=CARTESIAN_POINT('',(0.0520968781662881,0.06858,0.));
#1979=CARTESIAN_POINT('',(0.144104765112451,0.06858,0.));
#1980=CARTESIAN_POINT('',(0.14410476511245,0.06858,0.));
#1981=CARTESIAN_POINT('',(0.143266109024297,0.06858,7.33145904574694E-18));
#1982=CARTESIAN_POINT('',(0.14161496772729,0.06858,0.0003309291034482));
#1983=CARTESIAN_POINT('',(0.138788017125217,0.06858,0.00221124581896148));
#1984=CARTESIAN_POINT('',(0.13775305604025,0.06858,0.00467267511838192));
#1985=CARTESIAN_POINT('',(0.13775305604025,0.06858,0.00635));
#1986=CARTESIAN_POINT('',(0.14410476511245,0.06858,0.03556));
#1987=CARTESIAN_POINT('',(0.143266109024297,0.06858,0.03556));
#1988=CARTESIAN_POINT('',(0.14161496772729,0.06858,0.0352290708965518));
#1989=CARTESIAN_POINT('',(0.138788017125217,0.06858,0.0333487541810385));
#1990=CARTESIAN_POINT('',(0.13775305604025,0.06858,0.0308873248816181));
#1991=CARTESIAN_POINT('',(0.13775305604025,0.06858,0.02921));
#1992=CARTESIAN_POINT('',(0.144104765112451,0.06858,0.03556));
#1993=CARTESIAN_POINT('',(0.0520968781662881,0.06858,0.03556));
#1994=CARTESIAN_POINT('',(0.052096878166288,0.06858,0.02901));
#1995=CARTESIAN_POINT('',(0.162199570290491,0.06858,0.02901));
#1996=CARTESIAN_POINT('',(0.14695957029049,0.06858,0.02901));
#1997=CARTESIAN_POINT('',(0.14695957029049,0.06858,0.01778));
#1998=CARTESIAN_POINT('',(0.14695957029049,0.06858,0.00655));
#1999=CARTESIAN_POINT('',(0.052096878166288,0.06858,0.00655));
#2000=CARTESIAN_POINT('',(0.162199570290491,0.06858,0.00655));
#2001=CARTESIAN_POINT('',(0.162199570290491,0.06858,0.01778));
#2002=CARTESIAN_POINT('',(0.0520968781662881,0.0798709325967918,0.));
#2003=CARTESIAN_POINT('',(0.143836878171563,0.0611016039409053,0.));
#2004=CARTESIAN_POINT('',(0.143978782465728,0.0635927189387008,0.));
#2005=CARTESIAN_POINT('',(0.144047076375136,0.0660861897652431,2.60208521396521E-18));
#2006=CARTESIAN_POINT('',(0.14410476511245,0.0685800000000001,2.60208521396521E-18));
#2007=CARTESIAN_POINT('',(0.143836878171563,0.0611016039409053,0.));
#2008=CARTESIAN_POINT('',(0.165054458868633,0.0685800000000051,2.60208521396521E-18));
#2009=CARTESIAN_POINT('',(0.164975722157781,0.0667372333444894,2.60208521396521E-18));
#2010=CARTESIAN_POINT('',(0.164897503655754,0.0648944445862008,0.));
#2011=CARTESIAN_POINT('',(0.164818914341412,0.0630516716438921,0.));
#2012=CARTESIAN_POINT('',(0.164818914341412,0.0630516716438921,0.));
#2013=CARTESIAN_POINT('',(0.164818914341412,0.0630516716438921,0.));
#2014=CARTESIAN_POINT('',(0.164743878133035,0.0612922124139794,0.));
#2015=CARTESIAN_POINT('',(0.164668512526683,0.0595327675986018,2.60208521396521E-18));
#2016=CARTESIAN_POINT('',(0.164591982138685,0.0577733737543506,2.60208521396521E-18));
#2017=CARTESIAN_POINT('',(0.164591982138685,0.0577733737543505,0.));
#2018=CARTESIAN_POINT('',(0.164591982138685,0.0577733737543495,0.));
#2019=CARTESIAN_POINT('',(0.164738857502841,0.0563823962442662,0.));
#2020=CARTESIAN_POINT('',(0.16501564366261,0.0536006745974991,-2.47817639425258E-19));
#2021=CARTESIAN_POINT('',(0.165205443022353,0.0493919221305555,8.67361737988404E-19));
#2022=CARTESIAN_POINT('',(0.164608199324703,0.045225047901715,-3.22162931252836E-18));
#2023=CARTESIAN_POINT('',(0.164071871042296,0.0424730631706054,6.93889390390723E-18));
#2024=CARTESIAN_POINT('',(0.163792771322321,0.0411024814866245,6.93889390390723E-18));
#2025=CARTESIAN_POINT('',(0.163792771322321,0.0411024814866245,0.));
#2026=CARTESIAN_POINT('',(0.163792771322321,0.0411024814866245,-2.60208521396521E-18));
#2027=CARTESIAN_POINT('',(0.163600373790187,0.0376520076665637,-2.60208521396521E-18));
#2028=CARTESIAN_POINT('',(0.163395729766543,0.0342023504973994,0.));
#2029=CARTESIAN_POINT('',(0.163071427349067,0.0307610907531854,0.));
#2030=CARTESIAN_POINT('',(0.163071427349067,0.0307610907531854,0.));
#2031=CARTESIAN_POINT('',(0.163071427349068,0.0307610907531854,0.));
#2032=CARTESIAN_POINT('',(0.162926377215128,0.0292219249624957,0.));
#2033=CARTESIAN_POINT('',(0.162583277704919,0.0261549289568545,4.15436098950935E-18));
#2034=CARTESIAN_POINT('',(0.16174420196753,0.0216238948944692,1.07224782050853E-18));
#2035=CARTESIAN_POINT('',(0.160690116557268,0.0171387482350998,7.1691590122478E-18));
#2036=CARTESIAN_POINT('',(0.159450414682838,0.0126937790535459,-1.41363725857085E-17));
#2037=CARTESIAN_POINT('',(0.157916710893178,0.00831001920161803,2.53879747921223E-18));
#2038=CARTESIAN_POINT('',(0.156049431046049,0.00412274386488846,1.95936939526508E-17));
#2039=CARTESIAN_POINT('',(0.153663174696774,0.000224290420110566,-2.851016870859E-18));
#2040=CARTESIAN_POINT('',(0.150711336714556,-0.00338693604397295,7.4228848145765E-18));
#2041=CARTESIAN_POINT('',(0.147491515972269,-0.00672855044016949,-1.12280111036557E-17));
#2042=CARTESIAN_POINT('',(0.144143337273208,-0.00992665407416188,-9.34837425132734E-18));
#2043=CARTESIAN_POINT('',(0.140778413131062,-0.0131080980306813,1.78397425759131E-18));
#2044=CARTESIAN_POINT('',(0.136366105160953,-0.0174295276690129,2.31719932538074E-17));
#2045=CARTESIAN_POINT('',(0.130929096658029,-0.0229163387275276,-2.23114195248323E-17));
#2046=CARTESIAN_POINT('',(0.124441740984376,-0.0295386437397988,1.013946843842E-17));
#2047=CARTESIAN_POINT('',(0.117833669780567,-0.0360371953894585,-2.63394294505628E-18));
#2048=CARTESIAN_POINT('',(0.111795913156766,-0.0408605700467733,1.29016883638209E-17));
#2049=CARTESIAN_POINT('',(0.10644895982853,-0.0442063840751709,1.63350277436117E-17));
#2050=CARTESIAN_POINT('',(0.100862286541415,-0.0471310433382859,-6.82844626688279E-18));
#2051=CARTESIAN_POINT('',(0.093696082929931,-0.0501904620416718,1.88121558933647E-17));
#2052=CARTESIAN_POINT('',(0.0849061802596217,-0.0533660400180632,1.47704995444298E-17));
#2053=CARTESIAN_POINT('',(0.0730545500124319,-0.0572190902885465,-4.69896338431356E-18));
#2054=CARTESIAN_POINT('',(0.064113633073177,-0.0599658962669526,2.60208521396521E-18));
#2055=CARTESIAN_POINT('',(0.0581617748887133,-0.0618209213353674,2.60208521396521E-18));
#2056=CARTESIAN_POINT('',(0.0581617748887133,-0.0618209213353674,0.));
#2057=CARTESIAN_POINT('',(0.0520968781662881,-0.061820921335371,0.));
#2058=CARTESIAN_POINT('',(0.0520968781662881,-0.0231477733711857,0.));
#2059=CARTESIAN_POINT('',(0.0564319431315246,-0.0226340217310053,0.));
#2060=CARTESIAN_POINT('',(0.0651060784911398,-0.0216235277910949,-3.67199359235883E-17));
#2061=CARTESIAN_POINT('',(0.0757363271291047,-0.0194832581261216,9.90684130108534E-18));
#2062=CARTESIAN_POINT('',(0.0840157408119188,-0.0168510206954389,-2.68207151534032E-18));
#2063=CARTESIAN_POINT('',(0.0901162977845495,-0.0144132854873968,1.95811842481736E-17));
#2064=CARTESIAN_POINT('',(0.0960788848465496,-0.0114639030519431,2.41989094160219E-18));
#2065=CARTESIAN_POINT('',(0.101650648012279,-0.00806924946945304,-1.36482367307911E-17));
#2066=CARTESIAN_POINT('',(0.106876890488023,-0.00421064052610343,5.33552213018859E-18));
#2067=CARTESIAN_POINT('',(0.111875342102553,-6.17277299514286E-5,7.91865949382806E-18));
#2068=CARTESIAN_POINT('',(0.116757252073322,0.00424068016815884,-2.13976488217095E-17));
#2069=CARTESIAN_POINT('',(0.121754987825454,0.00838762680420882,3.08344019416363E-17));
#2070=CARTESIAN_POINT('',(0.126583380334849,0.0127731230347165,-2.38774025258793E-17));
#2071=CARTESIAN_POINT('',(0.130851409528477,0.0178130327971262,1.78376743105073E-17));
#2072=CARTESIAN_POINT('',(0.134248100936509,0.0234220862640296,-6.35760864776011E-19));
#2073=CARTESIAN_POINT('',(0.136067057043119,0.0274311923939593,0.));
#2074=CARTESIAN_POINT('',(0.136892818155757,0.0294663785008072,0.));
#2075=CARTESIAN_POINT('',(0.136892818155757,0.0294663785008072,0.));
#2076=CARTESIAN_POINT('',(0.136892818155757,0.0294663785008072,0.));
#2077=CARTESIAN_POINT('',(0.138920031400992,0.0344626857489689,0.));
#2078=CARTESIAN_POINT('',(0.140455117680537,0.0396254294434281,1.30104260698261E-17));
#2079=CARTESIAN_POINT('',(0.141621580122974,0.0448828116753925,1.30104260698261E-17));
#2080=CARTESIAN_POINT('',(0.141621580122974,0.0448828116753925,0.));
#2081=CARTESIAN_POINT('',(0.141621580122974,0.0448828116753925,0.));
#2082=CARTESIAN_POINT('',(0.14164920376719,0.0453973951974267,0.));
#2083=CARTESIAN_POINT('',(0.141759194126599,0.0458943323911671,0.));
#2084=CARTESIAN_POINT('',(0.141941437321679,0.0463757900643819,0.));
#2085=CARTESIAN_POINT('',(0.141941437321679,0.0463757900643819,0.));
#2086=CARTESIAN_POINT('',(0.141941437321679,0.0463757900643819,-7.80625564189563E-18));
#2087=CARTESIAN_POINT('',(0.142442432130265,0.0488008207099111,-7.80625564189563E-18));
#2088=CARTESIAN_POINT('',(0.143269384222479,0.0536919272869546,-1.3010426069826E-18));
#2089=CARTESIAN_POINT('',(0.143695931774599,0.0586273047279871,0.));
#2090=CARTESIAN_POINT('',(0.143836878171563,0.0611016039409053,0.));
#2091=CARTESIAN_POINT('',(0.0520968781662881,-0.061820921335371,0.003));
#2092=CARTESIAN_POINT('',(0.0520968781662881,-0.0644657169796505,0.001584));
#2093=CARTESIAN_POINT('',(0.0541241281171742,-0.0644657169796505,0.001584));
#2094=CARTESIAN_POINT('',(0.0561457405982264,-0.0645215124688966,0.0016762162378737));
#2095=CARTESIAN_POINT('',(0.0581617748887046,-0.0646016481165681,0.00187414096427096));
#2096=CARTESIAN_POINT('',(0.0581617748887163,-0.0646016481165681,0.00187414096427232));
#2097=CARTESIAN_POINT('',(0.0581617748887166,-0.0618209213353704,0.003));
#2098=CARTESIAN_POINT('',(0.0581617748887041,-0.0646016481165682,0.00187414096427091));
#2099=CARTESIAN_POINT('',(0.0565570095329122,-0.0663074574409734,0.00608727024729689));
#2100=CARTESIAN_POINT('',(0.0559846324755291,-0.0710900106060282,0.0058999593253652));
#2101=CARTESIAN_POINT('',(0.0561990470662901,-0.0645236313555801,0.00168144961501929));
#2102=CARTESIAN_POINT('',(0.0552361807658904,-0.0664368536389047,0.00558968605820182));
#2103=CARTESIAN_POINT('',(0.0547264736151442,-0.0708299547328984,0.00548822567350869));
#2104=CARTESIAN_POINT('',(0.0541809294077709,-0.0644657169798306,0.00158400000033638));
#2105=CARTESIAN_POINT('',(0.0536726950666239,-0.0664445224163475,0.00528000000095776));
#2106=CARTESIAN_POINT('',(0.0534328084492816,-0.0706369068168812,0.00528));
#2107=CARTESIAN_POINT('',(0.0520968781662881,-0.0644657169796505,0.001584));
#2108=CARTESIAN_POINT('',(0.0520968781662881,-0.0664445224164032,0.00528));
#2109=CARTESIAN_POINT('',(0.0520968781662881,-0.0706369068163028,0.00528));
#2110=CARTESIAN_POINT('',(0.0581617748887155,-0.0710900106060297,-0.000752863452426575));
#2111=CARTESIAN_POINT('',(0.0520968781662881,-0.0231477733711857,0.));
#2112=CARTESIAN_POINT('',(0.0520968781662881,-0.0231477733711857,0.));
#2113=CARTESIAN_POINT('',(0.0520968781662881,-0.0231477733711857,0.));
#2114=CARTESIAN_POINT('',(0.052242329541119,-0.0230268221291012,3.35243319861882E-20));
#2115=CARTESIAN_POINT('',(0.0521696038537134,-0.0230268221290966,1.403335610999E-14));
#2116=CARTESIAN_POINT('',(0.0520968781663054,-0.023026822129096,1.40333438829888E-14));
#2117=CARTESIAN_POINT('',(0.0525391017299769,-0.0227800631972462,5.14843628496577E-6));
#2118=CARTESIAN_POINT('',(0.0523179911909442,-0.0227800618493945,6.00637005283421E-6));
#2119=CARTESIAN_POINT('',(0.0520968781662509,-0.0227800618493948,6.00637005278282E-6));
#2120=CARTESIAN_POINT('',(0.0531204639540192,-0.0222964808523064,3.56362521462954E-5));
#2121=CARTESIAN_POINT('',(0.0526086909152583,-0.022296966310983,4.15308302196921E-5));
#2122=CARTESIAN_POINT('',(0.0520968781662345,-0.0222969663109828,4.15308302193575E-5));
#2123=CARTESIAN_POINT('',(0.0538438272965207,-0.0216969403761793,0.000111083013088835));
#2124=CARTESIAN_POINT('',(0.0529704581358449,-0.0216998367027126,0.00012927605469954));
#2125=CARTESIAN_POINT('',(0.0520968781661851,-0.0216998367027125,0.000129276054698473));
#2126=CARTESIAN_POINT('',(0.0547112779602219,-0.0209883422878663,0.000260549339641696));
#2127=CARTESIAN_POINT('',(0.0534044485679956,-0.0209997588984763,0.000302274790296419));
#2128=CARTESIAN_POINT('',(0.0520968781661363,-0.0209997588984756,0.000302274790294004));
#2129=CARTESIAN_POINT('',(0.0555923011452971,-0.0202859239717255,0.000471539110209595));
#2130=CARTESIAN_POINT('',(0.053845490611103,-0.0203144863930968,0.000544824228507007));
#2131=CARTESIAN_POINT('',(0.0520968781660852,-0.0203144863930951,0.000544824228502744));
#2132=CARTESIAN_POINT('',(0.0564620680102647,-0.0196153941906476,0.000736037153122806));
#2133=CARTESIAN_POINT('',(0.0542812430249636,-0.0196716877297439,0.000846167592247366));
#2134=CARTESIAN_POINT('',(0.0520968781660339,-0.0196716877297406,0.00084616759224097));
#2135=CARTESIAN_POINT('',(0.0573314219240555,-0.0189723811055667,0.00105274833895266));
#2136=CARTESIAN_POINT('',(0.0547172160226111,-0.0190689777580373,0.00120298001777079));
#2137=CARTESIAN_POINT('',(0.0520968781659847,-0.0190689777580317,0.00120298001776205));
#2138=CARTESIAN_POINT('',(0.0582109815620671,-0.0183535117387693,0.00142428118279384));
#2139=CARTESIAN_POINT('',(0.0551588317215986,-0.0185054605137116,0.00161567148904007));
#2140=CARTESIAN_POINT('',(0.052096878165929,-0.0185054605137028,0.00161567148902893));
#2141=CARTESIAN_POINT('',(0.0590884374885747,-0.0177706664100389,0.00184436435960153));
#2142=CARTESIAN_POINT('',(0.0556000072069442,-0.0179937480494725,0.00207413916290166));
#2143=CARTESIAN_POINT('',(0.0520968781658929,-0.0179937480494595,0.00207413916288829));
#2144=CARTESIAN_POINT('',(0.0599585995486707,-0.0172283312434319,0.00230978168979705));
#2145=CARTESIAN_POINT('',(0.0560382127528196,-0.0175385154136993,0.00257121278820701));
#2146=CARTESIAN_POINT('',(0.0520968781657864,-0.0175385154136813,0.00257121278819178));
#2147=CARTESIAN_POINT('',(0.0608024229885275,-0.0167369732213931,0.00281135847946153));
#2148=CARTESIAN_POINT('',(0.0564639037009511,-0.0171478905451104,0.00309306414542495));
#2149=CARTESIAN_POINT('',(0.0520968781659457,-0.0171478905450865,0.00309306414540854));
#2150=CARTESIAN_POINT('',(0.0616038885971477,-0.0163013805538108,0.00334306112146667));
#2151=CARTESIAN_POINT('',(0.0568689845928426,-0.0168228811025341,0.00362952115456448));
#2152=CARTESIAN_POINT('',(0.0520968781651177,-0.0168228811025036,0.00362952115454777));
#2153=CARTESIAN_POINT('',(0.0623505666417724,-0.0159221465966,0.00390692499672144));
#2154=CARTESIAN_POINT('',(0.0572471045603511,-0.0165597010475096,0.0041786797376435));
#2155=CARTESIAN_POINT('',(0.0520968781679904,-0.0165597010474727,0.00417867973762764));
#2156=CARTESIAN_POINT('',(0.063009562231386,-0.0156081878668445,0.00450100450682014));
#2157=CARTESIAN_POINT('',(0.0575814588597217,-0.0163586071155853,0.00473473544435309));
#2158=CARTESIAN_POINT('',(0.0520968781570605,-0.0163586071155401,0.00473473544433945));
#2159=CARTESIAN_POINT('',(0.0635226619068935,-0.0153765973975494,0.00510426608900986));
#2160=CARTESIAN_POINT('',(0.0578422321764352,-0.016221546267754,0.00527734013160836));
#2161=CARTESIAN_POINT('',(0.0520968781976969,-0.0162215462677097,0.00527734013159825));
#2162=CARTESIAN_POINT('',(0.063858154155387,-0.0152309577833401,0.00571981240896733));
#2163=CARTESIAN_POINT('',(0.058012959194828,-0.0161407837342293,0.00581279479472459));
#2164=CARTESIAN_POINT('',(0.0520968780458475,-0.0161407837341569,0.00581279479471916));
#2165=CARTESIAN_POINT('',(0.0639376196590295,-0.0151971949025851,0.00614054275145994));
#2166=CARTESIAN_POINT('',(0.0580534258340982,-0.0161227847160129,0.0061714491383373));
#2167=CARTESIAN_POINT('',(0.0520968784236511,-0.0161227847160001,0.00617144913833549));
#2168=CARTESIAN_POINT('',(0.0639376196588611,-0.0151971949026115,0.00635));
#2169=CARTESIAN_POINT('',(0.05805342554678,-0.0161227846365862,0.00635));
#2170=CARTESIAN_POINT('',(0.0520968781655961,-0.0161227846365321,0.00635));
#2171=CARTESIAN_POINT('',(0.0639376196588609,-0.0151971949026116,0.00635));
#2172=CARTESIAN_POINT('',(0.0639376196588609,-0.0151971949026116,0.00599878411903782));
#2173=CARTESIAN_POINT('',(0.0637055308845905,-0.0152956639330476,0.00532890442265824));
#2174=CARTESIAN_POINT('',(0.0628550391515765,-0.015675067624645,0.00429575252901103));
#2175=CARTESIAN_POINT('',(0.0615841461861757,-0.0162976888361369,0.00329965124598027));
#2176=CARTESIAN_POINT('',(0.0600213680176625,-0.0171767401823152,0.00232530981640208));
#2177=CARTESIAN_POINT('',(0.0584317731534755,-0.0181900362591679,0.00150700066954021));
#2178=CARTESIAN_POINT('',(0.0568382070826406,-0.019321992948758,0.000846356834881582));
#2179=CARTESIAN_POINT('',(0.0547174891121379,-0.0209599097733899,0.000198986965416942));
#2180=CARTESIAN_POINT('',(0.0531641105428743,-0.0222603078374022,4.3639576882428E-18));
#2181=CARTESIAN_POINT('',(0.0520968781662881,-0.0231477733711857,0.));
#2182=CARTESIAN_POINT('',(0.137118028532853,0.0566576114290217,0.01784858));
#2183=CARTESIAN_POINT('',(0.137118028532853,0.0566576114290217,0.00635));
#2184=CARTESIAN_POINT('',(0.137287467051917,0.0583004219521236,0.01784858));
#2185=CARTESIAN_POINT('',(0.137287467051917,0.0583004219521236,0.00635));
#2186=CARTESIAN_POINT('',(0.137407903180779,0.0598959210146894,0.01784858));
#2187=CARTESIAN_POINT('',(0.137407903180779,0.0598959210146894,0.00635));
#2188=CARTESIAN_POINT('',(0.137497155775659,0.0614627409548886,0.01784858));
#2189=CARTESIAN_POINT('',(0.137497155775659,0.0614627409548886,0.00635));
#2190=CARTESIAN_POINT('',(0.137497155775659,0.0614627409548886,0.00635));
#2191=CARTESIAN_POINT('',(0.137406279093409,0.0598674103312844,0.00635));
#2192=CARTESIAN_POINT('',(0.137284348046885,0.0582751564676419,0.00635));
#2193=CARTESIAN_POINT('',(0.13712105501044,0.0566870006081767,0.00635));
#2194=CARTESIAN_POINT('',(0.131008714276173,0.0318538084022441,0.01784858));
#2195=CARTESIAN_POINT('',(0.131008714276173,0.0318538084022441,0.00635));
#2196=CARTESIAN_POINT('',(0.131625029246216,0.0333727896733132,0.01784858));
#2197=CARTESIAN_POINT('',(0.131625029246216,0.0333727896733132,0.00635));
#2198=CARTESIAN_POINT('',(0.132202284597361,0.0349442949765851,0.01784858));
#2199=CARTESIAN_POINT('',(0.132202284597361,0.0349442949765851,0.00635));
#2200=CARTESIAN_POINT('',(0.132737830902907,0.0365441525032321,0.01784858));
#2201=CARTESIAN_POINT('',(0.132737830902907,0.0365441525032321,0.00635));
#2202=CARTESIAN_POINT('',(0.132728244113001,0.0365155298525927,0.00634999999999999));
#2203=CARTESIAN_POINT('',(0.132202445977321,0.0349465835620236,0.00634999999999999));
#2204=CARTESIAN_POINT('',(0.131632661282314,0.0333915997305979,0.00635));
#2205=CARTESIAN_POINT('',(0.131008714276173,0.0318538084022441,0.00635));
#2206=CARTESIAN_POINT('',(0.143836878171563,0.0611016039409052,0.));
#2207=CARTESIAN_POINT('',(0.137497155775659,0.0614627409548886,1.15555796663234E-33));
#2208=CARTESIAN_POINT('',(0.137497155775659,0.0614627409548886,0.00635));
#2209=CARTESIAN_POINT('',(0.143695086096504,0.0586124589331868,0.));
#2210=CARTESIAN_POINT('',(0.137362206888743,0.0590937273886827,1.07043214068645E-13));
#2211=CARTESIAN_POINT('',(0.137362206887991,0.0590937273884943,0.00635000000006488));
#2212=CARTESIAN_POINT('',(0.143264995852373,0.0536474697295282,3.90312782094782E-18));
#2213=CARTESIAN_POINT('',(0.136958351295383,0.0544478202112469,-3.51517162622896E-14));
#2214=CARTESIAN_POINT('',(0.136958351295708,0.0544478202113106,0.00634999999998053));
#2215=CARTESIAN_POINT('',(0.142429467264142,0.0487276664924484,2.60208521396521E-18));
#2216=CARTESIAN_POINT('',(0.136180913802858,0.0498684279459142,-3.67293732032097E-14));
#2217=CARTESIAN_POINT('',(0.13618091380296,0.0498684279459754,0.00634999999997407));
#2218=CARTESIAN_POINT('',(0.141923363880016,0.0462884963101447,2.60208521396521E-18));
#2219=CARTESIAN_POINT('',(0.13570579327511,0.0475785799403814,2.60208521396521E-18));
#2220=CARTESIAN_POINT('',(0.13570579327511,0.0475785799403814,0.00635));
#2221=CARTESIAN_POINT('',(0.139152157342131,0.0487168094610587,0.000859551282891301));
#2222=CARTESIAN_POINT('',(0.139590496882292,0.0483583619973606,0.000570691434571825));
#2223=CARTESIAN_POINT('',(0.140504921168293,0.0476324396420519,0.000140977002981133));
#2224=CARTESIAN_POINT('',(0.141505864385332,0.0468236895457009,6.14943983393777E-16));
#2225=CARTESIAN_POINT('',(0.141941437321675,0.0463757900644023,-6.93889390390723E-18));
#2226=CARTESIAN_POINT('',(0.143836878171563,0.0611016039409053,0.00635));
#2227=CARTESIAN_POINT('',(0.141642532634,0.0449774531124043,2.60208521396521E-18));
#2228=CARTESIAN_POINT('',(0.135442020532126,0.0463471792436112,2.60208521396521E-18));
#2229=CARTESIAN_POINT('',(0.135442020532126,0.0463471792436112,0.00635));
#2230=CARTESIAN_POINT('',(0.140473969296995,0.039687570012335,2.60208521396521E-18));
#2231=CARTESIAN_POINT('',(0.134343979306735,0.0413765374838334,2.34969018209473E-14));
#2232=CARTESIAN_POINT('',(0.134343979306593,0.0413765374838061,0.0063500000000188));
#2233=CARTESIAN_POINT('',(0.138932194679647,0.0344926635928433,0.));
#2234=CARTESIAN_POINT('',(0.132882916974514,0.0364730030277155,3.29318353975421E-14));
#2235=CARTESIAN_POINT('',(0.132882916974555,0.0364730030274067,0.00635));
#2236=CARTESIAN_POINT('',(0.136892818155756,0.0294663785008065,0.));
#2237=CARTESIAN_POINT('',(0.131008714276173,0.0318538084022441,-1.7347234759768E-18));
#2238=CARTESIAN_POINT('',(0.131008714276173,0.0318538084022441,0.00635));
#2239=CARTESIAN_POINT('',(0.138341606637418,0.0439834716484439,0.000750680040134934));
#2240=CARTESIAN_POINT('',(0.138858260339084,0.0441170906832619,0.000498402862229839));
#2241=CARTESIAN_POINT('',(0.139922329979338,0.0443794038806398,0.000122934862784764));
#2242=CARTESIAN_POINT('',(0.141078056543819,0.0446762118792289,-2.14011495628526E-17));
#2243=CARTESIAN_POINT('',(0.141621580122974,0.0448828116753929,0.));
#2244=CARTESIAN_POINT('',(0.136892818155757,0.0294663785008072,0.00635));
#2245=CARTESIAN_POINT('',(-5.9156561901726,0.321617482582156,0.0107049365007508));
#2246=CARTESIAN_POINT('',(0.170985763229749,0.0586454642358453,0.00635));
#2247=CARTESIAN_POINT('',(0.171045358718007,0.0600239914191472,0.00635));
#2248=CARTESIAN_POINT('',(0.171104355558204,0.0614025447998411,0.00635));
#2249=CARTESIAN_POINT('',(0.171163147537958,0.062781107145417,0.00635));
#2250=CARTESIAN_POINT('',(0.163071427349067,0.0307610907531854,0.));
#2251=CARTESIAN_POINT('',(0.169393416378874,0.0301653099990383,1.15555796663234E-33));
#2252=CARTESIAN_POINT('',(0.169393416378874,0.0301653099990383,0.00635));
#2253=CARTESIAN_POINT('',(0.163324339888914,0.0334448134142899,0.));
#2254=CARTESIAN_POINT('',(0.169659034666582,0.0329838567518883,1.0521324005209E-14));
#2255=CARTESIAN_POINT('',(0.169659034667989,0.0329838567517031,0.00635));
#2256=CARTESIAN_POINT('',(0.163679393048234,0.0388228829180673,7.92453224253041E-18));
#2257=CARTESIAN_POINT('',(0.170018570731931,0.0384573485220164,-3.81820673211985E-15));
#2258=CARTESIAN_POINT('',(0.170018570731346,0.0384573485220884,0.00635));
#2259=CARTESIAN_POINT('',(0.164244549801331,0.0495886214310352,-1.88059795009304E-17));
#2260=CARTESIAN_POINT('',(0.170588497028865,0.0493026706254851,-1.93079766810709E-15));
#2261=CARTESIAN_POINT('',(0.170588497028975,0.0493026706254953,0.00634999999999999));
#2262=CARTESIAN_POINT('',(0.164589248695499,0.0576664403489419,0.));
#2263=CARTESIAN_POINT('',(0.170933375548418,0.0573933822806551,2.10383522361179E-14));
#2264=CARTESIAN_POINT('',(0.170933375549624,0.0573933822803883,0.00635));
#2265=CARTESIAN_POINT('',(0.164818914341412,0.0630516716438921,0.));
#2266=CARTESIAN_POINT('',(0.171163147537959,0.062781107145417,1.15555796663234E-33));
#2267=CARTESIAN_POINT('',(0.171163147537959,0.062781107145417,0.00635));
#2268=CARTESIAN_POINT('',(0.163792771322321,0.0411024814866245,6.93889390390723E-18));
#2269=CARTESIAN_POINT('',(0.164228039210201,0.0424509899148591,-3.86069908265343E-18));
#2270=CARTESIAN_POINT('',(0.165062244149532,0.0451564218939991,6.68067715327075E-5));
#2271=CARTESIAN_POINT('',(0.165887880484408,0.0493462626213228,0.000223786488878017));
#2272=CARTESIAN_POINT('',(0.16548638537329,0.053615965675334,7.14140324874803E-5));
#2273=CARTESIAN_POINT('',(0.164900786098807,0.0563882716127381,1.39495718965044E-17));
#2274=CARTESIAN_POINT('',(0.164591982138685,0.0577733737543505,0.));
#2275=CARTESIAN_POINT('',(0.164818914341412,0.0630516716438921,0.00635));
#2276=CARTESIAN_POINT('',(0.163071427349067,0.0307610907531854,0.00635));
#2277=CARTESIAN_POINT('',(0.0520968781662881,-0.064820921335371,0.03556));
#2278=CARTESIAN_POINT('',(0.0520968781662881,-0.064820921335371,0.01778));
#2279=CARTESIAN_POINT('',(0.0657753250559366,-0.064820921335371,0.00388215517835546));
#2280=CARTESIAN_POINT('',(0.0657753250559366,-0.064820921335371,0.00388215517835552));
#2281=CARTESIAN_POINT('',(0.0661473353967887,-0.064820921335371,0.00398377000294097));
#2282=CARTESIAN_POINT('',(0.0668876415404073,-0.064820921335371,0.00421246230482543));
#2283=CARTESIAN_POINT('',(0.0679476532639197,-0.064820921335371,0.00466116663793177));
#2284=CARTESIAN_POINT('',(0.0689427944196018,-0.064820921335371,0.00527047171067847));
#2285=CARTESIAN_POINT('',(0.0694202122221049,-0.064820921335371,0.00595457301510224));
#2286=CARTESIAN_POINT('',(0.0694202122221049,-0.064820921335371,0.00635));
#2287=CARTESIAN_POINT('',(0.136892818155756,0.0294663785008065,0.));
#2288=CARTESIAN_POINT('',(0.131008714276173,0.0318538084022441,-1.7347234759768E-18));
#2289=CARTESIAN_POINT('',(0.131008714276173,0.0318538084022441,0.00635));
#2290=CARTESIAN_POINT('',(0.136065356843373,0.0274270020490197,0.));
#2291=CARTESIAN_POINT('',(0.130248270971358,0.0299796057708548,1.62242095675293E-14));
#2292=CARTESIAN_POINT('',(0.130248270970812,0.0299796057709604,0.00635));
#2293=CARTESIAN_POINT('',(0.134706111253756,0.0244392968832042,4.691282076139E-18));
#2294=CARTESIAN_POINT('',(0.129010221570661,0.0272653004796231,-3.65362680582469E-15));
#2295=CARTESIAN_POINT('',(0.129010221570785,0.0272653004795993,0.00635));
#2296=CARTESIAN_POINT('',(0.132574001163831,0.0206494748138598,-1.25478183360329E-20));
#2297=CARTESIAN_POINT('',(0.127142940576367,0.0239505240170626,6.89114409506609E-16));
#2298=CARTESIAN_POINT('',(0.127142940576343,0.0239505240170671,0.00635));
#2299=CARTESIAN_POINT('',(0.130772456734768,0.0179288886528219,1.21473779546152E-17));
#2300=CARTESIAN_POINT('',(0.125612598716305,0.0216410428603144,-1.72903624750781E-16));
#2301=CARTESIAN_POINT('',(0.125612598716311,0.0216410428603132,0.00635000000000001));
#2302=CARTESIAN_POINT('',(0.128758475804515,0.0153396010251836,-1.7394301487508E-18));
#2303=CARTESIAN_POINT('',(0.123892253699305,0.0194279582731987,4.93376233478912E-17));
#2304=CARTESIAN_POINT('',(0.123892253699304,0.0194279582731991,0.00635));
#2305=CARTESIAN_POINT('',(0.126528229829426,0.0128708684969324,1.04228539241793E-17));
#2306=CARTESIAN_POINT('',(0.12196226843344,0.0172902312045056,-3.6301869290614E-18));
#2307=CARTESIAN_POINT('',(0.12196226843344,0.0172902312045056,0.00635000000000001));
#2308=CARTESIAN_POINT('',(0.124170697257827,0.0105760842940196,1.68137787547702E-18));
#2309=CARTESIAN_POINT('',(0.119862303539836,0.0152439826453561,6.81648779179783E-18));
#2310=CARTESIAN_POINT('',(0.119862303539836,0.0152439826453561,0.00635));
#2311=CARTESIAN_POINT('',(0.121718395681193,0.00840161812276762,-1.53585414229613E-18));
#2312=CARTESIAN_POINT('',(0.11758407880221,0.0132220442929468,-2.81908252640822E-18));
#2313=CARTESIAN_POINT('',(0.11758407880221,0.0132220442929468,0.00635));
#2314=CARTESIAN_POINT('',(0.119214911594168,0.00629408987009956,2.00745499774987E-17));
#2315=CARTESIAN_POINT('',(0.115144137326201,0.0111677628815505,2.00723535976263E-17));
#2316=CARTESIAN_POINT('',(0.115144137326201,0.0111677628815505,0.00635000000000001));
#2317=CARTESIAN_POINT('',(0.115889219679593,0.00346794485543895,-7.62456912415629E-18));
#2318=CARTESIAN_POINT('',(0.111702564873107,0.00824303041456476,-5.90115179272961E-18));
#2319=CARTESIAN_POINT('',(0.111702564873107,0.00824303041456476,0.00634999999999999));
#2320=CARTESIAN_POINT('',(0.111786887683678,-0.000135857485324132,7.279650439391E-18));
#2321=CARTESIAN_POINT('',(0.107639086754275,0.00467273023278487,-8.22012364408694E-18));
#2322=CARTESIAN_POINT('',(0.107639086754275,0.00467273023278485,0.00635));
#2323=CARTESIAN_POINT('',(0.106750615116946,-0.00431236819825686,-2.90067743690699E-18));
#2324=CARTESIAN_POINT('',(0.102812900191044,0.000673967023931628,1.88865900329292E-18));
#2325=CARTESIAN_POINT('',(0.102812900191044,0.000673967023931631,0.00635));
#2326=CARTESIAN_POINT('',(0.101478319971879,-0.00818720983983349,1.99355705920283E-17));
#2327=CARTESIAN_POINT('',(0.097926956193551,-0.00291271266198952,1.62779989147066E-17));
#2328=CARTESIAN_POINT('',(0.0979269561935509,-0.00291271266198952,0.00635000000000001));
#2329=CARTESIAN_POINT('',(0.0958524741669139,-0.0115890379200078,1.22095148775026E-18));
#2330=CARTESIAN_POINT('',(0.0928208807456325,-0.00599940737371471,1.10619017568372E-17));
#2331=CARTESIAN_POINT('',(0.0928208807456325,-0.0059994073737147,0.00635));
#2332=CARTESIAN_POINT('',(0.0898345677860757,-0.0145393258047386,-9.20686525923803E-18));
#2333=CARTESIAN_POINT('',(0.087269920693966,-0.00872349756836885,-1.36880720906816E-17));
#2334=CARTESIAN_POINT('',(0.087269920693966,-0.00872349756836887,0.00634999999999999));
#2335=CARTESIAN_POINT('',(0.0836841287260804,-0.0169703818666851,-1.1231024302172E-17));
#2336=CARTESIAN_POINT('',(0.0815679009891492,-0.0109771986655647,-3.14714724548479E-18));
#2337=CARTESIAN_POINT('',(0.0815679009891494,-0.0109771986655646,0.00634999999999999));
#2338=CARTESIAN_POINT('',(0.0774182472820773,-0.0189323015689426,7.29342861655207E-18));
#2339=CARTESIAN_POINT('',(0.0757412677196993,-0.0128021501862734,5.45997936089898E-18));
#2340=CARTESIAN_POINT('',(0.0757412677196991,-0.0128021501862736,0.00635));
#2341=CARTESIAN_POINT('',(0.0710384135386927,-0.0204361376187885,-2.33017888024505E-18));
#2342=CARTESIAN_POINT('',(0.0697815304614619,-0.0142078135504572,-3.08025891431987E-18));
#2343=CARTESIAN_POINT('',(0.0697815304614628,-0.0142078135504564,0.00635));
#2344=CARTESIAN_POINT('',(0.0624094575144412,-0.0219471410071078,2.42964572110409E-17));
#2345=CARTESIAN_POINT('',(0.061562210720307,-0.0156502019993257,3.09915097450023E-17));
#2346=CARTESIAN_POINT('',(0.0615622107203022,-0.0156502019993296,0.00635000000000002));
#2347=CARTESIAN_POINT('',(0.0558441365271577,-0.0227036831108349,2.60208521396521E-18));
#2348=CARTESIAN_POINT('',(0.0550968231305059,-0.0163978110310128,2.60208521396521E-18));
#2349=CARTESIAN_POINT('',(0.055096823130527,-0.0163978110309958,0.00635));
#2350=CARTESIAN_POINT('',(0.0514708860503229,-0.0232219601432171,2.60208521396521E-18));
#2351=CARTESIAN_POINT('',(0.050723572653693,-0.0169160880633841,2.60208521396521E-18));
#2352=CARTESIAN_POINT('',(0.050723572653693,-0.0169160880633841,0.00635));
#2353=CARTESIAN_POINT('',(0.144105802625486,0.0686248886125247,2.60208521396521E-18));
#2354=CARTESIAN_POINT('',(0.137757495237,0.0687714945513224,2.60208521396521E-18));
#2355=CARTESIAN_POINT('',(0.137757495237,0.0687714945513224,0.00635));
#2356=CARTESIAN_POINT('',(0.144047865687975,0.0661161123823553,2.60208521396521E-18));
#2357=CARTESIAN_POINT('',(0.137699869321373,0.0662761861408138,2.60208521396521E-18));
#2358=CARTESIAN_POINT('',(0.137699869320402,0.0662761861408453,0.00635));
#2359=CARTESIAN_POINT('',(0.143979633891031,0.0636076656289652,8.67361737988404E-19));
#2360=CARTESIAN_POINT('',(0.13763302180013,0.0638478547667376,1.74183540862709E-14));
#2361=CARTESIAN_POINT('',(0.137633021800413,0.0638478547666155,0.00635000000000436));
#2362=CARTESIAN_POINT('',(0.143836878171563,0.0611016039409053,8.67361737988404E-19));
#2363=CARTESIAN_POINT('',(0.137497155775659,0.0614627409548886,8.67361737988405E-19));
#2364=CARTESIAN_POINT('',(0.137497155775659,0.0614627409548886,0.00635));
#2365=CARTESIAN_POINT('',(0.164818914341412,0.0630516716438921,-8.67361737988404E-19));
#2366=CARTESIAN_POINT('',(0.171163147537959,0.062781107145417,-8.67361737988402E-19));
#2367=CARTESIAN_POINT('',(0.171163147537959,0.062781107145417,0.00635));
#2368=CARTESIAN_POINT('',(0.164901854443003,0.0649964624544933,-8.67361737988404E-19));
#2369=CARTESIAN_POINT('',(0.171246126044682,0.0647267984693431,1.31692027309485E-13));
#2370=CARTESIAN_POINT('',(0.171246126044716,0.0647267984690719,0.00635000000008104));
#2371=CARTESIAN_POINT('',(0.164984381318304,0.0669412708897448,2.60208521396521E-18));
#2372=CARTESIAN_POINT('',(0.171328643015391,0.0666713719641764,2.60208521396521E-18));
#2373=CARTESIAN_POINT('',(0.17132864301519,0.0666713719641862,0.00635));
#2374=CARTESIAN_POINT('',(0.165067540645284,0.0688860523497685,2.60208521396521E-18));
#2375=CARTESIAN_POINT('',(0.171411743302378,0.0686147727048991,2.60208521396521E-18));
#2376=CARTESIAN_POINT('',(0.171411743302378,0.0686147727048991,0.00635));
#2377=CARTESIAN_POINT('',(0.169393416378874,0.0301653099990383,0.00635));
#2378=CARTESIAN_POINT('',(0.169393416378874,0.0301653099990383,-8.67361737988404E-19));
#2379=CARTESIAN_POINT('',(0.163071427349067,0.0307610907531854,-8.67361737988404E-19));
#2380=CARTESIAN_POINT('',(0.169240120983224,0.0285386515296793,0.00634999999993523));
#2381=CARTESIAN_POINT('',(0.169240120983529,0.0285386515295735,-8.90588704223453E-14));
#2382=CARTESIAN_POINT('',(0.16292546477958,0.0292122428586071,-8.67361737988404E-19));
#2383=CARTESIAN_POINT('',(0.168870065715137,0.0252162087142398,0.00635000000003006));
#2384=CARTESIAN_POINT('',(0.168870065714995,0.0252162087142889,4.13361343067868E-14));
#2385=CARTESIAN_POINT('',(0.162579846853646,0.0261260351819762,4.17424237463062E-18));
#2386=CARTESIAN_POINT('',(0.167936101151111,0.0201989097162867,0.00634999999999195));
#2387=CARTESIAN_POINT('',(0.167936101151149,0.0201989097162735,-1.10725519289521E-14));
#2388=CARTESIAN_POINT('',(0.16173217642497,0.0215671896904311,2.3037055795667E-18));
#2389=CARTESIAN_POINT('',(0.166828179819412,0.0155032959447112,0.00635000000000216));
#2390=CARTESIAN_POINT('',(0.166828179819402,0.0155032959447147,2.96968592030533E-15));
#2391=CARTESIAN_POINT('',(0.160669347013688,0.0170543501364287,2.22344659089385E-18));
#2392=CARTESIAN_POINT('',(0.165481228474185,0.0106855242936928,0.00634999999999942));
#2393=CARTESIAN_POINT('',(0.165481228474188,0.0106855242936919,-7.90579240985444E-16));
#2394=CARTESIAN_POINT('',(0.159416003523073,0.0125824145175545,4.41501934064917E-18));
#2395=CARTESIAN_POINT('',(0.163775158694217,0.00583341360370609,0.00635000000000015));
#2396=CARTESIAN_POINT('',(0.163775158694217,0.00583341360370635,2.13447725348168E-16));
#2397=CARTESIAN_POINT('',(0.157865199966554,0.00817362804299915,-4.27101266969927E-18));
#2398=CARTESIAN_POINT('',(0.161985401401135,0.00185147488974665,0.00634999999999999));
#2399=CARTESIAN_POINT('',(0.161985401401135,0.00185147488974662,-4.09133671150293E-18));
#2400=CARTESIAN_POINT('',(0.156283909163487,0.00467273436999383,2.28561167399994E-17));
#2401=CARTESIAN_POINT('',(0.160158042804089,-0.00135278522061415,0.00635));
#2402=CARTESIAN_POINT('',(0.160158042804089,-0.00135278522061415,3.70613922054987E-18));
#2403=CARTESIAN_POINT('',(0.154763796714964,0.00200894294753783,-1.25552938858095E-18));
#2404=CARTESIAN_POINT('',(0.158104028296358,-0.00439363284523024,0.00635));
#2405=CARTESIAN_POINT('',(0.158104028296358,-0.00439363284523024,2.6711830999254E-18));
#2406=CARTESIAN_POINT('',(0.153042986137357,-0.00054099429091827,5.49374130320795E-18));
#2407=CARTESIAN_POINT('',(0.155259826593264,-0.00783740783749327,0.00635000000000001));
#2408=CARTESIAN_POINT('',(0.155259826593264,-0.00783740783749327,9.47036027722626E-18));
#2409=CARTESIAN_POINT('',(0.15055515933013,-0.00356301069261751,8.87567949333739E-18));
#2410=CARTESIAN_POINT('',(0.151748210614301,-0.0114499446534499,0.00634999999999998));
#2411=CARTESIAN_POINT('',(0.151748210614301,-0.0114499446534499,-2.3580277489579E-17));
#2412=CARTESIAN_POINT('',(0.147304560450414,-0.00691198913186573,-2.47075603547404E-17));
#2413=CARTESIAN_POINT('',(0.148273317180862,-0.0147590847456753,0.00635000000000001));
#2414=CARTESIAN_POINT('',(0.148273317180862,-0.0147590847456753,1.19923636900639E-17));
#2415=CARTESIAN_POINT('',(0.143930855579913,-0.0101260204391464,1.18920055066678E-17));
#2416=CARTESIAN_POINT('',(0.144960670195176,-0.0178969305029888,0.00634999999999999));
#2417=CARTESIAN_POINT('',(0.144960670195176,-0.0178969305029888,-8.77666598688531E-18));
#2418=CARTESIAN_POINT('',(0.140547731362577,-0.0133304993481639,-7.2479503881395E-18));
#2419=CARTESIAN_POINT('',(0.140603356523063,-0.0221721568991153,0.00635));
#2420=CARTESIAN_POINT('',(0.140603356523064,-0.0221721568991154,5.9890467233026E-18));
#2421=CARTESIAN_POINT('',(0.136111512423036,-0.0176833652213563,4.39902981217842E-18));
#2422=CARTESIAN_POINT('',(0.13626615643202,-0.0265567875667751,0.00635000000000003));
#2423=CARTESIAN_POINT('',(0.13626615643202,-0.0265567875667751,3.48167003078663E-17));
#2424=CARTESIAN_POINT('',(0.131738599189943,-0.022104443793401,3.98319562907524E-17));
#2425=CARTESIAN_POINT('',(0.131897187473179,-0.0309951584649884,0.00635));
#2426=CARTESIAN_POINT('',(0.131897187473179,-0.0309951584649884,2.35579155733734E-20));
#2427=CARTESIAN_POINT('',(0.127375718757251,-0.0265365520667129,-5.49380184800546E-19));
#2428=CARTESIAN_POINT('',(0.127512548141883,-0.0354356201563463,0.00634999999999999));
#2429=CARTESIAN_POINT('',(0.127512548141883,-0.0354356201563463,-1.41413660895849E-17));
#2430=CARTESIAN_POINT('',(0.123006790661477,-0.0309613096257657,-1.57189934702274E-17));
#2431=CARTESIAN_POINT('',(0.121691608791549,-0.0411255751124787,0.00635000000000002));
#2432=CARTESIAN_POINT('',(0.121691608791549,-0.0411255751124787,1.00606705999626E-17));
#2433=CARTESIAN_POINT('',(0.117444813373731,-0.0363895597707518,2.71240075276149E-17));
#2434=CARTESIAN_POINT('',(0.115009344510534,-0.0463933534311112,0.00635));
#2435=CARTESIAN_POINT('',(0.115009344510534,-0.0463933534311112,1.30658904946499E-18));
#2436=CARTESIAN_POINT('',(0.111329004605508,-0.0411980052707262,-6.00898763486937E-19));
#2437=CARTESIAN_POINT('',(0.108985797162199,-0.0500723469237767,0.00635));
#2438=CARTESIAN_POINT('',(0.108985797162199,-0.0500723469237767,3.44226123286612E-18));
#2439=CARTESIAN_POINT('',(0.105899476231176,-0.0445161227175749,3.46307191064915E-18));
#2440=CARTESIAN_POINT('',(0.104414212889326,-0.0524140971246312,0.00635));
#2441=CARTESIAN_POINT('',(0.104414212889326,-0.0524140971246312,2.95925701152253E-21));
#2442=CARTESIAN_POINT('',(0.101674695780478,-0.0466825566051623,1.3451297361476E-18));
#2443=CARTESIAN_POINT('',(0.099865380241043,-0.0544617869474633,0.00635));
#2444=CARTESIAN_POINT('',(0.099865380241043,-0.0544617869474633,1.21584130228791E-17));
#2445=CARTESIAN_POINT('',(0.0973787205003633,-0.048617297238833,6.76892042855174E-18));
#2446=CARTESIAN_POINT('',(0.0937977810553704,-0.0569198053553173,0.00634999999999999));
#2447=CARTESIAN_POINT('',(0.0937977810553703,-0.0569198053553173,-4.80849377606084E-17));
#2448=CARTESIAN_POINT('',(0.0915678409724159,-0.0509720564761475,-1.93340403649349E-17));
#2449=CARTESIAN_POINT('',(0.0862234137931375,-0.0596236545514591,0.00635000000000001));
#2450=CARTESIAN_POINT('',(0.0862234137931386,-0.0596236545514592,2.41868114032819E-16));
#2451=CARTESIAN_POINT('',(0.0841961149387278,-0.053605140782279,1.00575004433953E-17));
#2452=CARTESIAN_POINT('',(0.077156761180714,-0.0625583413713098,0.00635));
#2453=CARTESIAN_POINT('',(0.07715676118071,-0.0625583413713095,-8.45784396728192E-16));
#2454=CARTESIAN_POINT('',(0.0752559529422181,-0.056499387188321,5.94858036810947E-19));
#2455=CARTESIAN_POINT('',(0.0681653585909615,-0.0653525451607544,0.00635));
#2456=CARTESIAN_POINT('',(0.0681653585909764,-0.0653525451607554,3.15688198416374E-15));
#2457=CARTESIAN_POINT('',(0.0662791276890708,-0.0592891915854645,3.17557869315214E-18));
#2458=CARTESIAN_POINT('',(0.0621862858723652,-0.0672178657591467,0.00635));
#2459=CARTESIAN_POINT('',(0.0621862858723331,-0.0672178657591444,-6.7917933577074E-15));
#2460=CARTESIAN_POINT('',(0.0602968155623365,-0.0611554898266258,2.60208521396521E-18));
#2461=CARTESIAN_POINT('',(0.0591948500538569,-0.0681502112992962,0.00635));
#2462=CARTESIAN_POINT('',(0.0591948500538569,-0.0681502112992962,2.60208521396521E-18));
#2463=CARTESIAN_POINT('',(0.0573053797438308,-0.0620878353667488,2.60208521396521E-18));
#2464=CARTESIAN_POINT('',(0.0703129255027296,-0.0646850203208455,0.00635));
#2465=CARTESIAN_POINT('',(0.0703129255027296,-0.0646850203208455,0.00570527934282767));
#2466=CARTESIAN_POINT('',(0.0699137914838407,-0.0645909783018096,0.00444500201342788));
#2467=CARTESIAN_POINT('',(0.0686269581761645,-0.0642876463988457,0.00302278965231735));
#2468=CARTESIAN_POINT('',(0.0670954480581955,-0.0639266610661679,0.00198725097588479));
#2469=CARTESIAN_POINT('',(0.0648312928663073,-0.0633929801027056,0.00094904632558503));
#2470=CARTESIAN_POINT('',(0.0618613941905529,-0.0626929516532253,0.000196183910554606));
#2471=CARTESIAN_POINT('',(0.0593948803676915,-0.0621115742542509,8.2796793548585E-16));
#2472=CARTESIAN_POINT('',(0.0581617748887155,-0.0618209213353752,0.));
#2473=CARTESIAN_POINT('',(0.0694202122221049,-0.064820921335371,0.00635));
#2474=CARTESIAN_POINT('',(0.0698769132171783,-0.064820921335371,0.00635));
#2475=CARTESIAN_POINT('',(0.0703129255027299,-0.0646850203208454,0.00635));
#2476=CARTESIAN_POINT('',(0.069420212170558,-0.064820921335371,0.00608549229683134));
#2477=CARTESIAN_POINT('',(0.0698769131645051,-0.0648209213353668,0.00596431123685948));
#2478=CARTESIAN_POINT('',(0.0703129254556184,-0.0646850203355297,0.00584861972681294));
#2479=CARTESIAN_POINT('',(0.0691989478121951,-0.064820921335371,0.00559061755751766));
#2480=CARTESIAN_POINT('',(0.0696493124361714,-0.0648209213353729,0.005238063881241));
#2481=CARTESIAN_POINT('',(0.0700740612990793,-0.0646287455729265,0.00491057357918291));
#2482=CARTESIAN_POINT('',(0.0684070613060274,-0.064820921335371,0.00489608490143504));
#2483=CARTESIAN_POINT('',(0.0688347174745796,-0.0648209213353699,0.00419689379343928));
#2484=CARTESIAN_POINT('',(0.0692193957519415,-0.0644272906304663,0.00359407138032767));
#2485=CARTESIAN_POINT('',(0.0672415731780758,-0.064820921335371,0.00432991896794872));
#2486=CARTESIAN_POINT('',(0.0676318715385463,-0.0648209213353714,0.00330547802072213));
#2487=CARTESIAN_POINT('',(0.067961493974584,-0.0641307946771368,0.00252089117805368));
#2488=CARTESIAN_POINT('',(0.065764678502108,-0.064820921335371,0.00385514471891634));
#2489=CARTESIAN_POINT('',(0.0661125926873588,-0.0648209213353709,0.00249573581040176));
#2490=CARTESIAN_POINT('',(0.0663675001296551,-0.0637550769245628,0.00162094595973606));
#2491=CARTESIAN_POINT('',(0.0642612583679817,-0.064820921335371,0.00351778406377608));
#2492=CARTESIAN_POINT('',(0.0645595682427372,-0.064820921335371,0.00184644535075848));
#2493=CARTESIAN_POINT('',(0.0647448760085847,-0.0633726114588624,0.000981471285069995));
#2494=CARTESIAN_POINT('',(0.0627495809651027,-0.064820921335371,0.00327754162140949));
#2495=CARTESIAN_POINT('',(0.0629890364561622,-0.064820921335371,0.00129844677775177));
#2496=CARTESIAN_POINT('',(0.0631133403590679,-0.0629880452929268,0.000526086356993276));
#2497=CARTESIAN_POINT('',(0.0607210683578885,-0.064820921335371,0.00306125624951723));
#2498=CARTESIAN_POINT('',(0.0608297226120682,-0.0648209213353709,0.000649355903784492));
#2499=CARTESIAN_POINT('',(0.0609239903869121,-0.0624719978404563,0.000116112592404445));
#2500=CARTESIAN_POINT('',(0.0591883327371129,-0.064820921335371,0.00300000000008236));
#2501=CARTESIAN_POINT('',(0.0592235140274029,-0.0648209213353716,0.000250260477667487));
#2502=CARTESIAN_POINT('',(0.059269726787891,-0.0620820745352138,-3.32860033067881E-15));
#2503=CARTESIAN_POINT('',(0.0581617748887125,-0.064820921335371,0.003));
#2504=CARTESIAN_POINT('',(0.0581617748887019,-0.064820921335371,6.29487781345084E-15));
#2505=CARTESIAN_POINT('',(0.058161774888702,-0.0618209213353773,1.30104260698261E-18));
#2506=CARTESIAN_POINT('',(0.0657753250559429,-0.064820921335371,0.0038821551783531));
#2507=CARTESIAN_POINT('',(0.064573802415536,-0.0648209213353754,0.00332643701483677));
#2508=CARTESIAN_POINT('',(0.0620617392833246,-0.0647678015354307,0.0024691875131465));
#2509=CARTESIAN_POINT('',(0.0594756973212663,-0.0646573967880378,0.00201183300106671));
#2510=CARTESIAN_POINT('',(0.058161774888716,-0.0646016481165689,0.00187414096427289));
#2511=CARTESIAN_POINT('',(0.0520968781662881,-0.071820921335371,0.01778));
#2512=CARTESIAN_POINT('',(0.0657753250559465,-0.071820921335371,0.00388215517834534));
#2513=CARTESIAN_POINT('',(0.0559846324755365,-0.0710900106060297,0.00589995932536761));
#2514=CARTESIAN_POINT('',(0.0565570095329199,-0.0663074574409727,0.00608727024729978));
#2515=CARTESIAN_POINT('',(0.0581617748887151,-0.0646016481165686,0.00187414096427205));
#2516=CARTESIAN_POINT('',(0.0569006144008912,-0.0712793400277973,0.00619971525845087));
#2517=CARTESIAN_POINT('',(0.0575000265925023,-0.0662233082524085,0.00644563803307724));
#2518=CARTESIAN_POINT('',(0.0595004480249396,-0.0646584469349117,0.0020144267285597));
#2519=CARTESIAN_POINT('',(0.0586280420691937,-0.0716449958028385,0.00699360471951498));
#2520=CARTESIAN_POINT('',(0.0591991680770443,-0.0659296248373564,0.00736758478372357));
#2521=CARTESIAN_POINT('',(0.0620843238520626,-0.0647681436798035,0.0024785812090811));
#2522=CARTESIAN_POINT('',(0.0601721570770552,-0.0718209213360235,0.00818910817393847));
#2523=CARTESIAN_POINT('',(0.060369051246965,-0.0652595332962126,0.00838289407519498));
#2524=CARTESIAN_POINT('',(0.0645575443982766,-0.0648209213353695,0.00331891749952346));
#2525=CARTESIAN_POINT('',(0.0608651133519602,-0.071820921335371,0.00887112511431759));
#2526=CARTESIAN_POINT('',(0.0608651133519683,-0.0648209213353801,0.00887112511432559));
#2527=CARTESIAN_POINT('',(0.0657753250559382,-0.064820921335371,0.00388215517834997));
#2528=CARTESIAN_POINT('',(0.163119731614553,0.0570899575725357,-0.000174211344440442));
#2529=CARTESIAN_POINT('',(0.163836990972012,0.0574742845352337,2.89289808749495E-6));
#2530=CARTESIAN_POINT('',(0.164570860964897,0.0578679352237223,5.00409804244858E-8));
#2531=CARTESIAN_POINT('',(0.163587493331575,0.0558894038808446,-0.000210599660570954));
#2532=CARTESIAN_POINT('',(0.164217201140986,0.0562138634305394,-3.86778594657043E-5));
#2533=CARTESIAN_POINT('',(0.164868148005946,0.0565393869776882,-1.35816807766894E-6));
#2534=CARTESIAN_POINT('',(0.164277185167375,0.0540416389748747,-0.000183277376060134));
#2535=CARTESIAN_POINT('',(0.164778327325098,0.0542745107746566,-2.94556220247899E-5));
#2536=CARTESIAN_POINT('',(0.165297898840079,0.0545048975827884,4.47379215847035E-5));
#2537=CARTESIAN_POINT('',(0.164926792526422,0.0514506426726861,-6.27397657680418E-5));
#2538=CARTESIAN_POINT('',(0.165299755769685,0.0515468766969025,6.14839985281216E-5));
#2539=CARTESIAN_POINT('',(0.165683940221279,0.0516420297021079,0.000145848466553048));
#2540=CARTESIAN_POINT('',(0.165072632281302,0.0493550280045698,-1.05283615787858E-5));
#2541=CARTESIAN_POINT('',(0.165402276473805,0.0493337329838732,0.000102868442559214));
#2542=CARTESIAN_POINT('',(0.165740625425182,0.0493120784174017,0.00018676875181074));
#2543=CARTESIAN_POINT('',(0.164689818582881,0.0473319157293699,-7.17452535768028E-5));
#2544=CARTESIAN_POINT('',(0.165060275553154,0.0471928876267719,5.52860606541047E-5));
#2545=CARTESIAN_POINT('',(0.165442550905635,0.047053843266019,0.00014018160802363));
#2546=CARTESIAN_POINT('',(0.16379590073235,0.0448364301784907,-0.000188964384660545));
#2547=CARTESIAN_POINT('',(0.164283921750378,0.0445531320697606,-3.17095295988509E-5));
#2548=CARTESIAN_POINT('',(0.164791104728176,0.0442703975820031,4.21891940358997E-5));
#2549=CARTESIAN_POINT('',(0.162945094818876,0.0430698864875621,-0.000213460422490913));
#2550=CARTESIAN_POINT('',(0.163551818526175,0.0426860048589331,-3.81134404334428E-5));
#2551=CARTESIAN_POINT('',(0.164179993391992,0.04229872958291,-1.27984393674285E-6));
#2552=CARTESIAN_POINT('',(0.162372340324079,0.0419224077276439,-0.000177937260078215));
#2553=CARTESIAN_POINT('',(0.163059621902601,0.041472145974872,2.85360268906994E-6));
#2554=CARTESIAN_POINT('',(0.163763141834659,0.0410108122785889,4.71607233352295E-8));
#2555=CARTESIAN_POINT('',(0.138341878472535,0.0439541071474919,0.000751668352106819));
#2556=CARTESIAN_POINT('',(0.139901158502562,0.0440809002006788,-1.73472347597681E-18));
#2557=CARTESIAN_POINT('',(0.141631085716027,0.0442215694512062,0.));
#2558=CARTESIAN_POINT('',(0.138324820842679,0.0456046353824065,0.000695563314649412));
#2559=CARTESIAN_POINT('',(0.139860627272853,0.045418402159164,8.20431621093366E-15));
#2560=CARTESIAN_POINT('',(0.141550215222128,0.0452161013381135,0.));
#2561=CARTESIAN_POINT('',(0.138638007942216,0.0472926020424931,0.000744673276833205));
#2562=CARTESIAN_POINT('',(0.140137560626339,0.0467803806337109,-2.56093031576448E-15));
#2563=CARTESIAN_POINT('',(0.141795683062497,0.0462079139028254,0.));
#2564=CARTESIAN_POINT('',(0.139161448804581,0.0487426258595986,0.00086162560698168));
#2565=CARTESIAN_POINT('',(0.140619157979668,0.047960193377864,-1.73472347597681E-18));
#2566=CARTESIAN_POINT('',(0.14226271059576,0.0470780085262853,0.));
#2567=CARTESIAN_POINT('',(0.0520968781662881,-0.0405090507220264,0.00685));
#2568=CARTESIAN_POINT('',(0.0520968781662881,0.0798709325967918,0.03556));
#2569=CARTESIAN_POINT('',(0.143836878171563,0.0611016039409053,0.03556));
#2570=CARTESIAN_POINT('',(0.143978782465728,0.0635927189387008,0.03556));
#2571=CARTESIAN_POINT('',(0.144047076375136,0.0660861897652431,0.03556));
#2572=CARTESIAN_POINT('',(0.14410476511245,0.0685800000000001,0.03556));
#2573=CARTESIAN_POINT('',(0.143836878171563,0.0611016039409053,0.03556));
#2574=CARTESIAN_POINT('',(0.141941437321679,0.0463757900643819,0.03556));
#2575=CARTESIAN_POINT('',(0.142442432130265,0.0488008207099111,0.03556));
#2576=CARTESIAN_POINT('',(0.143269384222479,0.0536919272869546,0.03556));
#2577=CARTESIAN_POINT('',(0.143695931774599,0.0586273047279871,0.03556));
#2578=CARTESIAN_POINT('',(0.143836878171563,0.0611016039409053,0.03556));
#2579=CARTESIAN_POINT('',(0.141941437321679,0.0463757900643819,0.03556));
#2580=CARTESIAN_POINT('',(0.141621580122974,0.0448828116753925,0.03556));
#2581=CARTESIAN_POINT('',(0.14164920376719,0.0453973951974267,0.03556));
#2582=CARTESIAN_POINT('',(0.141759194126599,0.0458943323911671,0.03556));
#2583=CARTESIAN_POINT('',(0.141941437321679,0.0463757900643819,0.03556));
#2584=CARTESIAN_POINT('',(0.141621580122974,0.0448828116753925,0.03556));
#2585=CARTESIAN_POINT('',(0.136892818155757,0.0294663785008072,0.03556));
#2586=CARTESIAN_POINT('',(0.138920031400992,0.0344626857489689,0.03556));
#2587=CARTESIAN_POINT('',(0.140455117680537,0.0396254294434281,0.03556));
#2588=CARTESIAN_POINT('',(0.141621580122974,0.0448828116753925,0.03556));
#2589=CARTESIAN_POINT('',(0.136892818155757,0.0294663785008072,0.03556));
#2590=CARTESIAN_POINT('',(0.0520968781662881,-0.0231477733711857,0.03556));
#2591=CARTESIAN_POINT('',(0.0564319431315246,-0.0226340217310053,0.03556));
#2592=CARTESIAN_POINT('',(0.0651060784911398,-0.0216235277910949,0.03556));
#2593=CARTESIAN_POINT('',(0.0757363271291047,-0.0194832581261216,0.03556));
#2594=CARTESIAN_POINT('',(0.0840157408119188,-0.0168510206954389,0.03556));
#2595=CARTESIAN_POINT('',(0.0901162977845495,-0.0144132854873968,0.03556));
#2596=CARTESIAN_POINT('',(0.0960788848465496,-0.0114639030519431,0.03556));
#2597=CARTESIAN_POINT('',(0.101650648012279,-0.00806924946945304,0.03556));
#2598=CARTESIAN_POINT('',(0.106876890488023,-0.00421064052610343,0.03556));
#2599=CARTESIAN_POINT('',(0.111875342102553,-6.17277299514286E-5,0.03556));
#2600=CARTESIAN_POINT('',(0.116757252073322,0.00424068016815884,0.03556));
#2601=CARTESIAN_POINT('',(0.121754987825454,0.00838762680420882,0.03556));
#2602=CARTESIAN_POINT('',(0.126583380334849,0.0127731230347165,0.03556));
#2603=CARTESIAN_POINT('',(0.130851409528477,0.0178130327971262,0.03556));
#2604=CARTESIAN_POINT('',(0.134248100936509,0.0234220862640296,0.03556));
#2605=CARTESIAN_POINT('',(0.136067057043119,0.0274311923939593,0.03556));
#2606=CARTESIAN_POINT('',(0.136892818155757,0.0294663785008072,0.03556));
#2607=CARTESIAN_POINT('',(0.0520968781662881,-0.061820921335371,0.03556));
#2608=CARTESIAN_POINT('',(0.0581617748887133,-0.0618209213353674,0.03556));
#2609=CARTESIAN_POINT('',(0.163071427349068,0.0307610907531854,0.03556));
#2610=CARTESIAN_POINT('',(0.162926377215128,0.0292219249624957,0.03556));
#2611=CARTESIAN_POINT('',(0.162583277704919,0.0261549289568545,0.03556));
#2612=CARTESIAN_POINT('',(0.16174420196753,0.0216238948944692,0.03556));
#2613=CARTESIAN_POINT('',(0.160690116557268,0.0171387482350998,0.03556));
#2614=CARTESIAN_POINT('',(0.159450414682838,0.0126937790535459,0.03556));
#2615=CARTESIAN_POINT('',(0.157916710893178,0.00831001920161803,0.03556));
#2616=CARTESIAN_POINT('',(0.156049431046049,0.00412274386488846,0.03556));
#2617=CARTESIAN_POINT('',(0.153663174696774,0.000224290420110566,0.03556));
#2618=CARTESIAN_POINT('',(0.150711336714556,-0.00338693604397295,0.03556));
#2619=CARTESIAN_POINT('',(0.147491515972269,-0.00672855044016949,0.03556));
#2620=CARTESIAN_POINT('',(0.144143337273208,-0.00992665407416188,0.03556));
#2621=CARTESIAN_POINT('',(0.140778413131062,-0.0131080980306813,0.03556));
#2622=CARTESIAN_POINT('',(0.136366105160953,-0.0174295276690129,0.03556));
#2623=CARTESIAN_POINT('',(0.130929096658029,-0.0229163387275276,0.03556));
#2624=CARTESIAN_POINT('',(0.124441740984376,-0.0295386437397988,0.03556));
#2625=CARTESIAN_POINT('',(0.117833669780567,-0.0360371953894585,0.03556));
#2626=CARTESIAN_POINT('',(0.111795913156766,-0.0408605700467733,0.03556));
#2627=CARTESIAN_POINT('',(0.10644895982853,-0.0442063840751709,0.03556));
#2628=CARTESIAN_POINT('',(0.100862286541415,-0.0471310433382859,0.03556));
#2629=CARTESIAN_POINT('',(0.093696082929931,-0.0501904620416718,0.03556));
#2630=CARTESIAN_POINT('',(0.0849061802596217,-0.0533660400180632,0.03556));
#2631=CARTESIAN_POINT('',(0.0730545500124319,-0.0572190902885465,0.03556));
#2632=CARTESIAN_POINT('',(0.064113633073177,-0.0599658962669526,0.03556));
#2633=CARTESIAN_POINT('',(0.0581617748887133,-0.0618209213353674,0.03556));
#2634=CARTESIAN_POINT('',(0.163071427349067,0.0307610907531854,0.03556));
#2635=CARTESIAN_POINT('',(0.163792771322321,0.0411024814866245,0.03556));
#2636=CARTESIAN_POINT('',(0.163600373790187,0.0376520076665637,0.03556));
#2637=CARTESIAN_POINT('',(0.163395729766543,0.0342023504973994,0.03556));
#2638=CARTESIAN_POINT('',(0.163071427349067,0.0307610907531854,0.03556));
#2639=CARTESIAN_POINT('',(0.163792771322321,0.0411024814866245,0.03556));
#2640=CARTESIAN_POINT('',(0.164591982138685,0.0577733737543495,0.03556));
#2641=CARTESIAN_POINT('',(0.164738857502841,0.0563823962442662,0.03556));
#2642=CARTESIAN_POINT('',(0.16501564366261,0.0536006745974991,0.03556));
#2643=CARTESIAN_POINT('',(0.165205443022353,0.0493919221305555,0.03556));
#2644=CARTESIAN_POINT('',(0.164608199324703,0.045225047901715,0.03556));
#2645=CARTESIAN_POINT('',(0.164071871042296,0.0424730631706054,0.03556));
#2646=CARTESIAN_POINT('',(0.163792771322321,0.0411024814866245,0.03556));
#2647=CARTESIAN_POINT('',(0.164591982138685,0.0577733737543505,0.03556));
#2648=CARTESIAN_POINT('',(0.164818914341412,0.0630516716438921,0.03556));
#2649=CARTESIAN_POINT('',(0.164743878133035,0.0612922124139794,0.03556));
#2650=CARTESIAN_POINT('',(0.164668512526683,0.0595327675986018,0.03556));
#2651=CARTESIAN_POINT('',(0.164591982138685,0.0577733737543506,0.03556));
#2652=CARTESIAN_POINT('',(0.164818914341412,0.0630516716438921,0.03556));
#2653=CARTESIAN_POINT('',(0.165054458868633,0.0685800000000051,0.03556));
#2654=CARTESIAN_POINT('',(0.164975722157781,0.0667372333444894,0.03556));
#2655=CARTESIAN_POINT('',(0.164897503655754,0.0648944445862008,0.03556));
#2656=CARTESIAN_POINT('',(0.164818914341412,0.0630516716438921,0.03556));
#2657=CARTESIAN_POINT('',(0.0520968781662881,-0.061820921335371,0.03256));
#2658=CARTESIAN_POINT('',(0.0520968781662881,-0.0644657169796505,0.033976));
#2659=CARTESIAN_POINT('',(0.0541241281171742,-0.0644657169796505,0.033976));
#2660=CARTESIAN_POINT('',(0.0561457405982264,-0.0645215124688967,0.0338837837621263));
#2661=CARTESIAN_POINT('',(0.0581617748887046,-0.0646016481165681,0.0336858590357291));
#2662=CARTESIAN_POINT('',(0.0581617748887163,-0.0646016481165681,0.0336858590357277));
#2663=CARTESIAN_POINT('',(0.0581617748887166,-0.0618209213353704,0.03256));
#2664=CARTESIAN_POINT('',(0.0559846324755291,-0.0710900106060282,0.0296600406746348));
#2665=CARTESIAN_POINT('',(0.0565570095329122,-0.0663074574409734,0.0294727297527031));
#2666=CARTESIAN_POINT('',(0.0581617748887041,-0.0646016481165682,0.0336858590357291));
#2667=CARTESIAN_POINT('',(0.0547264736151179,-0.0708299547328984,0.0300717743264999));
#2668=CARTESIAN_POINT('',(0.0552361807658592,-0.0664368536388775,0.029970313941777));
#2669=CARTESIAN_POINT('',(0.0561990470662395,-0.0645236313555781,0.0338785503849856));
#2670=CARTESIAN_POINT('',(0.0534328084493032,-0.0706369068168812,0.03028));
#2671=CARTESIAN_POINT('',(0.0536726950666816,-0.0664445224163227,0.0302799999990158));
#2672=CARTESIAN_POINT('',(0.0541809294077709,-0.0644657169798308,0.0339759999996633));
#2673=CARTESIAN_POINT('',(0.0520968781662881,-0.0706369068163028,0.03028));
#2674=CARTESIAN_POINT('',(0.0520968781662881,-0.0664445224164032,0.03028));
#2675=CARTESIAN_POINT('',(0.0520968781662881,-0.0644657169796505,0.033976));
#2676=CARTESIAN_POINT('',(0.0581617748887155,-0.0710900106060297,0.0363128634524266));
#2677=CARTESIAN_POINT('',(0.0520968781662881,-0.0231477733711857,0.03556));
#2678=CARTESIAN_POINT('',(0.0520968781662881,-0.0231477733711857,0.03556));
#2679=CARTESIAN_POINT('',(0.0520968781662881,-0.0231477733711857,0.03556));
#2680=CARTESIAN_POINT('',(0.052096878166315,-0.023026822129096,0.0355599999999976));
#2681=CARTESIAN_POINT('',(0.0521696038537269,-0.0230268221290966,0.0355599999999976));
#2682=CARTESIAN_POINT('',(0.0522423295411331,-0.0230268221291012,0.03556));
#2683=CARTESIAN_POINT('',(0.0520968781662433,-0.0227800618493913,0.0355539936300152));
#2684=CARTESIAN_POINT('',(0.0523179911909365,-0.0227800618493909,0.0355539936300151));
#2685=CARTESIAN_POINT('',(0.0525391017299705,-0.0227800631972462,0.035554851563715));
#2686=CARTESIAN_POINT('',(0.0520968781662309,-0.0222969663109848,0.0355184691697412));
#2687=CARTESIAN_POINT('',(0.0526086909152589,-0.0222969663109851,0.0355184691697409));
#2688=CARTESIAN_POINT('',(0.053120463954023,-0.0222964808523064,0.0355243637478537));
#2689=CARTESIAN_POINT('',(0.0520968781661726,-0.0216998367027115,0.0354307239453165));
#2690=CARTESIAN_POINT('',(0.0529704581358377,-0.0216998367027116,0.0354307239453154));
#2691=CARTESIAN_POINT('',(0.053843827296519,-0.0216969403761793,0.0354489169869111));
#2692=CARTESIAN_POINT('',(0.0520968781661205,-0.020999758898475,0.0352577252097048));
#2693=CARTESIAN_POINT('',(0.0534044485679882,-0.0209997588984758,0.0352577252097021));
#2694=CARTESIAN_POINT('',(0.0547112779602227,-0.0209883422878662,0.0352994506603583));
#2695=CARTESIAN_POINT('',(0.0520968781660628,-0.0203144863930953,0.0350151757714976));
#2696=CARTESIAN_POINT('',(0.0538454906110917,-0.0203144863930971,0.0350151757714929));
#2697=CARTESIAN_POINT('',(0.0555923011452969,-0.0202859239717255,0.0350884608897904));
#2698=CARTESIAN_POINT('',(0.0520968781660066,-0.0196716877297406,0.0347138324077587));
#2699=CARTESIAN_POINT('',(0.0542812430249501,-0.0196716877297442,0.0347138324077516));
#2700=CARTESIAN_POINT('',(0.0564620680102648,-0.0196153941906476,0.0348239628468772));
#2701=CARTESIAN_POINT('',(0.0520968781659515,-0.0190689777580322,0.0343570199822379));
#2702=CARTESIAN_POINT('',(0.0547172160225944,-0.0190689777580384,0.0343570199822282));
#2703=CARTESIAN_POINT('',(0.0573314219240554,-0.0189723811055667,0.0345072516610474));
#2704=CARTESIAN_POINT('',(0.0520968781658909,-0.0185054605137024,0.0339443285109694));
#2705=CARTESIAN_POINT('',(0.0551588317215799,-0.0185054605137122,0.0339443285109571));
#2706=CARTESIAN_POINT('',(0.0582109815620675,-0.0183535117387693,0.0341357188172061));
#2707=CARTESIAN_POINT('',(0.0520968781658486,-0.0179937480494592,0.0334858608371201));
#2708=CARTESIAN_POINT('',(0.0556000072069219,-0.0179937480494736,0.0334858608371053));
#2709=CARTESIAN_POINT('',(0.0590884374885743,-0.0177706664100389,0.0337156356403985));
#2710=CARTESIAN_POINT('',(0.0520968781657367,-0.0175385154136816,0.0329887872117779));
#2711=CARTESIAN_POINT('',(0.0560382127527949,-0.0175385154137016,0.032988787211761));
#2712=CARTESIAN_POINT('',(0.059958599548671,-0.0172283312434319,0.033250218310203));
#2713=CARTESIAN_POINT('',(0.0520968781658902,-0.0171478905450865,0.0324669358547038));
#2714=CARTESIAN_POINT('',(0.0564639037009232,-0.0171478905451131,0.0324669358546856));
#2715=CARTESIAN_POINT('',(0.0608024229885268,-0.0167369732213932,0.0327486415205385));
#2716=CARTESIAN_POINT('',(0.0520968781650592,-0.0168228811025035,0.0319304788450325));
#2717=CARTESIAN_POINT('',(0.0568689845928146,-0.0168228811025372,0.031930478845014));
#2718=CARTESIAN_POINT('',(0.0616038885971503,-0.0163013805538104,0.0322169388785332));
#2719=CARTESIAN_POINT('',(0.0520968781679201,-0.0165597010474727,0.0313813202639398));
#2720=CARTESIAN_POINT('',(0.0572471045603119,-0.0165597010475141,0.0313813202639222));
#2721=CARTESIAN_POINT('',(0.0623505666417629,-0.0159221465966014,0.0316530750032789));
#2722=CARTESIAN_POINT('',(0.0520968781570105,-0.0163586071155403,0.0308252645498074));
#2723=CARTESIAN_POINT('',(0.0575814588597119,-0.0163586071155884,0.0308252645497922));
#2724=CARTESIAN_POINT('',(0.0630095622314198,-0.0156081878668392,0.0310589954931788));
#2725=CARTESIAN_POINT('',(0.0520968781975525,-0.0162215462677096,0.0302826598902571));
#2726=CARTESIAN_POINT('',(0.0578422321763071,-0.016221546267766,0.0302826598902459));
#2727=CARTESIAN_POINT('',(0.0635226619067669,-0.0153765973975693,0.0304557339109943));
#2728=CARTESIAN_POINT('',(0.0520968780460441,-0.0161407837341578,0.0297472051236875));
#2729=CARTESIAN_POINT('',(0.0580129591951372,-0.0161407837342101,0.0297472051236815));
#2730=CARTESIAN_POINT('',(0.0638581541558615,-0.0152309577832655,0.0298401875910173));
#2731=CARTESIAN_POINT('',(0.0520968784229904,-0.0161227847159981,0.0293885510374883));
#2732=CARTESIAN_POINT('',(0.0580534258333133,-0.0161227847160723,0.0293885510374863));
#2733=CARTESIAN_POINT('',(0.0639376196580058,-0.0151971949027461,0.0294194572485731));
#2734=CARTESIAN_POINT('',(0.0520968781655211,-0.016122784636532,0.02921));
#2735=CARTESIAN_POINT('',(0.0580534255467427,-0.016122784636592,0.02921));
#2736=CARTESIAN_POINT('',(0.0639376196588612,-0.0151971949026115,0.02921));
#2737=CARTESIAN_POINT('',(0.0639376196588609,-0.0151971949026116,0.02921));
#2738=CARTESIAN_POINT('',(0.0639376196588609,-0.0151971949026116,0.0295612158809622));
#2739=CARTESIAN_POINT('',(0.0637055308845896,-0.0152956639330476,0.0302310955773413));
#2740=CARTESIAN_POINT('',(0.0628550391515778,-0.0156750676246451,0.0312642474709899));
#2741=CARTESIAN_POINT('',(0.0615841461861749,-0.0162976888361367,0.032260348754019));
#2742=CARTESIAN_POINT('',(0.0600213680176626,-0.0171767401823152,0.0332346901835981));
#2743=CARTESIAN_POINT('',(0.0584317731534754,-0.0181900362591678,0.0340529993304597));
#2744=CARTESIAN_POINT('',(0.0568382070826407,-0.019321992948758,0.0347136431651185));
#2745=CARTESIAN_POINT('',(0.0547174891121379,-0.02095990977339,0.0353610130345831));
#2746=CARTESIAN_POINT('',(0.0531641105428743,-0.0222603078374022,0.03556));
#2747=CARTESIAN_POINT('',(0.0520968781662881,-0.0231477733711857,0.03556));
#2748=CARTESIAN_POINT('',(0.137118028532853,0.0566576114290217,0.01771142));
#2749=CARTESIAN_POINT('',(0.137118028532853,0.0566576114290217,0.02921));
#2750=CARTESIAN_POINT('',(0.137287467051917,0.0583004219521236,0.01771142));
#2751=CARTESIAN_POINT('',(0.137287467051917,0.0583004219521236,0.02921));
#2752=CARTESIAN_POINT('',(0.137407903180779,0.0598959210146894,0.01771142));
#2753=CARTESIAN_POINT('',(0.137407903180779,0.0598959210146894,0.02921));
#2754=CARTESIAN_POINT('',(0.137497155775659,0.0614627409548886,0.01771142));
#2755=CARTESIAN_POINT('',(0.137497155775659,0.0614627409548886,0.02921));
#2756=CARTESIAN_POINT('',(0.137497155775659,0.0614627409548886,0.02921));
#2757=CARTESIAN_POINT('',(0.137406279093409,0.0598674103312844,0.02921));
#2758=CARTESIAN_POINT('',(0.137284348046885,0.0582751564676419,0.02921));
#2759=CARTESIAN_POINT('',(0.13712105501044,0.0566870006081767,0.02921));
#2760=CARTESIAN_POINT('',(0.131008714276173,0.0318538084022441,0.01771142));
#2761=CARTESIAN_POINT('',(0.131008714276173,0.0318538084022441,0.02921));
#2762=CARTESIAN_POINT('',(0.131625029246216,0.0333727896733132,0.01771142));
#2763=CARTESIAN_POINT('',(0.131625029246216,0.0333727896733132,0.02921));
#2764=CARTESIAN_POINT('',(0.132202284597361,0.0349442949765851,0.01771142));
#2765=CARTESIAN_POINT('',(0.132202284597361,0.0349442949765851,0.02921));
#2766=CARTESIAN_POINT('',(0.132737830902907,0.0365441525032321,0.01771142));
#2767=CARTESIAN_POINT('',(0.132737830902907,0.0365441525032321,0.02921));
#2768=CARTESIAN_POINT('',(0.132728244113001,0.0365155298525927,0.02921));
#2769=CARTESIAN_POINT('',(0.132202445977321,0.0349465835620236,0.02921));
#2770=CARTESIAN_POINT('',(0.131632661282314,0.0333915997305979,0.02921));
#2771=CARTESIAN_POINT('',(0.131008714276173,0.0318538084022441,0.02921));
#2772=CARTESIAN_POINT('',(0.137497155775659,0.0614627409548886,0.02921));
#2773=CARTESIAN_POINT('',(0.137497155775659,0.0614627409548886,0.03556));
#2774=CARTESIAN_POINT('',(0.143836878171563,0.0611016039409052,0.03556));
#2775=CARTESIAN_POINT('',(0.137362206887991,0.0590937273884943,0.02921));
#2776=CARTESIAN_POINT('',(0.137362206888205,0.0590937273884503,0.0355599999999939));
#2777=CARTESIAN_POINT('',(0.143695086096504,0.0586124589331868,0.03556));
#2778=CARTESIAN_POINT('',(0.136958351295708,0.0544478202113106,0.02921));
#2779=CARTESIAN_POINT('',(0.136958351295567,0.0544478202113448,0.03556));
#2780=CARTESIAN_POINT('',(0.143264995852373,0.0536474697295282,0.03556));
#2781=CARTESIAN_POINT('',(0.13618091380296,0.0498684279459754,0.02921));
#2782=CARTESIAN_POINT('',(0.136180913803029,0.0498684279459509,0.0355600000000061));
#2783=CARTESIAN_POINT('',(0.142429467264142,0.0487276664924484,0.03556));
#2784=CARTESIAN_POINT('',(0.13570579327511,0.0475785799403814,0.02921));
#2785=CARTESIAN_POINT('',(0.13570579327511,0.0475785799403814,0.03556));
#2786=CARTESIAN_POINT('',(0.141923363880016,0.0462884963101447,0.03556));
#2787=CARTESIAN_POINT('',(0.143836878171563,0.0611016039409053,0.02921));
#2788=CARTESIAN_POINT('',(0.139152157342131,0.0487168094610587,0.0347004487171087));
#2789=CARTESIAN_POINT('',(0.139590496882292,0.0483583619973606,0.0349893085654282));
#2790=CARTESIAN_POINT('',(0.140504921168293,0.0476324396420521,0.0354190229970189));
#2791=CARTESIAN_POINT('',(0.141505864385332,0.0468236895457009,0.0355599999999994));
#2792=CARTESIAN_POINT('',(0.141941437321675,0.0463757900644023,0.03556));
#2793=CARTESIAN_POINT('',(0.135442020532126,0.0463471792436112,0.02921));
#2794=CARTESIAN_POINT('',(0.135442020532126,0.0463471792436112,0.03556));
#2795=CARTESIAN_POINT('',(0.141642532634,0.0449774531124043,0.03556));
#2796=CARTESIAN_POINT('',(0.134343979306593,0.0413765374838061,0.02921));
#2797=CARTESIAN_POINT('',(0.134343979306682,0.0413765374838068,0.03556));
#2798=CARTESIAN_POINT('',(0.140473969296995,0.039687570012335,0.03556));
#2799=CARTESIAN_POINT('',(0.132882916974555,0.0364730030274067,0.02921));
#2800=CARTESIAN_POINT('',(0.132882916974355,0.0364730030277155,0.0355600000000399));
#2801=CARTESIAN_POINT('',(0.138932194679647,0.0344926635928433,0.03556));
#2802=CARTESIAN_POINT('',(0.131008714276173,0.0318538084022441,0.02921));
#2803=CARTESIAN_POINT('',(0.131008714276173,0.0318538084022441,0.03556));
#2804=CARTESIAN_POINT('',(0.136892818155756,0.0294663785008065,0.03556));
#2805=CARTESIAN_POINT('',(0.136892818155757,0.0294663785008072,0.02921));
#2806=CARTESIAN_POINT('',(0.138341606637418,0.0439834716484439,0.0348093199598651));
#2807=CARTESIAN_POINT('',(0.138858260339084,0.044117090683262,0.0350615971377701));
#2808=CARTESIAN_POINT('',(0.139922329979338,0.0443794038806398,0.0354370651372152));
#2809=CARTESIAN_POINT('',(0.141078056543819,0.0446762118792289,0.03556));
#2810=CARTESIAN_POINT('',(0.141621580122974,0.0448828116753929,0.03556));
#2811=CARTESIAN_POINT('',(-5.9156561901726,0.321617482582156,0.0248550634992492));
#2812=CARTESIAN_POINT('',(0.170985763229749,0.0586454642358453,0.02921));
#2813=CARTESIAN_POINT('',(0.171045358718007,0.0600239914191472,0.02921));
#2814=CARTESIAN_POINT('',(0.171104355558204,0.0614025447998411,0.02921));
#2815=CARTESIAN_POINT('',(0.171163147537958,0.062781107145417,0.02921));
#2816=CARTESIAN_POINT('',(0.169393416378874,0.0301653099990383,0.02921));
#2817=CARTESIAN_POINT('',(0.169393416378874,0.0301653099990383,0.03556));
#2818=CARTESIAN_POINT('',(0.163071427349067,0.0307610907531854,0.03556));
#2819=CARTESIAN_POINT('',(0.169659034667989,0.0329838567517031,0.02921));
#2820=CARTESIAN_POINT('',(0.169659034666423,0.0329838567518486,0.03556));
#2821=CARTESIAN_POINT('',(0.163324339888914,0.0334448134142899,0.03556));
#2822=CARTESIAN_POINT('',(0.170018570731346,0.0384573485220884,0.02921));
#2823=CARTESIAN_POINT('',(0.170018570731981,0.0384573485220272,0.03556));
#2824=CARTESIAN_POINT('',(0.163679393048234,0.0388228829180673,0.03556));
#2825=CARTESIAN_POINT('',(0.170588497028975,0.0493026706254953,0.02921));
#2826=CARTESIAN_POINT('',(0.17058849702893,0.0493026706255104,0.03556));
#2827=CARTESIAN_POINT('',(0.164244549801331,0.0495886214310352,0.03556));
#2828=CARTESIAN_POINT('',(0.170933375549624,0.0573933822803883,0.02921));
#2829=CARTESIAN_POINT('',(0.170933375547942,0.0573933822804964,0.03556));
#2830=CARTESIAN_POINT('',(0.164589248695499,0.0576664403489419,0.03556));
#2831=CARTESIAN_POINT('',(0.171163147537959,0.062781107145417,0.02921));
#2832=CARTESIAN_POINT('',(0.171163147537959,0.062781107145417,0.03556));
#2833=CARTESIAN_POINT('',(0.164818914341412,0.0630516716438921,0.03556));
#2834=CARTESIAN_POINT('',(0.163071427349067,0.0307610907531854,0.02921));
#2835=CARTESIAN_POINT('',(0.164818914341412,0.0630516716438921,0.02921));
#2836=CARTESIAN_POINT('',(0.163792771322321,0.0411024814866245,0.03556));
#2837=CARTESIAN_POINT('',(0.164228039210201,0.0424509899148591,0.03556));
#2838=CARTESIAN_POINT('',(0.165062244149532,0.0451564218939991,0.0354931932284673));
#2839=CARTESIAN_POINT('',(0.165887880484408,0.0493462626213229,0.035336213511122));
#2840=CARTESIAN_POINT('',(0.16548638537329,0.053615965675334,0.0354885859675125));
#2841=CARTESIAN_POINT('',(0.164900786098807,0.0563882716127381,0.03556));
#2842=CARTESIAN_POINT('',(0.164591982138685,0.0577733737543505,0.03556));
#2843=CARTESIAN_POINT('',(0.0520968781662881,-0.064820921335371,0.));
#2844=CARTESIAN_POINT('',(0.0657753250559366,-0.064820921335371,0.0316778448216445));
#2845=CARTESIAN_POINT('',(0.0661473353967887,-0.064820921335371,0.031576229997059));
#2846=CARTESIAN_POINT('',(0.0668876415404074,-0.064820921335371,0.0313475376951746));
#2847=CARTESIAN_POINT('',(0.0679476532639197,-0.064820921335371,0.0308988333620682));
#2848=CARTESIAN_POINT('',(0.0689427944196018,-0.064820921335371,0.0302895282893215));
#2849=CARTESIAN_POINT('',(0.0694202122221049,-0.064820921335371,0.0296054269848978));
#2850=CARTESIAN_POINT('',(0.0694202122221049,-0.064820921335371,0.02921));
#2851=CARTESIAN_POINT('',(0.0657753250559366,-0.064820921335371,0.0316778448216445));
#2852=CARTESIAN_POINT('',(0.0520968781662881,-0.064820921335371,0.01778));
#2853=CARTESIAN_POINT('',(0.131008714276173,0.0318538084022441,0.02921));
#2854=CARTESIAN_POINT('',(0.131008714276173,0.0318538084022441,0.03556));
#2855=CARTESIAN_POINT('',(0.136892818155756,0.0294663785008065,0.03556));
#2856=CARTESIAN_POINT('',(0.130248270970812,0.0299796057709604,0.02921));
#2857=CARTESIAN_POINT('',(0.130248270971293,0.0299796057708656,0.0355600000000216));
#2858=CARTESIAN_POINT('',(0.136065356843373,0.0274270020490197,0.03556));
#2859=CARTESIAN_POINT('',(0.129010221570785,0.0272653004795993,0.02921));
#2860=CARTESIAN_POINT('',(0.129010221570676,0.0272653004796207,0.0355599999999951));
#2861=CARTESIAN_POINT('',(0.134706111253756,0.0244392968832042,0.03556));
#2862=CARTESIAN_POINT('',(0.127142940576343,0.0239505240170671,0.02921));
#2863=CARTESIAN_POINT('',(0.127142940576364,0.0239505240170631,0.0355600000000009));
#2864=CARTESIAN_POINT('',(0.132574001163831,0.0206494748138598,0.03556));
#2865=CARTESIAN_POINT('',(0.125612598716311,0.0216410428603132,0.02921));
#2866=CARTESIAN_POINT('',(0.125612598716305,0.0216410428603143,0.0355599999999998));
#2867=CARTESIAN_POINT('',(0.130772456734768,0.0179288886528219,0.03556));
#2868=CARTESIAN_POINT('',(0.123892253699304,0.0194279582731991,0.02921));
#2869=CARTESIAN_POINT('',(0.123892253699305,0.0194279582731988,0.0355600000000001));
#2870=CARTESIAN_POINT('',(0.128758475804515,0.0153396010251836,0.03556));
#2871=CARTESIAN_POINT('',(0.12196226843344,0.0172902312045056,0.02921));
#2872=CARTESIAN_POINT('',(0.12196226843344,0.0172902312045056,0.03556));
#2873=CARTESIAN_POINT('',(0.126528229829426,0.0128708684969324,0.03556));
#2874=CARTESIAN_POINT('',(0.119862303539836,0.0152439826453561,0.02921));
#2875=CARTESIAN_POINT('',(0.119862303539836,0.0152439826453561,0.03556));
#2876=CARTESIAN_POINT('',(0.124170697257827,0.0105760842940196,0.03556));
#2877=CARTESIAN_POINT('',(0.11758407880221,0.0132220442929468,0.02921));
#2878=CARTESIAN_POINT('',(0.11758407880221,0.0132220442929468,0.03556));
#2879=CARTESIAN_POINT('',(0.121718395681193,0.00840161812276762,0.03556));
#2880=CARTESIAN_POINT('',(0.115144137326201,0.0111677628815505,0.02921));
#2881=CARTESIAN_POINT('',(0.115144137326201,0.0111677628815505,0.03556));
#2882=CARTESIAN_POINT('',(0.119214911594168,0.00629408987009956,0.03556));
#2883=CARTESIAN_POINT('',(0.111702564873107,0.00824303041456476,0.02921));
#2884=CARTESIAN_POINT('',(0.111702564873107,0.00824303041456476,0.03556));
#2885=CARTESIAN_POINT('',(0.115889219679593,0.00346794485543895,0.03556));
#2886=CARTESIAN_POINT('',(0.107639086754275,0.00467273023278485,0.02921));
#2887=CARTESIAN_POINT('',(0.107639086754275,0.00467273023278487,0.03556));
#2888=CARTESIAN_POINT('',(0.111786887683678,-0.000135857485324132,0.03556));
#2889=CARTESIAN_POINT('',(0.102812900191044,0.000673967023931631,0.02921));
#2890=CARTESIAN_POINT('',(0.102812900191044,0.000673967023931628,0.03556));
#2891=CARTESIAN_POINT('',(0.106750615116946,-0.00431236819825686,0.03556));
#2892=CARTESIAN_POINT('',(0.0979269561935509,-0.00291271266198952,0.02921));
#2893=CARTESIAN_POINT('',(0.097926956193551,-0.00291271266198951,0.03556));
#2894=CARTESIAN_POINT('',(0.101478319971879,-0.00818720983983349,0.03556));
#2895=CARTESIAN_POINT('',(0.0928208807456325,-0.0059994073737147,0.02921));
#2896=CARTESIAN_POINT('',(0.0928208807456325,-0.00599940737371471,0.03556));
#2897=CARTESIAN_POINT('',(0.0958524741669139,-0.0115890379200078,0.03556));
#2898=CARTESIAN_POINT('',(0.087269920693966,-0.00872349756836887,0.02921));
#2899=CARTESIAN_POINT('',(0.087269920693966,-0.00872349756836885,0.03556));
#2900=CARTESIAN_POINT('',(0.0898345677860757,-0.0145393258047386,0.03556));
#2901=CARTESIAN_POINT('',(0.0815679009891494,-0.0109771986655646,0.02921));
#2902=CARTESIAN_POINT('',(0.0815679009891492,-0.0109771986655647,0.03556));
#2903=CARTESIAN_POINT('',(0.0836841287260804,-0.0169703818666851,0.03556));
#2904=CARTESIAN_POINT('',(0.0757412677196991,-0.0128021501862736,0.02921));
#2905=CARTESIAN_POINT('',(0.0757412677196993,-0.0128021501862734,0.03556));
#2906=CARTESIAN_POINT('',(0.0774182472820773,-0.0189323015689426,0.03556));
#2907=CARTESIAN_POINT('',(0.0697815304614628,-0.0142078135504564,0.02921));
#2908=CARTESIAN_POINT('',(0.0697815304614619,-0.0142078135504572,0.03556));
#2909=CARTESIAN_POINT('',(0.0710384135386927,-0.0204361376187885,0.03556));
#2910=CARTESIAN_POINT('',(0.0615622107203022,-0.0156502019993296,0.02921));
#2911=CARTESIAN_POINT('',(0.061562210720307,-0.0156502019993257,0.03556));
#2912=CARTESIAN_POINT('',(0.0624094575144412,-0.0219471410071078,0.03556));
#2913=CARTESIAN_POINT('',(0.055096823130527,-0.0163978110309958,0.02921));
#2914=CARTESIAN_POINT('',(0.0550968231305059,-0.0163978110310128,0.03556));
#2915=CARTESIAN_POINT('',(0.0558441365271577,-0.0227036831108349,0.03556));
#2916=CARTESIAN_POINT('',(0.050723572653693,-0.0169160880633841,0.02921));
#2917=CARTESIAN_POINT('',(0.050723572653693,-0.0169160880633841,0.03556));
#2918=CARTESIAN_POINT('',(0.0514708860503229,-0.0232219601432171,0.03556));
#2919=CARTESIAN_POINT('',(0.137757495237,0.0687714945513224,0.02921));
#2920=CARTESIAN_POINT('',(0.137757495237,0.0687714945513224,0.03556));
#2921=CARTESIAN_POINT('',(0.144105802625486,0.0686248886125247,0.03556));
#2922=CARTESIAN_POINT('',(0.137699869320402,0.0662761861408453,0.02921));
#2923=CARTESIAN_POINT('',(0.137699869321373,0.0662761861408138,0.03556));
#2924=CARTESIAN_POINT('',(0.144047865687975,0.0661161123823553,0.03556));
#2925=CARTESIAN_POINT('',(0.137633021800413,0.0638478547666155,0.02921));
#2926=CARTESIAN_POINT('',(0.137633021799958,0.0638478547666514,0.03556));
#2927=CARTESIAN_POINT('',(0.143979633891031,0.0636076656289652,0.03556));
#2928=CARTESIAN_POINT('',(0.137497155775659,0.0614627409548886,0.02921));
#2929=CARTESIAN_POINT('',(0.137497155775659,0.0614627409548886,0.03556));
#2930=CARTESIAN_POINT('',(0.143836878171563,0.0611016039409053,0.03556));
#2931=CARTESIAN_POINT('',(0.171163147537959,0.062781107145417,0.02921));
#2932=CARTESIAN_POINT('',(0.171163147537959,0.062781107145417,0.03556));
#2933=CARTESIAN_POINT('',(0.164818914341412,0.0630516716438921,0.03556));
#2934=CARTESIAN_POINT('',(0.171246126044716,0.0647267984690718,0.02921));
#2935=CARTESIAN_POINT('',(0.171246126044052,0.0647267984690947,0.03556));
#2936=CARTESIAN_POINT('',(0.164901854443003,0.0649964624544933,0.03556));
#2937=CARTESIAN_POINT('',(0.171328643015202,0.0666713719644546,0.02921));
#2938=CARTESIAN_POINT('',(0.171328643015353,0.0666713719644629,0.03556));
#2939=CARTESIAN_POINT('',(0.164984381318277,0.066941270890096,0.03556));
#2940=CARTESIAN_POINT('',(0.171411743302378,0.0686147727048991,0.02921));
#2941=CARTESIAN_POINT('',(0.171411743302378,0.0686147727048991,0.03556));
#2942=CARTESIAN_POINT('',(0.165067540645284,0.0688860523497685,0.03556));
#2943=CARTESIAN_POINT('',(0.163071427349067,0.0307610907531854,0.03556));
#2944=CARTESIAN_POINT('',(0.169393416378874,0.0301653099990383,0.03556));
#2945=CARTESIAN_POINT('',(0.169393416378874,0.0301653099990383,0.02921));
#2946=CARTESIAN_POINT('',(0.16292546477958,0.0292122428586071,0.03556));
#2947=CARTESIAN_POINT('',(0.169240120983865,0.0285386515296269,0.03556));
#2948=CARTESIAN_POINT('',(0.169240120983224,0.0285386515296793,0.02921));
#2949=CARTESIAN_POINT('',(0.162579846853646,0.0261260351819762,0.03556));
#2950=CARTESIAN_POINT('',(0.168870065714839,0.0252162087142641,0.03556));
#2951=CARTESIAN_POINT('',(0.168870065715137,0.0252162087142398,0.02921));
#2952=CARTESIAN_POINT('',(0.16173217642497,0.0215671896904311,0.03556));
#2953=CARTESIAN_POINT('',(0.167936101151191,0.0201989097162802,0.03556));
#2954=CARTESIAN_POINT('',(0.167936101151111,0.0201989097162867,0.02921));
#2955=CARTESIAN_POINT('',(0.160669347013688,0.0170543501364287,0.03556));
#2956=CARTESIAN_POINT('',(0.166828179819391,0.0155032959447129,0.03556));
#2957=CARTESIAN_POINT('',(0.166828179819412,0.0155032959447112,0.02921));
#2958=CARTESIAN_POINT('',(0.159416003523073,0.0125824145175545,0.03556));
#2959=CARTESIAN_POINT('',(0.165481228474191,0.0106855242936923,0.03556));
#2960=CARTESIAN_POINT('',(0.165481228474185,0.0106855242936928,0.02921));
#2961=CARTESIAN_POINT('',(0.157865199966554,0.00817362804299915,0.03556));
#2962=CARTESIAN_POINT('',(0.163775158694216,0.00583341360370622,0.03556));
#2963=CARTESIAN_POINT('',(0.163775158694217,0.00583341360370609,0.02921));
#2964=CARTESIAN_POINT('',(0.156283909163487,0.00467273436999383,0.03556));
#2965=CARTESIAN_POINT('',(0.161985401401136,0.00185147488974663,0.03556));
#2966=CARTESIAN_POINT('',(0.161985401401135,0.00185147488974665,0.02921));
#2967=CARTESIAN_POINT('',(0.154763796714964,0.00200894294753783,0.03556));
#2968=CARTESIAN_POINT('',(0.160158042804089,-0.00135278522061415,0.03556));
#2969=CARTESIAN_POINT('',(0.160158042804089,-0.00135278522061415,0.02921));
#2970=CARTESIAN_POINT('',(0.153042986137357,-0.00054099429091827,0.03556));
#2971=CARTESIAN_POINT('',(0.158104028296358,-0.00439363284523024,0.03556));
#2972=CARTESIAN_POINT('',(0.158104028296358,-0.00439363284523024,0.02921));
#2973=CARTESIAN_POINT('',(0.15055515933013,-0.00356301069261751,0.03556));
#2974=CARTESIAN_POINT('',(0.155259826593264,-0.00783740783749327,0.03556));
#2975=CARTESIAN_POINT('',(0.155259826593264,-0.00783740783749327,0.02921));
#2976=CARTESIAN_POINT('',(0.147304560450414,-0.00691198913186573,0.03556));
#2977=CARTESIAN_POINT('',(0.151748210614301,-0.0114499446534499,0.03556));
#2978=CARTESIAN_POINT('',(0.151748210614301,-0.0114499446534499,0.02921));
#2979=CARTESIAN_POINT('',(0.143930855579913,-0.0101260204391464,0.03556));
#2980=CARTESIAN_POINT('',(0.148273317180862,-0.0147590847456753,0.03556));
#2981=CARTESIAN_POINT('',(0.148273317180862,-0.0147590847456753,0.02921));
#2982=CARTESIAN_POINT('',(0.140547731362577,-0.0133304993481639,0.03556));
#2983=CARTESIAN_POINT('',(0.144960670195176,-0.0178969305029888,0.03556));
#2984=CARTESIAN_POINT('',(0.144960670195176,-0.0178969305029888,0.02921));
#2985=CARTESIAN_POINT('',(0.136111512423036,-0.0176833652213563,0.03556));
#2986=CARTESIAN_POINT('',(0.140603356523063,-0.0221721568991154,0.03556));
#2987=CARTESIAN_POINT('',(0.140603356523063,-0.0221721568991153,0.02921));
#2988=CARTESIAN_POINT('',(0.131738599189943,-0.022104443793401,0.03556));
#2989=CARTESIAN_POINT('',(0.136266156432019,-0.0265567875667751,0.03556));
#2990=CARTESIAN_POINT('',(0.13626615643202,-0.0265567875667751,0.02921));
#2991=CARTESIAN_POINT('',(0.127375718757251,-0.0265365520667129,0.03556));
#2992=CARTESIAN_POINT('',(0.131897187473179,-0.0309951584649884,0.03556));
#2993=CARTESIAN_POINT('',(0.131897187473179,-0.0309951584649884,0.02921));
#2994=CARTESIAN_POINT('',(0.123006790661477,-0.0309613096257657,0.03556));
#2995=CARTESIAN_POINT('',(0.127512548141883,-0.0354356201563463,0.03556));
#2996=CARTESIAN_POINT('',(0.127512548141883,-0.0354356201563463,0.02921));
#2997=CARTESIAN_POINT('',(0.117444813373731,-0.0363895597707518,0.03556));
#2998=CARTESIAN_POINT('',(0.121691608791549,-0.0411255751124787,0.03556));
#2999=CARTESIAN_POINT('',(0.121691608791549,-0.0411255751124787,0.02921));
#3000=CARTESIAN_POINT('',(0.111329004605508,-0.0411980052707262,0.03556));
#3001=CARTESIAN_POINT('',(0.115009344510534,-0.0463933534311112,0.03556));
#3002=CARTESIAN_POINT('',(0.115009344510534,-0.0463933534311112,0.02921));
#3003=CARTESIAN_POINT('',(0.105899476231176,-0.0445161227175749,0.03556));
#3004=CARTESIAN_POINT('',(0.108985797162199,-0.0500723469237767,0.03556));
#3005=CARTESIAN_POINT('',(0.108985797162199,-0.0500723469237767,0.02921));
#3006=CARTESIAN_POINT('',(0.101674695780478,-0.0466825566051623,0.03556));
#3007=CARTESIAN_POINT('',(0.104414212889326,-0.0524140971246312,0.03556));
#3008=CARTESIAN_POINT('',(0.104414212889326,-0.0524140971246312,0.02921));
#3009=CARTESIAN_POINT('',(0.0973787205003633,-0.048617297238833,0.03556));
#3010=CARTESIAN_POINT('',(0.099865380241043,-0.0544617869474633,0.03556));
#3011=CARTESIAN_POINT('',(0.099865380241043,-0.0544617869474633,0.02921));
#3012=CARTESIAN_POINT('',(0.0915678409724159,-0.0509720564761475,0.03556));
#3013=CARTESIAN_POINT('',(0.0937977810553703,-0.0569198053553174,0.03556));
#3014=CARTESIAN_POINT('',(0.0937977810553704,-0.0569198053553173,0.02921));
#3015=CARTESIAN_POINT('',(0.0841961149387278,-0.053605140782279,0.03556));
#3016=CARTESIAN_POINT('',(0.0862234137931381,-0.0596236545514587,0.0355600000000003));
#3017=CARTESIAN_POINT('',(0.0862234137931375,-0.0596236545514591,0.02921));
#3018=CARTESIAN_POINT('',(0.0752559529422181,-0.056499387188321,0.03556));
#3019=CARTESIAN_POINT('',(0.0771567611807119,-0.0625583413713114,0.035559999999999));
#3020=CARTESIAN_POINT('',(0.077156761180714,-0.0625583413713098,0.02921));
#3021=CARTESIAN_POINT('',(0.0662791276890708,-0.0592891915854645,0.03556));
#3022=CARTESIAN_POINT('',(0.0681653585909693,-0.0653525451607483,0.0355600000000036));
#3023=CARTESIAN_POINT('',(0.0681653585909615,-0.0653525451607544,0.02921));
#3024=CARTESIAN_POINT('',(0.0602968155623365,-0.0611554898266258,0.03556));
#3025=CARTESIAN_POINT('',(0.0621862858723484,-0.0672178657591598,0.0355599999999923));
#3026=CARTESIAN_POINT('',(0.0621862858723652,-0.0672178657591467,0.02921));
#3027=CARTESIAN_POINT('',(0.0573053797438308,-0.0620878353667488,0.03556));
#3028=CARTESIAN_POINT('',(0.0591948500538569,-0.0681502112992962,0.03556));
#3029=CARTESIAN_POINT('',(0.0591948500538569,-0.0681502112992962,0.02921));
#3030=CARTESIAN_POINT('',(0.0703129255027296,-0.0646850203208455,0.02921));
#3031=CARTESIAN_POINT('',(0.0703129255027296,-0.0646850203208455,0.0298547206571723));
#3032=CARTESIAN_POINT('',(0.0699137914838406,-0.0645909783018097,0.0311149979865721));
#3033=CARTESIAN_POINT('',(0.0686269581761644,-0.0642876463988457,0.0325372103476827));
#3034=CARTESIAN_POINT('',(0.0670954480581955,-0.0639266610661679,0.0335727490241152));
#3035=CARTESIAN_POINT('',(0.0648312928663073,-0.0633929801027056,0.034610953674415));
#3036=CARTESIAN_POINT('',(0.061861394190553,-0.0626929516532253,0.0353638160894454));
#3037=CARTESIAN_POINT('',(0.0593948803676915,-0.0621115742542509,0.0355599999999992));
#3038=CARTESIAN_POINT('',(0.0581617748887155,-0.0618209213353752,0.03556));
#3039=CARTESIAN_POINT('',(0.0703129255027299,-0.0646850203208454,0.02921));
#3040=CARTESIAN_POINT('',(0.0698769132171783,-0.064820921335371,0.02921));
#3041=CARTESIAN_POINT('',(0.0694202122221049,-0.064820921335371,0.02921));
#3042=CARTESIAN_POINT('',(0.0703129254556184,-0.0646850203355297,0.0297113802731727));
#3043=CARTESIAN_POINT('',(0.0698769131645051,-0.0648209213353649,0.0295956887631333));
#3044=CARTESIAN_POINT('',(0.0694202121705579,-0.064820921335371,0.0294745077031703));
#3045=CARTESIAN_POINT('',(0.0700740612990797,-0.0646287455729263,0.0306494264208236));
#3046=CARTESIAN_POINT('',(0.0696493124361718,-0.0648209213353738,0.0303219361187623));
#3047=CARTESIAN_POINT('',(0.0691989478121952,-0.064820921335371,0.0299693824424816));
#3048=CARTESIAN_POINT('',(0.0692193957519396,-0.0644272906304668,0.0319659286196686));
#3049=CARTESIAN_POINT('',(0.0688347174745775,-0.0648209213353693,0.0313631062065587));
#3050=CARTESIAN_POINT('',(0.0684070613060273,-0.064820921335371,0.0306639150985654));
#3051=CARTESIAN_POINT('',(0.0679614939745986,-0.0641307946771323,0.0330391088219476));
#3052=CARTESIAN_POINT('',(0.0676318715385627,-0.0648209213353716,0.0322545219792801));
#3053=CARTESIAN_POINT('',(0.0672415731780757,-0.064820921335371,0.0312300810320512));
#3054=CARTESIAN_POINT('',(0.0663675001296017,-0.0637550769245794,0.0339390540402636));
#3055=CARTESIAN_POINT('',(0.0661125926872999,-0.0648209213353709,0.0330642641895905));
#3056=CARTESIAN_POINT('',(0.0657646785021081,-0.064820921335371,0.0317048552810837));
#3057=CARTESIAN_POINT('',(0.0647448760087838,-0.0633726114588004,0.0345785287149302));
#3058=CARTESIAN_POINT('',(0.0645595682429524,-0.064820921335371,0.0337135546492764));
#3059=CARTESIAN_POINT('',(0.0642612583679816,-0.064820921335371,0.032042215936224));
#3060=CARTESIAN_POINT('',(0.0631133403583251,-0.0629880452931581,0.0350339136430066));
#3061=CARTESIAN_POINT('',(0.062989036455374,-0.0648209213353713,0.0342615532220944));
#3062=CARTESIAN_POINT('',(0.0627495809651029,-0.064820921335371,0.0322824583785904));
#3063=CARTESIAN_POINT('',(0.0609239903908558,-0.0624719978392284,0.0354438874075964));
#3064=CARTESIAN_POINT('',(0.0608297226161358,-0.0648209213353694,0.0349106440972077));
#3065=CARTESIAN_POINT('',(0.0607210683578877,-0.064820921335371,0.0324987437504835));
#3066=CARTESIAN_POINT('',(0.0592697267704007,-0.0620820745406595,0.0355599999999994));
#3067=CARTESIAN_POINT('',(0.0592235140097092,-0.0648209213353786,0.0353097395173285));
#3068=CARTESIAN_POINT('',(0.0591883327371164,-0.064820921335371,0.0325599999999145));
#3069=CARTESIAN_POINT('',(0.0581617748887133,-0.0618209213353738,0.03556));
#3070=CARTESIAN_POINT('',(0.0581617748887133,-0.064820921335371,0.0355599999999972));
#3071=CARTESIAN_POINT('',(0.0581617748887124,-0.064820921335371,0.03256));
#3072=CARTESIAN_POINT('',(0.0657753250559429,-0.064820921335371,0.0316778448216469));
#3073=CARTESIAN_POINT('',(0.064573802415536,-0.0648209213353754,0.0322335629851632));
#3074=CARTESIAN_POINT('',(0.0620617392833245,-0.0647678015354307,0.0330908124868535));
#3075=CARTESIAN_POINT('',(0.0594756973212663,-0.0646573967880378,0.0335481669989333));
#3076=CARTESIAN_POINT('',(0.058161774888716,-0.0646016481165689,0.0336858590357271));
#3077=CARTESIAN_POINT('',(0.0520968781662881,-0.071820921335371,0.01778));
#3078=CARTESIAN_POINT('',(0.0657753250559465,-0.071820921335371,0.0316778448216547));
#3079=CARTESIAN_POINT('',(0.0581617748887161,-0.0646016481165686,0.033685859035728));
#3080=CARTESIAN_POINT('',(0.0565570095329205,-0.0663074574409726,0.0294727297527));
#3081=CARTESIAN_POINT('',(0.0559846324755365,-0.0710900106060297,0.0296600406746324));
#3082=CARTESIAN_POINT('',(0.0595004480290468,-0.0646584469349143,0.0335455732714344));
#3083=CARTESIAN_POINT('',(0.0575000265954671,-0.0662233082517943,0.0291143619659556));
#3084=CARTESIAN_POINT('',(0.056900614400892,-0.0712793400277973,0.0293602847415489));
#3085=CARTESIAN_POINT('',(0.0620843238500143,-0.0647681436798022,0.0330814187909236));
#3086=CARTESIAN_POINT('',(0.0591991680754343,-0.0659296248376873,0.0281924152168103));
#3087=CARTESIAN_POINT('',(0.0586280420691943,-0.0716449958028385,0.0285663952804841));
#3088=CARTESIAN_POINT('',(0.0645575443982661,-0.0648209213353695,0.0322410825004729));
#3089=CARTESIAN_POINT('',(0.060369051246964,-0.0652595332962139,0.0271771059248148));
#3090=CARTESIAN_POINT('',(0.0601721570770532,-0.0718209213360235,0.0273708918260635));
#3091=CARTESIAN_POINT('',(0.0657753250559382,-0.064820921335371,0.03167784482165));
#3092=CARTESIAN_POINT('',(0.0608651133519683,-0.0648209213353801,0.0266888748856744));
#3093=CARTESIAN_POINT('',(0.0608651133519602,-0.071820921335371,0.0266888748856824));
#3094=CARTESIAN_POINT('',(0.164570860964897,0.0578679352237223,0.0355599499590196));
#3095=CARTESIAN_POINT('',(0.163836990972012,0.0574742845352337,0.0355571071019125));
#3096=CARTESIAN_POINT('',(0.163119731614553,0.0570899575725357,0.0357342113444404));
#3097=CARTESIAN_POINT('',(0.164868148005946,0.0565393869776882,0.0355613581680777));
#3098=CARTESIAN_POINT('',(0.164217201141011,0.0562138634305414,0.0355986778594727));
#3099=CARTESIAN_POINT('',(0.163587493331605,0.055889403880847,0.0357705996605798));
#3100=CARTESIAN_POINT('',(0.165297898840079,0.0545048975827883,0.0355152620784153));
#3101=CARTESIAN_POINT('',(0.164778327325093,0.054274510774656,0.0355894556220232));
#3102=CARTESIAN_POINT('',(0.164277185167368,0.054041638974874,0.0357432773760581));
#3103=CARTESIAN_POINT('',(0.165683940221279,0.0516420297021081,0.035414151533447));
#3104=CARTESIAN_POINT('',(0.165299755769685,0.0515468766969028,0.0354985160014722));
#3105=CARTESIAN_POINT('',(0.164926792526423,0.0514506426726864,0.0356227397657684));
#3106=CARTESIAN_POINT('',(0.165740625425182,0.0493120784174012,0.0353732312481893));
#3107=CARTESIAN_POINT('',(0.165402276473805,0.0493337329838727,0.0354571315574407));
#3108=CARTESIAN_POINT('',(0.165072632281302,0.0493550280045694,0.0355705283615787));
#3109=CARTESIAN_POINT('',(0.165442550905634,0.0470538432660208,0.0354198183919764));
#3110=CARTESIAN_POINT('',(0.165060275553153,0.0471928876267736,0.0355047139393457));
#3111=CARTESIAN_POINT('',(0.164689818582881,0.0473319157293715,0.0356317452535769));
#3112=CARTESIAN_POINT('',(0.16479110472818,0.0442703975819936,0.0355178108059641));
#3113=CARTESIAN_POINT('',(0.164283921750381,0.0445531320697519,0.0355917095295999));
#3114=CARTESIAN_POINT('',(0.163795900732355,0.0448364301784827,0.0357489643846602));
#3115=CARTESIAN_POINT('',(0.164179993391971,0.042298729582952,0.0355612798439367));
#3116=CARTESIAN_POINT('',(0.163551818526158,0.0426860048589712,0.0355981134404289));
#3117=CARTESIAN_POINT('',(0.162945094818853,0.0430698864875972,0.0357734604224921));
#3118=CARTESIAN_POINT('',(0.163763141834659,0.0410108122785889,0.0355599528392767));
#3119=CARTESIAN_POINT('',(0.163059621902601,0.041472145974872,0.0355571463973109));
#3120=CARTESIAN_POINT('',(0.162372340324079,0.0419224077276439,0.0357379372600782));
#3121=CARTESIAN_POINT('',(0.141631085716027,0.0442215694512062,0.03556));
#3122=CARTESIAN_POINT('',(0.139901158502562,0.0440809002006788,0.03556));
#3123=CARTESIAN_POINT('',(0.138341878472535,0.0439541071474919,0.0348083316478932));
#3124=CARTESIAN_POINT('',(0.141550215222128,0.0452161013381135,0.03556));
#3125=CARTESIAN_POINT('',(0.139860627272853,0.045418402159164,0.0355599999999971));
#3126=CARTESIAN_POINT('',(0.138324820842677,0.0456046353824063,0.0348644366853496));
#3127=CARTESIAN_POINT('',(0.141795683062443,0.0462079139028254,0.03556));
#3128=CARTESIAN_POINT('',(0.140137560626302,0.0467803806337135,0.0355600000000015));
#3129=CARTESIAN_POINT('',(0.138638007942172,0.0472926020424875,0.0348153267231478));
#3130=CARTESIAN_POINT('',(0.14226271059576,0.0470780085262853,0.03556));
#3131=CARTESIAN_POINT('',(0.140619157979668,0.047960193377864,0.03556));
#3132=CARTESIAN_POINT('',(0.139161448804581,0.0487426258595986,0.0346983743930183));
#3133=CARTESIAN_POINT('',(0.0520968781662881,-0.0405090507220264,0.02871));
#3134=CARTESIAN_POINT('',(0.158389570290491,0.08128,0.01778));
#3135=CARTESIAN_POINT('',(0.14695957029049,0.08128,0.01778));
#3136=CARTESIAN_POINT('',(0.14695957029049,0.08128,0.02901));
#3137=CARTESIAN_POINT('',(0.14695957029049,0.08128,0.00655));
#3138=CARTESIAN_POINT('',(0.158389570290491,0.08128,0.02901));
#3139=CARTESIAN_POINT('',(0.162199570290491,0.08128,0.02901));
#3140=CARTESIAN_POINT('',(0.162199570290491,0.08128,0.01778));
#3141=CARTESIAN_POINT('',(0.162199570290491,0.08128,0.00655));
#3142=CARTESIAN_POINT('',(0.158389570290491,0.08128,0.00655));
#3143=CARTESIAN_POINT('',(0.162199570290491,0.0778579560363293,0.01778));
#3144=CARTESIAN_POINT('',(0.162199570290491,0.0778579560363293,0.00655));
#3145=CARTESIAN_POINT('',(0.162199570290491,0.0778579560363293,0.02901));
#3146=CARTESIAN_POINT('',(0.0942411477548528,0.0790261962319224,0.00655));
#3147=CARTESIAN_POINT('',(0.14695957029049,0.0652227686369419,0.00655));
#3148=CARTESIAN_POINT('',(0.14695957029049,0.0652227686369419,0.01778));
#3149=CARTESIAN_POINT('',(0.14695957029049,0.0652227686369419,0.02901));
#3150=CARTESIAN_POINT('',(0.0942411477548528,0.0790261962319224,0.02901));
#3151=CARTESIAN_POINT('',(0.138942710049331,0.0345185799650035,0.02921));
#3152=CARTESIAN_POINT('',(0.138942710049331,0.0345185799650035,0.00635));
#3153=CARTESIAN_POINT('',(0.138566307774887,0.0335908919595838,0.02921));
#3154=CARTESIAN_POINT('',(0.138566307774887,0.0335908919595838,0.00635));
#3155=CARTESIAN_POINT('',(0.137810349622689,0.031738575327308,0.02921));
#3156=CARTESIAN_POINT('',(0.137810349622689,0.031738575327308,0.00635));
#3157=CARTESIAN_POINT('',(0.136323662144761,0.0280094670342484,0.02921));
#3158=CARTESIAN_POINT('',(0.136323662144761,0.0280094670342484,0.00635));
#3159=CARTESIAN_POINT('',(0.13427599736262,0.023528809085641,0.02921));
#3160=CARTESIAN_POINT('',(0.13427599736262,0.023528809085641,0.00635));
#3161=CARTESIAN_POINT('',(0.131345275375623,0.0186065971880942,0.02921));
#3162=CARTESIAN_POINT('',(0.131345275375623,0.0186065971880942,0.00635));
#3163=CARTESIAN_POINT('',(0.127008390063505,0.0131163122532751,0.02921));
#3164=CARTESIAN_POINT('',(0.127008390063505,0.0131163122532751,0.00634999999999999));
#3165=CARTESIAN_POINT('',(0.122418498515359,0.00896809410248688,0.02921));
#3166=CARTESIAN_POINT('',(0.122418498515359,0.00896809410248688,0.00635));
#3167=CARTESIAN_POINT('',(0.118620564586238,0.00579850174718137,0.02921));
#3168=CARTESIAN_POINT('',(0.118620564586238,0.00579850174718137,0.00635));
#3169=CARTESIAN_POINT('',(0.11648441176153,0.00396549478407085,0.02921));
#3170=CARTESIAN_POINT('',(0.11648441176153,0.00396549478407085,0.00634999999999998));
#3171=CARTESIAN_POINT('',(0.11426230365384,0.00203689496364873,0.02921));
#3172=CARTESIAN_POINT('',(0.11426230365384,0.00203689496364873,0.00635));
#3173=CARTESIAN_POINT('',(0.111360679085828,-0.000479613252757931,0.02921));
#3174=CARTESIAN_POINT('',(0.111360679085828,-0.000479613252757931,0.00635));
#3175=CARTESIAN_POINT('',(0.107632205662966,-0.00357761872700373,0.02921));
#3176=CARTESIAN_POINT('',(0.107632205662966,-0.00357761872700373,0.00634999999999999));
#3177=CARTESIAN_POINT('',(0.103630745878426,-0.00663898846227218,0.02921));
#3178=CARTESIAN_POINT('',(0.103630745878426,-0.00663898846227218,0.00635));
#3179=CARTESIAN_POINT('',(0.0992728477091213,-0.00956735292951536,0.02921));
#3180=CARTESIAN_POINT('',(0.0992728477091213,-0.00956735292951536,0.00635));
#3181=CARTESIAN_POINT('',(0.0946715513263373,-0.0121771619015471,0.02921));
#3182=CARTESIAN_POINT('',(0.0946715513263373,-0.0121771619015471,0.00634999999999999));
#3183=CARTESIAN_POINT('',(0.0883212973139883,-0.0152353336159419,0.02921));
#3184=CARTESIAN_POINT('',(0.0883212973139883,-0.0152353336159419,0.00635));
#3185=CARTESIAN_POINT('',(0.0833675675256561,-0.0170676237193563,0.02921));
#3186=CARTESIAN_POINT('',(0.0833675675256561,-0.0170676237193563,0.00634999999999999));
#3187=CARTESIAN_POINT('',(0.0800368782290551,-0.0180896759517378,0.02921));
#3188=CARTESIAN_POINT('',(0.0800368782290551,-0.0180896759517378,0.00634999999999999));
#3189=CARTESIAN_POINT('',(0.138942710049331,0.0345185799650034,0.02921));
#3190=CARTESIAN_POINT('',(0.138942710049331,0.0345185799650034,0.02921));
#3191=CARTESIAN_POINT('',(0.138942710049331,0.0345185799650034,0.00635));
#3192=CARTESIAN_POINT('',(0.138942710049331,0.0345185799650035,0.02921));
#3193=CARTESIAN_POINT('',(0.138259412751473,0.0328345128102712,0.02921));
#3194=CARTESIAN_POINT('',(0.137576115453615,0.0311504456555389,0.02921));
#3195=CARTESIAN_POINT('',(0.136892818155756,0.0294663785008065,0.02921));
#3196=CARTESIAN_POINT('',(0.13646620478374,0.0284149392958899,0.02921));
#3197=CARTESIAN_POINT('',(0.135573337763761,0.026345221922176,0.02921));
#3198=CARTESIAN_POINT('',(0.134353132603377,0.0238643927076125,0.02921));
#3199=CARTESIAN_POINT('',(0.133308864935196,0.0219571989606926,0.02921));
#3200=CARTESIAN_POINT('',(0.132489076779852,0.02056786420966,0.02921));
#3201=CARTESIAN_POINT('',(0.131631103274396,0.0192262862541158,0.02921));
#3202=CARTESIAN_POINT('',(0.130456969976462,0.0175299852265208,0.02921));
#3203=CARTESIAN_POINT('',(0.128934467460476,0.0155647983682819,0.02921));
#3204=CARTESIAN_POINT('',(0.126421178711587,0.012723605400198,0.02921));
#3205=CARTESIAN_POINT('',(0.123852509575815,0.0102762906001108,0.02921));
#3206=CARTESIAN_POINT('',(0.121638773347108,0.00834638688195394,0.02921));
#3207=CARTESIAN_POINT('',(0.120389394730919,0.00728240017242829,0.02921));
#3208=CARTESIAN_POINT('',(0.119461709066187,0.00649894704537611,0.02921));
#3209=CARTESIAN_POINT('',(0.118542506742373,0.00572350208043832,0.02921));
#3210=CARTESIAN_POINT('',(0.117638122095358,0.00495555751215569,0.02921));
#3211=CARTESIAN_POINT('',(0.116722654524971,0.00416922442823624,0.02921));
#3212=CARTESIAN_POINT('',(0.115479260628776,0.00309396917094012,0.02921));
#3213=CARTESIAN_POINT('',(0.113884663942194,0.00170805816492682,0.02921));
#3214=CARTESIAN_POINT('',(0.111900854202434,-3.69477490741424E-6,0.02921));
#3215=CARTESIAN_POINT('',(0.109841214119633,-0.00174470262029112,0.02921));
#3216=CARTESIAN_POINT('',(0.107698909867942,-0.00349564510202696,0.02921));
#3217=CARTESIAN_POINT('',(0.105466422420158,-0.00523687675488816,0.02921));
#3218=CARTESIAN_POINT('',(0.103135682943706,-0.00694816810523647,0.02921));
#3219=CARTESIAN_POINT('',(0.101104375925995,-0.00833234721966256,0.02921));
#3220=CARTESIAN_POINT('',(0.0994219516412188,-0.0094029440578434,0.02921));
#3221=CARTESIAN_POINT('',(0.0977185882940504,-0.0104370592230897,0.02921));
#3222=CARTESIAN_POINT('',(0.0955478725122304,-0.0116658145637108,0.02921));
#3223=CARTESIAN_POINT('',(0.0919990477358236,-0.0134959652307804,0.02921));
#3224=CARTESIAN_POINT('',(0.0874403219825932,-0.015533178146083,0.02921));
#3225=CARTESIAN_POINT('',(0.0827692131438378,-0.0172437141957404,0.02921));
#3226=CARTESIAN_POINT('',(0.0789963757873702,-0.0184188039628868,0.02921));
#3227=CARTESIAN_POINT('',(0.0761525531092651,-0.0192046455782534,0.02921));
#3228=CARTESIAN_POINT('',(0.073317360927534,-0.0198922235304639,0.02921));
#3229=CARTESIAN_POINT('',(0.0695608691020637,-0.0206923469964923,0.02921));
#3230=CARTESIAN_POINT('',(0.0667704841119789,-0.0211796633501932,0.02921));
#3231=CARTESIAN_POINT('',(0.0649243481165755,-0.0214700624247849,0.02921));
#3232=CARTESIAN_POINT('',(0.0800368781662881,-0.0180896759709985,0.02921));
#3233=CARTESIAN_POINT('',(0.0800368781662881,-0.0180896759709985,0.02921));
#3234=CARTESIAN_POINT('',(0.0800368781662881,-0.0180896759709985,0.00635));
#3235=CARTESIAN_POINT('',(0.138942710049331,0.0345185799650035,0.00635));
#3236=CARTESIAN_POINT('',(0.138259412751473,0.0328345128102712,0.00635));
#3237=CARTESIAN_POINT('',(0.137576115453615,0.0311504456555389,0.00635));
#3238=CARTESIAN_POINT('',(0.136892818155756,0.0294663785008065,0.00635));
#3239=CARTESIAN_POINT('',(0.13646620478374,0.0284149392958899,0.00635));
#3240=CARTESIAN_POINT('',(0.135573337763761,0.026345221922176,0.00635));
#3241=CARTESIAN_POINT('',(0.134353132603377,0.0238643927076125,0.00635));
#3242=CARTESIAN_POINT('',(0.133308864935196,0.0219571989606926,0.00635));
#3243=CARTESIAN_POINT('',(0.132489076779852,0.02056786420966,0.00635));
#3244=CARTESIAN_POINT('',(0.131631103274396,0.0192262862541158,0.00635));
#3245=CARTESIAN_POINT('',(0.130456969976462,0.0175299852265208,0.00635));
#3246=CARTESIAN_POINT('',(0.128934467460476,0.0155647983682819,0.00635));
#3247=CARTESIAN_POINT('',(0.126421178711587,0.012723605400198,0.00635));
#3248=CARTESIAN_POINT('',(0.123852509575815,0.0102762906001108,0.00635));
#3249=CARTESIAN_POINT('',(0.121638773347108,0.00834638688195394,0.00635));
#3250=CARTESIAN_POINT('',(0.120389394730919,0.00728240017242829,0.00635));
#3251=CARTESIAN_POINT('',(0.119461709066187,0.00649894704537611,0.00635));
#3252=CARTESIAN_POINT('',(0.118542506742373,0.00572350208043832,0.00635));
#3253=CARTESIAN_POINT('',(0.117638122095358,0.00495555751215569,0.00635));
#3254=CARTESIAN_POINT('',(0.116722654524971,0.00416922442823624,0.00635));
#3255=CARTESIAN_POINT('',(0.115479260628776,0.00309396917094012,0.00635));
#3256=CARTESIAN_POINT('',(0.113884663942194,0.00170805816492682,0.00635));
#3257=CARTESIAN_POINT('',(0.111900854202434,-3.69477490741424E-6,0.00635));
#3258=CARTESIAN_POINT('',(0.109841214119633,-0.00174470262029112,0.00635));
#3259=CARTESIAN_POINT('',(0.107698909867942,-0.00349564510202696,0.00635));
#3260=CARTESIAN_POINT('',(0.105466422420158,-0.00523687675488816,0.00635));
#3261=CARTESIAN_POINT('',(0.103135682943706,-0.00694816810523647,0.00635));
#3262=CARTESIAN_POINT('',(0.101104375925995,-0.00833234721966256,0.00635));
#3263=CARTESIAN_POINT('',(0.0994219516412188,-0.0094029440578434,0.00635));
#3264=CARTESIAN_POINT('',(0.0977185882940504,-0.0104370592230897,0.00635));
#3265=CARTESIAN_POINT('',(0.0955478725122304,-0.0116658145637108,0.00635));
#3266=CARTESIAN_POINT('',(0.0919990477358236,-0.0134959652307804,0.00635));
#3267=CARTESIAN_POINT('',(0.0874403219825932,-0.015533178146083,0.00635));
#3268=CARTESIAN_POINT('',(0.0827692131438378,-0.0172437141957404,0.00635));
#3269=CARTESIAN_POINT('',(0.0789963757873702,-0.0184188039628868,0.00635));
#3270=CARTESIAN_POINT('',(0.0761525531092651,-0.0192046455782534,0.00635));
#3271=CARTESIAN_POINT('',(0.073317360927534,-0.0198922235304639,0.00635));
#3272=CARTESIAN_POINT('',(0.0695608691020637,-0.0206923469964923,0.00635));
#3273=CARTESIAN_POINT('',(0.0667704841119789,-0.0211796633501932,0.00635));
#3274=CARTESIAN_POINT('',(0.0649243481165755,-0.0214700624247849,0.00635));
#3275=CARTESIAN_POINT('',(0.0800368781662881,-0.0656793827128547,0.01778));
#3276=CARTESIAN_POINT('',(0.0800368781662881,0.0445204488980223,0.02921));
#3277=CARTESIAN_POINT('',(0.0800368781662881,-0.0549422818926648,0.02921));
#3278=CARTESIAN_POINT('',(0.0800368781662881,-0.054942281892665,0.02921));
#3279=CARTESIAN_POINT('',(0.0800368781662881,-0.0549422818926648,0.00635));
#3280=CARTESIAN_POINT('',(0.0800368781662881,0.0445204488980223,0.00635));
#3281=CARTESIAN_POINT('',(0.0800368781662885,-0.0549422818926649,0.02921));
#3282=CARTESIAN_POINT('',(0.0800368781662885,-0.0549422818926649,0.00635));
#3283=CARTESIAN_POINT('',(0.0836717796740021,-0.053753416892164,0.02921));
#3284=CARTESIAN_POINT('',(0.0836717796740021,-0.053753416892164,0.00635));
#3285=CARTESIAN_POINT('',(0.0907459492004001,-0.0513333541964937,0.02921));
#3286=CARTESIAN_POINT('',(0.0907459492004001,-0.0513333541964937,0.00635));
#3287=CARTESIAN_POINT('',(0.0987227522744165,-0.0480964687463694,0.02921));
#3288=CARTESIAN_POINT('',(0.0987227522744165,-0.0480964687463694,0.00635));
#3289=CARTESIAN_POINT('',(0.104366640023167,-0.0453348850723902,0.02921));
#3290=CARTESIAN_POINT('',(0.104366640023167,-0.0453348850723902,0.00634999999999999));
#3291=CARTESIAN_POINT('',(0.10939312983462,-0.0424748303821427,0.02921));
#3292=CARTESIAN_POINT('',(0.10939312983462,-0.0424748303821427,0.00635));
#3293=CARTESIAN_POINT('',(0.114838757251323,-0.0385485997629236,0.02921));
#3294=CARTESIAN_POINT('',(0.114838757251323,-0.0385485997629236,0.00634999999999998));
#3295=CARTESIAN_POINT('',(0.119682095730814,-0.0342008180559684,0.02921));
#3296=CARTESIAN_POINT('',(0.119682095730814,-0.0342008180559684,0.00635));
#3297=CARTESIAN_POINT('',(0.123437993398325,-0.0305147620422778,0.02921));
#3298=CARTESIAN_POINT('',(0.123437993398325,-0.0305147620422778,0.00634999999999999));
#3299=CARTESIAN_POINT('',(0.127216944828023,-0.0267016908671911,0.02921));
#3300=CARTESIAN_POINT('',(0.127216944828023,-0.0267016908671911,0.00635));
#3301=CARTESIAN_POINT('',(0.131937276210134,-0.0218962417334654,0.02921));
#3302=CARTESIAN_POINT('',(0.131937276210134,-0.0218962417334654,0.00634999999999999));
#3303=CARTESIAN_POINT('',(0.136692841817813,-0.0171097014097293,0.02921));
#3304=CARTESIAN_POINT('',(0.136692841817813,-0.0171097014097293,0.00635));
#3305=CARTESIAN_POINT('',(0.140557386828993,-0.013325740961678,0.02921));
#3306=CARTESIAN_POINT('',(0.140557386828993,-0.013325740961678,0.00634999999999999));
#3307=CARTESIAN_POINT('',(0.144476299455402,-0.00960451147803878,0.02921));
#3308=CARTESIAN_POINT('',(0.144476299455402,-0.00960451147803878,0.00635));
#3309=CARTESIAN_POINT('',(0.149044934068808,-0.00526597825829526,0.02921));
#3310=CARTESIAN_POINT('',(0.149044934068808,-0.00526597825829526,0.00635));
#3311=CARTESIAN_POINT('',(0.152845144895807,-0.000897377042213533,0.02921));
#3312=CARTESIAN_POINT('',(0.152845144895807,-0.000897377042213533,0.00634999999999998));
#3313=CARTESIAN_POINT('',(0.155235927231655,0.00273413670140463,0.02921));
#3314=CARTESIAN_POINT('',(0.155235927231655,0.00273413670140463,0.00635000000000001));
#3315=CARTESIAN_POINT('',(0.156807283163963,0.00577441367923684,0.02921));
#3316=CARTESIAN_POINT('',(0.156807283163963,0.00577441367923684,0.00634999999999999));
#3317=CARTESIAN_POINT('',(0.158190297479804,0.00908288274211723,0.02921));
#3318=CARTESIAN_POINT('',(0.158190297479804,0.00908288274211723,0.00634999999999999));
#3319=CARTESIAN_POINT('',(0.159368734248679,0.0125026923663854,0.02921));
#3320=CARTESIAN_POINT('',(0.159368734248679,0.0125026923663854,0.00634999999999999));
#3321=CARTESIAN_POINT('',(0.160355573196853,0.015902822025767,0.02921));
#3322=CARTESIAN_POINT('',(0.160355573196853,0.015902822025767,0.00635));
#3323=CARTESIAN_POINT('',(0.161169219843637,0.019169087440073,0.02921));
#3324=CARTESIAN_POINT('',(0.161169219843637,0.019169087440073,0.00634999999999998));
#3325=CARTESIAN_POINT('',(0.161826639171733,0.0221218297460786,0.02921));
#3326=CARTESIAN_POINT('',(0.161826639171733,0.0221218297460786,0.00635));
#3327=CARTESIAN_POINT('',(0.162328537404753,0.0247758115698361,0.02921));
#3328=CARTESIAN_POINT('',(0.162328537404753,0.0247758115698361,0.00635));
#3329=CARTESIAN_POINT('',(0.162733032022028,0.0275133405193428,0.02921));
#3330=CARTESIAN_POINT('',(0.162733032022028,0.0275133405193428,0.00634999999999999));
#3331=CARTESIAN_POINT('',(0.162962203018554,0.0296020821506337,0.02921));
#3332=CARTESIAN_POINT('',(0.162962203018554,0.0296020821506337,0.00635));
#3333=CARTESIAN_POINT('',(0.163071427349068,0.0307610907531854,0.02921));
#3334=CARTESIAN_POINT('',(0.163071427349068,0.0307610907531854,0.00635));
#3335=CARTESIAN_POINT('',(0.0685461430313197,-0.0585844029142834,0.02921));
#3336=CARTESIAN_POINT('',(0.0725147890231074,-0.0573473585965665,0.02921));
#3337=CARTESIAN_POINT('',(0.0784434886128756,-0.0554949915381792,0.02921));
#3338=CARTESIAN_POINT('',(0.0860250218010302,-0.05294912246606,0.02921));
#3339=CARTESIAN_POINT('',(0.0915036269352409,-0.0509733106929546,0.02921));
#3340=CARTESIAN_POINT('',(0.0966779824854975,-0.0489228954075451,0.02921));
#3341=CARTESIAN_POINT('',(0.101477173730378,-0.0467845399719685,0.02921));
#3342=CARTESIAN_POINT('',(0.105106917945862,-0.0449220879632763,0.02921));
#3343=CARTESIAN_POINT('',(0.107746848057838,-0.0433869946629419,0.02921));
#3344=CARTESIAN_POINT('',(0.109633028999068,-0.0421936311692121,0.02921));
#3345=CARTESIAN_POINT('',(0.111434764629239,-0.0409620391734378,0.02921));
#3346=CARTESIAN_POINT('',(0.113740077462543,-0.0392695499456628,0.02921));
#3347=CARTESIAN_POINT('',(0.116466629669043,-0.0370623400828875,0.02921));
#3348=CARTESIAN_POINT('',(0.119571844106365,-0.0342760960033221,0.02921));
#3349=CARTESIAN_POINT('',(0.122085016147878,-0.0318497749520019,0.02921));
#3350=CARTESIAN_POINT('',(0.124086591094078,-0.0298569362278756,0.02921));
#3351=CARTESIAN_POINT('',(0.125596026342592,-0.0283363824910459,0.02921));
#3352=CARTESIAN_POINT('',(0.127106972885899,-0.0268079356969921,0.02921));
#3353=CARTESIAN_POINT('',(0.1291190732191,-0.0247666118233523,0.02921));
#3354=CARTESIAN_POINT('',(0.13163565958687,-0.0222098728846696,0.02921));
#3355=CARTESIAN_POINT('',(0.13466772062873,-0.0191462240883997,0.02921));
#3356=CARTESIAN_POINT('',(0.137213663519816,-0.0166067914250205,0.02921));
#3357=CARTESIAN_POINT('',(0.139267872306923,-0.0145893756179912,0.02921));
#3358=CARTESIAN_POINT('',(0.140817651068003,-0.013085327227253,0.02921));
#3359=CARTESIAN_POINT('',(0.142382125530761,-0.0115901909753602,0.02921));
#3360=CARTESIAN_POINT('',(0.143917169471046,-0.0101370480314022,0.02921));
#3361=CARTESIAN_POINT('',(0.145416445575332,-0.00871111496743919,0.02921));
#3362=CARTESIAN_POINT('',(0.147354122620873,-0.00683666900727705,0.02921));
#3363=CARTESIAN_POINT('',(0.149639404854106,-0.00452252594304224,0.02921));
#3364=CARTESIAN_POINT('',(0.151689943270532,-0.00219827526540037,0.02921));
#3365=CARTESIAN_POINT('',(0.153166971521459,-0.000303628499634526,0.02921));
#3366=CARTESIAN_POINT('',(0.154018641431068,0.00090151607625649,0.02921));
#3367=CARTESIAN_POINT('',(0.15465648948635,0.00188420542999257,0.02921));
#3368=CARTESIAN_POINT('',(0.155110815934374,0.00262858682097194,0.02921));
#3369=CARTESIAN_POINT('',(0.155551611627582,0.00339893735160473,0.02921));
#3370=CARTESIAN_POINT('',(0.156122331610893,0.00446007103018929,0.02921));
#3371=CARTESIAN_POINT('',(0.156801856805462,0.00584299567929179,0.02921));
#3372=CARTESIAN_POINT('',(0.157814096969744,0.00814996145124465,0.02921));
#3373=CARTESIAN_POINT('',(0.158935895417923,0.0111591564928779,0.02921));
#3374=CARTESIAN_POINT('',(0.160058325227558,0.0148083147199287,0.02921));
#3375=CARTESIAN_POINT('',(0.160746403167904,0.0174562827746852,0.02921));
#3376=CARTESIAN_POINT('',(0.161149042451332,0.0191372632271219,0.02921));
#3377=CARTESIAN_POINT('',(0.16133999006879,0.0199602719877676,0.02921));
#3378=CARTESIAN_POINT('',(0.161519554564742,0.0207570372248211,0.02921));
#3379=CARTESIAN_POINT('',(0.161742525931099,0.0217810827814265,0.02921));
#3380=CARTESIAN_POINT('',(0.161993538727484,0.0230073021831421,0.02921));
#3381=CARTESIAN_POINT('',(0.162345159538521,0.0249136583944302,0.02921));
#3382=CARTESIAN_POINT('',(0.162710179298566,0.0273172129312887,0.02921));
#3383=CARTESIAN_POINT('',(0.162955084700035,0.0295265477677599,0.02921));
#3384=CARTESIAN_POINT('',(0.163071427349067,0.0307610907531854,0.02921));
#3385=CARTESIAN_POINT('',(0.163071427349067,0.0307610907531854,0.02921));
#3386=CARTESIAN_POINT('',(0.163071427349067,0.0307610907531854,0.02921));
#3387=CARTESIAN_POINT('',(0.163071427349067,0.0307610907531854,0.00635));
#3388=CARTESIAN_POINT('',(0.0685461430313197,-0.0585844029142834,0.00635));
#3389=CARTESIAN_POINT('',(0.0725147890231074,-0.0573473585965665,0.00635));
#3390=CARTESIAN_POINT('',(0.0784434886128756,-0.0554949915381792,0.00635));
#3391=CARTESIAN_POINT('',(0.0860250218010302,-0.05294912246606,0.00635));
#3392=CARTESIAN_POINT('',(0.0915036269352409,-0.0509733106929546,0.00635));
#3393=CARTESIAN_POINT('',(0.0966779824854975,-0.0489228954075451,0.00635));
#3394=CARTESIAN_POINT('',(0.101477173730378,-0.0467845399719685,0.00635));
#3395=CARTESIAN_POINT('',(0.105106917945862,-0.0449220879632763,0.00635));
#3396=CARTESIAN_POINT('',(0.107746848057838,-0.0433869946629419,0.00635));
#3397=CARTESIAN_POINT('',(0.109633028999068,-0.0421936311692121,0.00635));
#3398=CARTESIAN_POINT('',(0.111434764629239,-0.0409620391734378,0.00635));
#3399=CARTESIAN_POINT('',(0.113740077462543,-0.0392695499456628,0.00635));
#3400=CARTESIAN_POINT('',(0.116466629669043,-0.0370623400828875,0.00635));
#3401=CARTESIAN_POINT('',(0.119571844106365,-0.0342760960033221,0.00635));
#3402=CARTESIAN_POINT('',(0.122085016147878,-0.0318497749520019,0.00635));
#3403=CARTESIAN_POINT('',(0.124086591094078,-0.0298569362278756,0.00635));
#3404=CARTESIAN_POINT('',(0.125596026342592,-0.0283363824910459,0.00635));
#3405=CARTESIAN_POINT('',(0.127106972885899,-0.0268079356969921,0.00635));
#3406=CARTESIAN_POINT('',(0.1291190732191,-0.0247666118233523,0.00635));
#3407=CARTESIAN_POINT('',(0.13163565958687,-0.0222098728846696,0.00635));
#3408=CARTESIAN_POINT('',(0.13466772062873,-0.0191462240883997,0.00635));
#3409=CARTESIAN_POINT('',(0.137213663519816,-0.0166067914250205,0.00635));
#3410=CARTESIAN_POINT('',(0.139267872306923,-0.0145893756179912,0.00635));
#3411=CARTESIAN_POINT('',(0.140817651068003,-0.013085327227253,0.00635));
#3412=CARTESIAN_POINT('',(0.142382125530761,-0.0115901909753602,0.00635));
#3413=CARTESIAN_POINT('',(0.143917169471046,-0.0101370480314022,0.00635));
#3414=CARTESIAN_POINT('',(0.145416445575332,-0.00871111496743919,0.00635));
#3415=CARTESIAN_POINT('',(0.147354122620873,-0.00683666900727705,0.00635));
#3416=CARTESIAN_POINT('',(0.149639404854106,-0.00452252594304224,0.00635));
#3417=CARTESIAN_POINT('',(0.151689943270532,-0.00219827526540037,0.00635));
#3418=CARTESIAN_POINT('',(0.153166971521459,-0.000303628499634526,0.00635));
#3419=CARTESIAN_POINT('',(0.154018641431068,0.00090151607625649,0.00635));
#3420=CARTESIAN_POINT('',(0.15465648948635,0.00188420542999257,0.00635));
#3421=CARTESIAN_POINT('',(0.155110815934374,0.00262858682097194,0.00635));
#3422=CARTESIAN_POINT('',(0.155551611627582,0.00339893735160473,0.00635));
#3423=CARTESIAN_POINT('',(0.156122331610893,0.00446007103018929,0.00635));
#3424=CARTESIAN_POINT('',(0.156801856805462,0.00584299567929179,0.00635));
#3425=CARTESIAN_POINT('',(0.157814096969744,0.00814996145124465,0.00635));
#3426=CARTESIAN_POINT('',(0.158935895417923,0.0111591564928779,0.00635));
#3427=CARTESIAN_POINT('',(0.160058325227558,0.0148083147199287,0.00635));
#3428=CARTESIAN_POINT('',(0.160746403167904,0.0174562827746852,0.00635));
#3429=CARTESIAN_POINT('',(0.161149042451332,0.0191372632271219,0.00635));
#3430=CARTESIAN_POINT('',(0.16133999006879,0.0199602719877676,0.00635));
#3431=CARTESIAN_POINT('',(0.161519554564742,0.0207570372248211,0.00635));
#3432=CARTESIAN_POINT('',(0.161742525931099,0.0217810827814265,0.00635));
#3433=CARTESIAN_POINT('',(0.161993538727484,0.0230073021831421,0.00635));
#3434=CARTESIAN_POINT('',(0.162345159538521,0.0249136583944302,0.00635));
#3435=CARTESIAN_POINT('',(0.162710179298566,0.0273172129312887,0.00635));
#3436=CARTESIAN_POINT('',(0.162955084700035,0.0295265477677599,0.00635));
#3437=CARTESIAN_POINT('',(0.163071427349067,0.0307610907531854,0.00635));
#3438=CARTESIAN_POINT('',(0.163071427349067,0.0307610907531854,0.02921));
#3439=CARTESIAN_POINT('',(0.163071427349067,0.0307610907531854,0.00635));
#3440=CARTESIAN_POINT('',(0.163175933873478,0.0318700374525651,0.02921));
#3441=CARTESIAN_POINT('',(0.163175933873478,0.0318700374525651,0.00635));
#3442=CARTESIAN_POINT('',(0.163325109369816,0.0337019081450949,0.02921));
#3443=CARTESIAN_POINT('',(0.163325109369816,0.0337019081450949,0.00635));
#3444=CARTESIAN_POINT('',(0.163521189686592,0.0365220080422847,0.02921));
#3445=CARTESIAN_POINT('',(0.163521189686592,0.0365220080422847,0.00635));
#3446=CARTESIAN_POINT('',(0.163619460025927,0.0379028605873235,0.02921));
#3447=CARTESIAN_POINT('',(0.163619460025927,0.0379028605873235,0.00635));
#3448=CARTESIAN_POINT('',(0.163668566422977,0.0385969365352874,0.02921));
#3449=CARTESIAN_POINT('',(0.163668566422977,0.0385969365352874,0.00635));
#3450=CARTESIAN_POINT('',(0.163071427349067,0.0307610907531854,0.02921));
#3451=CARTESIAN_POINT('',(0.163188178499842,0.0319999684599234,0.02921));
#3452=CARTESIAN_POINT('',(0.163298729675104,0.0333696177581618,0.02921));
#3453=CARTESIAN_POINT('',(0.163408449683461,0.0349204140573825,0.02921));
#3454=CARTESIAN_POINT('',(0.1634951552633,0.0361459215500175,0.02921));
#3455=CARTESIAN_POINT('',(0.163581860843138,0.0373714290426524,0.02921));
#3456=CARTESIAN_POINT('',(0.163668566422977,0.0385969365352874,0.02921));
#3457=CARTESIAN_POINT('',(0.163668566422977,0.0385969365352874,0.02921));
#3458=CARTESIAN_POINT('',(0.163668566422977,0.0385969365352874,0.02921));
#3459=CARTESIAN_POINT('',(0.163668566422977,0.0385969365352874,0.00635));
#3460=CARTESIAN_POINT('',(0.163071427349067,0.0307610907531854,0.00635));
#3461=CARTESIAN_POINT('',(0.163188178499842,0.0319999684599234,0.00635));
#3462=CARTESIAN_POINT('',(0.163298729675104,0.0333696177581618,0.00635));
#3463=CARTESIAN_POINT('',(0.163408449683461,0.0349204140573825,0.00635));
#3464=CARTESIAN_POINT('',(0.1634951552633,0.0361459215500175,0.00635));
#3465=CARTESIAN_POINT('',(0.163581860843138,0.0373714290426524,0.00635));
#3466=CARTESIAN_POINT('',(0.163668566422977,0.0385969365352874,0.00635));
#3467=CARTESIAN_POINT('',(0.052096878166288,0.0445204488980223,0.00635));
#3468=CARTESIAN_POINT('',(0.158389570290491,0.05588,0.00635));
#3469=CARTESIAN_POINT('',(0.143385389685884,0.05588,0.00635));
#3470=CARTESIAN_POINT('',(0.164490661150251,0.05588,0.00635));
#3471=CARTESIAN_POINT('',(0.141270125801218,0.0457093273380677,0.00635));
#3472=CARTESIAN_POINT('',(0.164188938855748,0.049536831273076,0.00635));
#3473=CARTESIAN_POINT('',(0.052096878166288,0.0445204488980223,0.02921));
#3474=CARTESIAN_POINT('',(0.141270125801218,0.0457093273380677,0.02921));
#3475=CARTESIAN_POINT('',(0.143385389685884,0.05588,0.02921));
#3476=CARTESIAN_POINT('',(0.158389570290491,0.05588,0.02921));
#3477=CARTESIAN_POINT('',(0.164490661150251,0.05588,0.02921));
#3478=CARTESIAN_POINT('',(0.164188938855748,0.049536831273076,0.02921));
#3479=CARTESIAN_POINT('',(0.141270125801218,0.0457093273380677,0.02921));
#3480=CARTESIAN_POINT('',(0.143385389685884,0.05588,0.02921));
#3481=CARTESIAN_POINT('',(0.164188938855748,0.049536831273076,0.02921));
#3482=CARTESIAN_POINT('',(0.164490661150251,0.05588,0.02921));
#3483=CARTESIAN_POINT('',(0.158389570290491,0.05588,0.01778));
#3484=MECHANICAL_DESIGN_GEOMETRIC_PRESENTATION_REPRESENTATION('',(#1197),
#3485);
#3485=(
GEOMETRIC_REPRESENTATION_CONTEXT(3)
GLOBAL_UNCERTAINTY_ASSIGNED_CONTEXT((#3486))
GLOBAL_UNIT_ASSIGNED_CONTEXT((#3489,#3488,#3487))
REPRESENTATION_CONTEXT('Horn Base 2','TOP_LEVEL_ASSEMBLY_PART')
);
#3486=UNCERTAINTY_MEASURE_WITH_UNIT(LENGTH_MEASURE(2.E-5),#3489,
'DISTANCE_ACCURACY_VALUE','Maximum Tolerance applied to model');
#3487=(
NAMED_UNIT(*)
SI_UNIT($,.STERADIAN.)
SOLID_ANGLE_UNIT()
);
#3488=(
NAMED_UNIT(*)
PLANE_ANGLE_UNIT()
SI_UNIT($,.RADIAN.)
);
#3489=(
LENGTH_UNIT()
NAMED_UNIT(*)
SI_UNIT($,.METRE.)
);
#3490=PRODUCT_DEFINITION_SHAPE('','',#3491);
#3491=PRODUCT_DEFINITION('','',#3493,#3492);
#3492=PRODUCT_DEFINITION_CONTEXT('',#3499,'design');
#3493=PRODUCT_DEFINITION_FORMATION_WITH_SPECIFIED_SOURCE('','',#3495,
 .NOT_KNOWN.);
#3494=PRODUCT_RELATED_PRODUCT_CATEGORY('','',(#3495));
#3495=PRODUCT('Horn Base 2','Horn Base 2','Horn Base 2',(#3497));
#3496=PRODUCT_CATEGORY('','');
#3497=PRODUCT_CONTEXT('',#3499,'mechanical');
#3498=APPLICATION_PROTOCOL_DEFINITION('international standard',
'ap242_managed_model_based_3d_engineering',2020,#3499);
#3499=APPLICATION_CONTEXT('managed model based 3d engineering');
ENDSEC;
END-ISO-10303-21;
